applicant,patent_count,sample_count,mainfocus
上海傅利叶智能科技股份有限公司,231,5,上海傅利叶智能科技股份有限公司专注于人形机器人的研发，主要研究方向包括高灵活性的连接组件与下肢结构设计、基于环境感知和数据分析的智能控制方法以及在辅助用药等特定场景下的应用。通过优化机械结构和智能算法，提升机器人在复杂环境中的适应性和功能性。
深圳市优必选科技股份有限公司,189,5,深圳市优必选科技股份有限公司专注于机器人技术领域，主要研究方向包括提高机器人关节校准精度与效率、优化姿态检测算法以增强平衡性和稳定性、开发智能控制方法使机器人能够适应复杂环境如非标准化楼梯的攀爬，并通过低成本视觉处理技术实现动作模仿功能。
广州里工实业有限公司,174,5,广州里工实业有限公司专注于人形机器人技术，主要研究方向包括双臂运动轨迹生成、行走稳定性控制、集群路径规划、充电控制方法以及仿生股骨设计。通过优化运动轨迹、提升行走稳定性和路径规划效率，同时改进充电过程和仿生结构，提高人形机器人的适应性和实用性。
深圳逐际动力科技有限公司,146,5,深圳逐际动力科技有限公司专注于双足机器人和人形机器人的腿部结构设计与运动控制技术，通过优化关节模组、提升抗冲击能力和扭矩控制精度，实现高效低能耗的运动性能。其研究重点在于提高机器人行走稳定性、降低控制难度，并增强结构的可维护性。
人形机器人(上海)有限公司,109,5,人形机器人(上海)有限公司专注于提高人形机器人的灵活性、控制精度和能效。其研究主攻方向包括优化灵巧手的控制算法以提升响应速度与精度，设计轻量化且高自由度的腰髋整合机构，以及开发紧凑型的手指组件来增强末端执行器的灵活性和易维护性。
智元创新(上海)科技股份有限公司,104,5,智元创新专注于多关节机器人技术的研发，包括高效散热的双电机模块设计、自动化绕线机技术改进、精确摩擦参数辨识与补偿方法、仿人机器人下肢装置优化及最小环集合确定方法，以提高机器人运动控制精度和适应性。
华中科技大学,74,5,华中科技大学在机器人领域主要研究方向包括类脑多模态情感识别、液压双足机器人结构设计、高集成度电机模块、伺服驱动系统拓扑优化以及人机协同遥操作与数据采集技术，重点提升机器人的情感交互能力、运动性能、动力效率及远程操控的实时性和安全性。
北京人形机器人创新中心有限公司,72,5,北京人形机器人创新中心有限公司专注于机器人一体化关节设计、运动控制算法优化及腿部机构轻量化。其核心技术包括高集成度的一体化关节，以提升传动精度和空间利用率；基于状态预测奖励的运动控制模型，增强控制稳定性；以及通过优化腿部结构和引入升降辅助装置，提高双足机器人的运动灵活性和任务执行成功率。
哈尔滨工业大学,68,5,哈尔滨工业大学在机器人领域主要研究方向包括仿人机器人的紧凑型头部结构设计、多指手柔性三维力触觉传感器及其检测系统、柔性关节机械臂的阻抗控制方法、内部走油的轮腿式仿人形机器人以及双足机器人整体式结构仿人足脚板系统，重点在于提高机器人的灵活性、适应性和感知能力。
江苏云幕智造科技有限公司,61,5,江苏云幕智造科技有限公司专注于人形机器人在复杂环境下的导航与交互技术，包括基于双目视觉和三维点云的环境感知、位置确认及地图重建，以及动态多障碍避障方法。此外，该公司还致力于通过深度学习提升人形机器人的情感识别与面部表情生成能力，增强人机交互体验。
浙江大学,59,5,浙江大学在机器人领域的研究主要集中在仿人机器人的设计与优化，包括柔性足部机构、可变焦仿人眼球结构及串并联混合腿部机构等关键部件的创新。同时，该校还致力于开发基于云端知识融合的感认知增强系统以及高精度人体轮廓拟合技术，以提升机器人在感知、认知和服务能力方面的表现。
南京天创智能科技股份有限公司,46,5,南京天创智能科技股份有限公司专注于大负载防爆人形机器人的设计与控制技术，包括多级齿轮Z型升降模块、双臂自适应力控操作方法及系统、避障路径规划算法和多级线性升降机构等，旨在提高机器人负载能力、灵活性、抗干扰能力和安全性。
乐聚智能(深圳)股份有限公司,46,5,乐聚智能专注于开发高灵活度的智能机器人及其人机交互技术，包括通过优化关节设计提升机器人动作流畅性与模仿能力，以及利用图形用户界面和积木式编程方法简化机器人控制代码生成过程，提高用户操作效率。
浙江人形机器人创新中心有限公司,43,5,浙江人形机器人创新中心有限公司专注于机器人柔性关节控制与驱动技术，包括刚度可调的驱动器机构和高效安全的控制方法。同时，该公司在基于逆向工程的装配作业编程、无人驾驶数据同步以及腿足机器人稠密高度地图构建方面也有深入研究，致力于提高机器人的适应性和工作效率。
北京理工大学,38,5,北京理工大学在仿人机器人领域主要研究方向包括足部冲击吸收与姿态检测、气动人工肌肉驱动的多自由度手臂、以及不平整地面行走的稳定控制方法。通过设计高效的足部结构和先进的控制算法，提高机器人在复杂环境下的适应性和稳定性。
山东大学,37,5,山东大学在机器人领域的研究主要集中在多机器人协同控制、自动化家居辅助设备、人机交互与运动模仿技术以及复杂地形下的移动机器人设计。特别关注于通过深度学习和视觉导航提高机器人的智能化水平及环境适应能力。
北京松延动力科技集团股份有限公司,37,5,北京松延动力科技集团股份有限公司专注于人形机器人的运动控制与导航避障技术，特别是在髋关节结构设计、自适应步态转换及基于深度信息的分层AI导航避障方法方面具有显著优势，推动了仿人机器人在复杂环境下的高效、自然和安全移动。
清华大学,35,5,清华大学在机器人领域主要研究方向包括人形机器人的结构设计与优化、双足机器人的下肢机构及行走方法、以及适用于多种场景的音频传感器和语音传输技术。通过创新材料应用、关节驱动方式改进、弹簧耦合机制等手段，提升机器人运动灵活性、稳定性及环境适应能力。
江淮前沿技术协同创新中心,35,5,江淮前沿技术协同创新中心专注于机器人领域的安全防护、自主运动规划与控制、高效关节模组设计以及多传感器融合标定技术。其研究重点在于提高人机交互安全性，优化机器人动作规划以降低能耗，开发紧凑高效的关节组件，并实现多种传感器的精准联合标定。
成都人形机器人创新中心有限公司,33,5,成都人形机器人创新中心有限公司专注于机器人技术领域，主要研究方向包括高效空间位置测量、自动开关门装置、增强越障能力的缓冲悬挂系统、紧凑型直线驱动装置以及高夹力柔性灵巧手。这些技术共同提升了机器人的自动化水平、环境适应能力和操作灵活性。
北京小米机器人技术有限公司,31,5,北京小米机器人技术有限公司专注于提高机器人的运动控制与稳定性，通过优化步态规划、精确位姿确定、地形检测及适应性运动轨迹生成等技术，增强机器人在复杂环境中的自主导航能力和安全性。
上海心符科技有限公司,30,5,上海心符科技有限公司专注于人形机器人技术，特别是在仿真皮肤和触觉关节的设计上，通过多层结构和温控系统实现高仿真的质感与温度感知。同时，该公司还致力于开发智能陪护系统及优化机器人本体设计，以提升机器人的交互体验和外观逼真度。
华南理工大学,29,5,华南理工大学在机器人领域主要研究人形机器人的实时动作模仿与姿态映射技术，通过深度摄像头和几何分析方法实现对人体上半身动作、姿态及转体位移的高精度模仿，并开发了相应的相似度评价体系。同时，在微燃烧器设计方面也有创新，提升了燃烧效率和热量回收利用。
北京航空航天大学,29,5,北京航空航天大学在机器人技术领域主要研究方向为仿人机器人的足部设计与控制，特别是开发具有多自由度和自适应能力的柔性足部系统以提高机器人在复杂地形中的行走稳定性。此外，还涉及无人飞行器的室内定位与环境建模技术以及基于网页控制的模块化软体机器人系统的创新。
帕西尼感知科技(深圳)有限公司,29,5,帕西尼感知科技(深圳)有限公司专注于机器人遥操作技术及机械手爪设计，主要研究方向包括提高多手指机械手爪的灵活性、优化多机协作过程中的显示控制与跟踪方法，以及开发能够模仿人类动作的模型训练系统，以增强遥操作任务的执行精度和效率。
钛虎机器人科技(上海)有限公司,28,5,钛虎机器人科技(上海)有限公司专注于人形机器人的设计与开发，重点研究高效、紧凑的关节模组和腿部机构。其核心技术包括集成化行星关节模组、凸极磁路永磁制动关节模组以及单定子双转子电机结构，通过优化结构设计和散热系统提升机器人关节的稳定性和使用寿命。
镜识科技(上海)有限公司,28,5,镜识科技(上海)有限公司主要研究方向为人形机器人的关节驱动机构和腿部组件，通过优化电机与齿轮箱的紧凑连接、引入缓冲垫减少冲击磨损以及设计仿人灵巧手，提高机器人运动稳定性、抗冲击性能和使用寿命。
北京工业大学,25,5,北京工业大学在机器人领域主要研究方向包括模仿学习机制、基于深度传感器的室内定向方法、融合人体运动学约束的双臂协作控制技术，以及高精度齿轮测量装置和能量回收与释放的减速器设计。这些研究旨在提高机器人的自主学习能力、环境感知精度、操作效率及机械结构性能。
燕山大学,25,5,燕山大学在机器人领域专注于开发仿生关节技术，特别是人形机器人的关键运动部件如腰、踝、肩和肘关节。其研究重点在于设计结构简单、承载能力强且响应速度快的关节装置，以实现多自由度的复杂运动模拟，从而提高机器人动作的真实性和灵活性。
上海开普勒机器人有限公司,25,5,上海开普勒机器人有限公司专注于人形机器人的智能控制与学习技术，包括精准抓取、模仿学习数据采集、逆运动学轨迹规划及遥操作等，旨在提高机器人动作的准确性、实时性和自然度。
帕西尼感知科技(张家港)有限公司,25,5,帕西尼感知科技专注于机械手爪设计与控制、人工智能模型训练及遥操作技术，通过优化关节结构和附着物配置提升机械手灵活性，利用条件约束下的模型训练方法提高机器人学习效率，并开发了姿态传感器标定技术以降低安装精度要求。
中国科学技术大学,24,5,中国科学技术大学在机器人领域主要研究基于视觉的机械臂系统校准与控制、强化学习算法优化及其在智能体控制中的应用，特别是在提升动作选择准确性、连续控制稳定性以及增强算法泛化能力方面有显著贡献。
上海交通大学,24,5,上海交通大学在机器人领域的研究主要集中在仿生视觉系统、多足机器人的运动控制与结构设计以及人形机械臂的集成与优化。通过创新性的机械设计和智能控制系统，实现了机器人在复杂环境下的高效稳定运行，特别是在动态平衡、灵活操作及远程交互方面展现了显著的技术优势。
陕西伟景机器人科技有限公司,24,5,陕西伟景机器人科技有限公司专注于机器人灵巧手控制、手臂及肩关节驱动装置、双足机器人的机械腿设计以及人形机器人的升降机构。其核心技术在于通过创新的机械结构和控制方法，实现机器人动作的精准控制与高效执行，同时优化了机器人的体积、重量和能耗。
同济大学,23,5,同济大学在机器人领域专注于开发先进的运动控制与规划技术，特别是在仿人机器人和双足机器人的动态步态生成、基于CPG的控制网络优化以及复杂环境下的动作执行可靠性方面取得了显著成果。
深圳市优必选科技有限公司,23,5,深圳市优必选科技有限公司主要研究方向集中在机器人技术领域，特别是人形机器人的关节驱动结构、伺服舵机设计及优化、脚部结构的灵活性提升以及头部结构的创新设计，以实现更高效、灵活和人性化的机器人产品。
复旦大学,23,5,复旦大学在机器人技术领域的研究主要集中在开发具有高度智能化和多功能性的家用服务机器人，包括拟人表情实现、听视觉协同定位、目标跟随与避障以及结合家庭保姆和医疗康复功能的综合型机器人设计。这些研究致力于提升机器人的交互能力、环境适应性和实用性。
武汉真友科技有限公司,23,5,武汉真友科技有限公司专注于机器人领域的多自由度驱动机构、仿生关节设计及姿态检测技术，特别在轻量化、高集成度的关节驱动与控制方面具有显著创新。其研究还涵盖了人工肌肉长度测量及双足机器人的平衡控制系统，致力于实现高效、紧凑且拟人化的机器人运动性能。
深圳赛博格机器人有限公司,23,5,深圳赛博格机器人有限公司专注于人形机器人的关节模组设计与优化，包括高精度的线性关节和旋转关节，以及提升机器人感知能力的传感器外参校准技术。此外，该公司还致力于开发能够实现复杂运动的机器人结构组件，如灵活的头颈和脚踝结构。
北京优必选智能机器人有限公司,22,5,北京优必选智能机器人有限公司专注于人形机器人的关节连接可靠性测试、灵活的腰部和腿部结构设计，以及增强机器人肢体动作的创新技术。通过优化舵机布局和电导线管理，提高机器人整体灵活性和耐用性。
中国科学院自动化研究所,22,5,中国科学院自动化研究所在机器人领域主要研究方向包括轮腿机器人的自稳定控制、高冗余度柔顺关节设计、基于循环神经网络的肌肉骨骼机器人运动控制，以及智能硬件协同控制方法。这些技术旨在提高机器人的稳定性、灵活性、运动学习效率和人机交互能力。
波士顿动力公司,22,5,波士顿动力公司专注于机器人领域的高精度运动控制与感知技术，包括先进的扭矩传感、混合动力驱动系统、姿态稳定算法及精确的位置测量和脚步接触检测方法，以实现机器人在复杂环境下的高效、稳定和自主操作。
南京集萃人形机器人科技有限公司,22,5,南京集萃人形机器人科技有限公司专注于足式机器人的液压驱动系统及电液协同控制技术，致力于提高机器人在复杂环境下的运动性能和适应性。同时，该公司还研究了先进的动力学参数辨识方法和全局路径规划算法，以增强机器人的智能化和灵活性。
上海临界点创新智能科技有限公司,22,5,上海临界点创新智能科技有限公司专注于机器人灵巧手技术的研发，主要致力于提高灵巧手的结构紧凑性、灵活性和运动精度。通过创新的驱动机构设计和传动方式优化，实现了手指多自由度的高效控制，并显著减小了灵巧手的整体尺寸。
北京动易人工智能科技有限公司,22,5,北京动易人工智能科技有限公司主要研究方向集中在人形机器人的设计与优化，特别是在关节驱动、手腕结构简化及高效散热技术方面。通过创新的机械结构和动力系统布局，提高机器人动作灵活性、仿人效果及运行稳定性。
广州小鹏汽车科技有限公司,22,5,广州小鹏汽车科技有限公司在机器人领域主要研究方向为机械腿结构设计与优化，通过创新的关节组件和直线执行器布局减少驱动件数量、降低结构复杂度并提高动态稳定性。同时，该公司还探索了新型电池形态以提升空间利用率，并开发基于无线信号的灵活控制方法。
索尼公司,21,5,索尼公司在机器人领域主要研究有腿移动式机器人的动作控制技术，包括在异常情况下通过优化跌倒动作减少损害以及实现快速稳定的模式转换。此外，还关注于开发能够高效响应用户操作意图的输入装置和信息处理方法，以增强人机交互体验。
西北工业大学,21,5,西北工业大学在机器人领域主要研究方向包括类人机器人的动作调试与控制、全向步行技术、柔性执行机构设计以及智能多用途人形机器人的开发。此外，还探索了基于深度强化学习的无人机自主机动策略生成方法，以提高无人机任务执行效率和自主性。
达闼机器人股份有限公司,21,5,达闼机器人股份有限公司专注于智能机器人的自主定位与地图构建、动态平衡控制及安全避障技术，通过优化机器人动力学模型和实时跟踪技术提升人机交互体验，确保机器人在复杂环境中稳定运行并有效避免碰撞。
北京通用人工智能研究院,21,5,北京通用人工智能研究院专注于智能体的高级行为优化与学习技术，包括灵巧手动作模仿、异步规划及基于残差学习的动作模型训练，同时在具身智能体系统教学方法和场景问答模型生成方面也有深入研究，旨在提升机器人在复杂任务中的动态适应能力和人机交互体验。
之江实验室,21,5,之江实验室专注于机器人技术的创新与优化，涵盖双足机器人的环境适应性增强、高集成度和低成本的模块化关节设计、自然情感语音合成方法、以及具备高度拟人化操作能力的机械手结构。此外，在人工智能领域，该实验室还致力于开发基于知识图谱的高效问答系统。
深圳众擎机器人科技股份有限公司,21,5,深圳众擎机器人科技股份有限公司专注于人形机器人的关节设计与运动控制技术，通过高度集成化和模块化的设计减少体积和重量，同时利用先进的控制算法提升机器人在真实场景中的行走及运动表现。
数字华夏(深圳)科技有限公司,21,5,数字华夏(深圳)科技有限公司专注于机器人控制与协同技术，包括多机联动、触觉感知唤醒、移动自组网络集群控制及仿生机器人语音与口型同步。其核心技术在于提高机器人的响应速度、交互体验和实时控制能力，特别是在私有部署环境下的数据处理和任务编排。
浙江工业大学,20,5,浙江工业大学在机器人领域主要研究方向包括：高效灵活的机械腿设计与驱动技术、智能服务机器人如自动送菜设备的应用开发、以及基于视觉和姿态估计的仿人形机器人操作方法。这些研究旨在提高机器人的运动性能、环境适应性和人机交互的安全性。
北京光年无限科技有限公司,20,5,北京光年无限科技有限公司专注于人形机器人上肢结构的创新设计，通过优化关节连接方式和旋转机制，实现更自然流畅的动作模拟。同时，在音乐数据处理方面，该公司开发了能够根据用户输入的多模态数据生成舞蹈动作输出模型的技术，提升了机器人在音乐伴舞方面的互动性和表现力。
科沃斯机器人股份有限公司,20,5,科沃斯机器人股份有限公司主要研究方向为自主移动设备的环境感知与理解技术，包括基于面阵激光传感器和结构光模组的高精度环境信息采集及处理方法，以及自移动设备在复杂作业环境中的智能决策与高效通信策略。
上海大学,20,5,上海大学在机器人领域的研究主要集中在仿人形机器人的设计与控制技术，包括高动态多模式运动系统、基于新型材料的轻便驱动关节、自然流畅的步态规划算法以及创新的人机交互方式。这些技术共同提升了机器人在复杂环境下的适应性和交互体验。
九光智能(北京)技术有限公司,20,5,九光智能(北京)技术有限公司专注于人形机器人的关节系统设计，特别是手腕、肘部和肩部的紧凑型、高精度、模块化结构。其核心技术包括快拆设计、增强的抗冲击能力、多自由度运动以及高效的传动机制，旨在提高机器人关节的负载能力、运动范围和整体可靠性。
苏州大学,20,5,苏州大学在机器人领域主要研究方向包括：开发多功能、适应复杂环境的移动机器人，如水陆两栖球形机器人；设计高精度、自供电的人机交互控制装置和三维力感知机械手指，以提升人机协作效率与安全性；研制结构紧凑、驱动性能优异的线性执行器及高灵敏度触觉定位传感器，用于增强机器人动作精度与环境感知能力。
腾讯科技(深圳)有限公司,20,5,腾讯科技(深圳)有限公司在机器人领域主要研究方向包括提高机器人对环境的感知与适应能力，增强机器人的稳定性和灵活性，以及开发具有高精度和可靠性的机械关节和控制方法。特别关注于通过先进的传感器技术和智能算法来优化机器人肢体的运动控制及交互体验。
浙江理工大学,19,5,浙江理工大学在人形机器人领域主要研究方向为仿生腿部及足部结构设计，通过创新的驱动方式、关节机构和传感器布局，提高机器人的动态响应能力、稳定性与仿生度。特别关注于降低惯量、优化力传感系统以及实现多自由度运动控制。
中国人民解放军国防科技大学,18,5,国防科技大学在机器人领域主要研究多机器人系统的协同作业与优化部署，包括基于深度学习的路径跟随、任务分配及资源调度方法，以及无人机中继通信与运动耗能联合优化技术，旨在提高系统效率和适应复杂环境的能力。
哈尔滨工程大学,18,5,哈尔滨工程大学在机器人领域的研究主攻方向集中在仿人机器人的体感控制、深度强化学习与图像处理技术在复杂环境导航中的应用，以及水陆两栖人形机器人的设计与姿态调节方法。这些技术提升了机器人在多场景下的适应性和操作灵活性。
吉林大学,18,5,吉林大学在机器人技术领域主要研究方向包括仿生驱动与控制、高柔顺性低能耗关节设计以及关节保护机制。具体涉及实时模仿人体动作的控制系统、提高双足机器人运动效率和灵活性的仿生踝关节、模拟生物蠕动前进方式的驱动装置，以及具备防护功能的关节模组。
中国科学院宁波材料技术与工程研究所,18,5,中国科学院宁波材料技术与工程研究所主要研究方向为人形机器人关节传动系统优化，包括行星减速器和反向式行星滚柱丝杆的设计改进以提高传动效率、减少间隙及噪音；同时开发了基于激光诱导石墨烯的柔性电极层制备技术。
北京银河通用机器人股份有限公司,18,5,北京银河通用机器人股份有限公司专注于机器人技术领域，主要研究方向包括提高机器人运动协调信息生成效率、设计高自由度和稳定性的手指结构及其控制方法、开发高效的遥操作技术和自动充电方法。这些技术共同提升了机器人的灵活性、操作精度和自主能力。
浙江强脑科技有限公司,18,5,浙江强脑科技有限公司专注于机器人关节和肢体的创新设计，特别是在提高关节负载承受能力和运动稳定性方面。通过引入阻尼器和差动结构等技术，有效分担冲击力、减少能耗并提升执行器寿命，确保机器人在复杂工况下的高效、安全及可靠运行。
软银机器人欧洲公司,17,5,软银机器人欧洲公司专注于开发具有高度自主性和交互能力的仿人形机器人，研究方向包括先进的运动控制算法、安全的人机交互设计、自然语言处理与对话管理技术以及基于环境感知的智能决策系统。
卧安科技(深圳)有限公司,17,5,卧安科技(深圳)有限公司专注于智能家居设备和具身机器人的智能化控制与优化，包括通过自动化训练提升设备自主决策能力、改进透明物体识别精度、增强定位稳定性及避障效果，以及优化行进路径规划以提高通行效率。
五八智能科技(杭州)有限公司,17,5,五八智能科技(杭州)有限公司专注于移动机器人在复杂环境下的高精度定位与导航技术，包括室内外重定位、动态环境下的稳定定位及位姿平滑处理。同时，该公司还致力于开发高效的自主充电系统和基于多模态融合的端到端机器人臂爪控制方法，以提升机器人的自主性和操作精度。
重庆大学,17,5,重庆大学在机器人技术领域的研究主要集中在智能感知与决策、高效人机交互及协作系统。通过开发先进的视觉和传感器融合技术提高环境适应能力，设计柔性驱动关节增强穿戴舒适度与安全性，并利用强化学习算法优化多机器人协同配送效率，同时探索将健康监测与治疗功能集成于服务机器人中以提升用户体验。
七腾机器人有限公司,17,5,七腾机器人有限公司专注于人形机器人的设计与优化，重点研究方向包括提高机器人行走稳定性、手部结构的快速更换机制、障碍物感知设备的防护及清洁、关节过载保护以及手臂旋转角度调节机构的集成润滑与密封技术。
安徽大学,16,5,安徽大学在机器人领域的研究主要集中在模块化可重组机器人设计、高效紧凑的机械臂与关节电机技术以及创新的电机转子结构。特别关注于通过优化电机和关节设计来提升机器人的灵活性、效率及散热性能，同时致力于开发更接近人体运动特性的仿生关节模组。
广东工业大学,16,5,广东工业大学在机器人领域主要研究方向包括：开发具有高适应性和稳定性的仿人机器人系统，涵盖关节设计、智能控制算法、视觉处理与避障技术；同时探索新材料在摩擦纳米发电机中的应用以提升其性能和功能多样性。
上海天太智动机器人有限公司,16,5,上海天太智动机器人有限公司专注于人形机器人的研发，特别是在拟人腰部结构和整体运动协调性方面。其核心技术包括通过多自由度的腰部组件实现高度调整与扭动模拟，以及基于视觉反馈的自适应抓取装置，以提高机器人在复杂环境中的适应性和操作精度。
柏奥尼克机器人(宁波)有限公司,16,5,柏奥尼克机器人(宁波)有限公司专注于机器人多执行器集成控制和高精度位置检测技术，通过优化驱动板设计、关节执行器结构及编码器装置布局，提升机器人手部和机械臂的集成度、稳定性和安全性，同时降低成本。
青岛征和工业股份有限公司,16,5,青岛征和工业股份有限公司专注于人形机器人灵巧手技术的研发，特别是在手指驱动与传动系统方面。其核心技术包括微型链传动、腱绳结合的驱动方式以及分层模块化设计，旨在提高机械手的灵活性、抓取精度和空间利用率，同时降低成本并增强功能扩展性。
深圳市盛泰奇科技有限公司,16,5,深圳市盛泰奇科技有限公司专注于人形机器人电机技术的研发，主要方向包括高精度推杆电机、大功率无框电机的固定结构、高功率密度低惯量永磁力矩电机以及高效散热和极限保护装置。这些技术旨在提高电机运行精度、降低能耗、增强固定效果和延长使用寿命。
厦门理工学院,15,5,厦门理工学院在机器人领域的研究主要集中在基于云平台的多机器人协作与交互、图像处理及障碍物识别、以及特定任务下的机器人运动规划，如国际象棋下棋、迷宫行走和爬楼梯等。这些技术共同提升了机器人的自主性和环境适应能力。
北京中联国成科技有限公司,15,5,北京中联国成科技有限公司专注于人形机器人的控制、感知与交互技术，包括基于ROS的运动控制与目标识别、神经网络模型驱动的情感设计、高效避障路径规划以及动作识别与模仿。这些技术共同提升了机器人在复杂环境中的自主导航、任务执行及人机互动能力。
北京星动纪元科技有限公司,15,5,北京星动纪元科技有限公司专注于人形机器人及其关键部件的研发，特别是在腿部结构设计、高效电机技术及减速输出机构方面具有显著创新。其研究致力于提升机器人的运动性能、动力效率与结构紧凑性，通过优化关节驱动模组和电机组件的设计来实现更轻量化、高扭矩输出的机器人系统。
上海征和机器人有限公司,15,5,上海征和机器人有限公司专注于人形机器人灵巧手技术的研发，主要通过创新的驱动布局方案、微型链传动系统及多自由度设计，实现手指动作的高精度控制与灵活性提升，同时注重装置的小型化与成本优化。
上海心浪科技集团有限公司,15,5,上海心浪科技集团有限公司专注于仿生机器人技术领域，特别是在仿真人形机器人的颈部和脊柱结构设计方面。其核心技术包括轻量化、空心化和网状支撑结构，以及多自由度的柔顺运动和协同减震系统，旨在实现更灵活、稳定和拟人化的机器人运动。
鹿明机器人科技(深圳)有限公司,15,5,鹿明机器人科技(深圳)有限公司专注于人形机器人的设计与控制技术，包括高效灵活的关节传动系统、基于无线架构的传感器数据采集方法、实时惯性动捕与强化学习的全身控制方法，以及群体舞蹈控制系统的开发。这些技术共同提升了机器人运动的自由度、稳定性和协同性。
中国科学院沈阳自动化研究所,15,5,中国科学院沈阳自动化研究所在机器人领域主要研究方向为开发柔性关节和弹性元件，以提高机器人的灵活性和交互安全性，同时探索具有被动柔顺特性的下肢结构设计来增强双足行走稳定性，并通过虚拟现实技术实现对人形机器人的直观遥操作控制。
富士胶片商业创新有限公司,14,5,富士胶片商业创新有限公司主要研究方向集中在信息处理设备和系统，特别是涉及可移动物体的位置显示控制、多个人工智能协同处理以及机器人装置的远程操作权限管理。这些技术共同支持了更高效、智能的自动化与交互式应用场景。
宇树科技股份有限公司,14,5,宇树科技专注于足式机器人的运动控制与人机交互技术，研发了能够变转速比的腿部结构以提高机器人在不同状态下的灵活性和效率，同时通过动捕设备和数字孪生技术实现自然的人机协作及复杂环境下的精准动作执行。此外，还开发了沉浸式遥操作系统，增强远程操作的直观性和精度。
东北大学,14,5,东北大学在机器人领域的研究主要集中在模块化可重构多功能教育机器人、智能下棋机器人、多自由度混合驱动人工肌肉、融合脑肌电与单目视觉的仿人机器人实时控制以及基于自适应MPC的安全跟踪控制方法，涵盖了从基础教学实验平台到高级仿生驱动和复杂环境下的安全控制技术。
南京神源生智能科技有限公司,14,5,南京神源生智能科技有限公司专注于人形机器人仿生足系统的研究，重点开发具备六维力感知与控制、地形适应能力及刚度调节的仿生足结构。通过融合多点力传感器数据和动态反馈机制，提升机器人在复杂地形下的步态稳定性和行走效率。
浙江华震机器人传动有限公司,14,5,浙江华震机器人传动有限公司专注于人形机器人关节用紧凑型高精度摆线减速器的研发，通过集成无框力矩电机和优化摆线轮齿廓设计，实现高扭矩密度、高刚度和长寿命的关节模组，特别适用于空间受限且对性能要求高的应用场景。
宁波科星材料科技有限公司,14,5,宁波科星材料科技有限公司专注于人形机器人用电机的优化设计，主要研究方向包括提升电机散热效率、增强电机拆装便捷性、改进减震结构以提高运行平稳性和延长使用寿命，以及增强电机密封性能。
合肥工业大学,13,5,合肥工业大学在机器人领域主要研究方向包括基于神经网络和强化学习的步态规划、高精度触觉摩擦测试、以及高效避障与高性能关节模组设计，旨在提升机器人运动控制精度、环境适应能力和人机交互体验。
南京理工大学,13,5,南京理工大学在机器人领域主要研究方向包括柔性多臂气动夹持器、高效紧凑的电机与减速器一体化设计、抗长时遮挡的行人跟随方法以及高集成度和高性能的直线关节和丝杠副技术。这些技术旨在提高机器人的操作灵活性、运动精度及环境适应性。
三星电子株式会社,13,5,三星电子株式会社在机器人领域的研究主要集中在人形机器人的设计与控制上，包括提高其行走稳定性、手部灵活性以及通过可穿戴设备实现动作教学。此外，还涉及多工具模块化机器人系统的研究，以增强操作灵活性和任务执行能力。
川崎重工业株式会社,13,5,川崎重工业株式会社在机器人领域主要研究方向包括高效节能的液压驱动技术、优化设计以减少能耗的机器人关节构造、以及提高操作便捷性和安全性的机器人控制与训练系统。
合肥综合性国家科学中心人工智能研究院(安徽省人工智能实验室),13,5,该单位主要研究方向为开发具有高度仿生特性和自主操作能力的人形机器人，包括集成多模态传感器的双臂机器手、自动挂摘接地线的控制方法、腿部自主运动规划以及适用于居家养老和健康服务的智能轮式人形机器人。
浙江灵巧智能科技有限公司,13,5,浙江灵巧智能科技有限公司专注于机器人灵巧手及外骨骼技术的研发，主要研究方向包括高自由度、轻量化、模块化的手指结构设计与驱动方法，以及用于远程操作和人体运动姿态测量的外骨骼系统。
北京中科慧灵机器人技术有限公司,13,5,北京中科慧灵机器人技术有限公司专注于人形机器人的运动控制与结构设计，包括基于图像和状态信息的运动模型训练、并联脚踝结构的通用控制方法、仿生大腿和小腿结构设计以及在扰动环境下的动作生成技术，以提升机器人运动的稳定性和适应性。
北京因时机器人科技有限公司,12,5,北京因时机器人科技有限公司专注于手语翻译技术和机械灵巧手的研发。在手语翻译方面，通过视频识别和文本翻译模型实现跨语种交流；在机械灵巧手方面，设计了多种变胞机构和驱动方式，提升机械手指的自由度、灵活性和抓握能力，以适应不同物体的抓取需求。
北京精密机电控制设备研究所,12,5,北京精密机电控制设备研究所主要研究方向为高精度多自由度机械臂及其控制方法、智能外骨骼康复系统、以及精密传动机构如行星滚柱丝杠的设计与优化，重点在于提高系统的控制精度、智能化水平和承载性能。
索尼集团公司,12,5,索尼集团公司的研究主攻方向集中在利用传感器和用户交互技术，提升虚拟现实及增强现实体验的自然性和沉浸感，特别是在眼动追踪、手势识别、情绪估计以及环境感知反馈等方面的技术创新。
上海开普勒探索机器人有限公司,12,5,上海开普勒探索机器人有限公司专注于人形机器人的关节控制与视觉处理技术，通过神经网络优化逆运动学求解和关节角度控制，提高关节运动的精确度和效率；同时，利用多相机系统进行图像矫正与拼接，生成高精度的3D地图，增强机器人的环境感知能力。
南方科技大学,12,5,南方科技大学在机器人领域主要研究方向为开发多功能、高适应性的智能机器人，包括多方向转动的仿人机器人、过约束两栖机器人及其运动装置、水下外肢体应用以及基于环境感知与用户活动识别的交互式机器人。这些技术旨在提升机器人的灵活性、自主性和交互能力，以适应更广泛的应用场景。
梁勇智,12,5,梁勇智的研究主攻方向集中在人形机器人的关键结构设计与优化，特别是在提高机器人关节的灵活性、手掌及手指的精细操作能力以及外壳散热性能方面。通过创新性的机械结构和材料应用，实现更加仿生且高效的机器人运动功能。
深圳市长盈精密技术股份有限公司,12,5,深圳市长盈精密技术股份有限公司主要研究方向为人形机器人的关节结构设计与动作协调控制，通过创新的弹性连接组件和基于力矩、触觉感知的智能控制方法，提升机器人在复杂环境下的适应性和操作精度，增强其抗冲击能力和抓取稳定性。
惠州市倍加宝机器人有限公司,12,5,惠州市倍加宝机器人有限公司专注于人形机器人的运动规划、多模态感知与理解、知识增强决策以及自动化标定技术，通过融合实时环境感知、多模态指令解析和强化学习等方法，提升机器人在复杂动态环境中的自主决策能力和操作精度。
中兵智能创新研究院有限公司,12,5,中兵智能创新研究院有限公司专注于仿生机器人技术，特别是在提高机器人运动灵活性和适应性方面。其研究重点包括设计高效且空间利用率高的仿生腰部结构、具备良好路面适应性的足端设计、以及增强移动和作业能力的轮足式人形机器人。此外，还致力于开发具有高灵巧度和自适应抓取能力的电驱动仿人灵巧手及模块化七轴机械臂，以提升机器人的多功能性和操作精度。
南京埃斯顿酷卓科技有限公司,12,5,南京埃斯顿酷卓科技有限公司专注于人形机器人的模块化设计与优化，特别是在声源定位、小臂和头部总成的视觉辅助及结构稳定性、腰胯组件的驱动效率以及下肢分体模块的灵活性和多地形适应性方面具有显著创新。
深圳市长盈机器人有限公司,12,5,深圳市长盈机器人有限公司主要研究方向为人形机器人的关节结构设计与动作协调控制技术，通过创新的肩关节结构提升抗冲击能力和可维护性，同时利用基于关节力矩和触觉感知的智能控制方法优化机器人的动作协调性和抓取精度。
浙江禾川人形机器人有限公司,11,5,浙江禾川人形机器人有限公司专注于人形机器人的核心部件创新，包括高效电机设计、高精度线性执行器、灵巧手结构及紧凑型头部和胸腔布局。这些技术共同提升了机器人在运动控制、抓取能力、空间利用效率以及维护便利性方面的性能。
中国第一汽车股份有限公司,11,5,中国第一汽车股份有限公司在机器人技术领域主要研究方向包括车载人机交互系统、多模态感知与模仿学习、机械臂精准控制以及基于本地大模型的意图识别，旨在提升机器人在车辆环境中的交互体验和操作精度。
四川具身人形机器人科技有限公司,11,5,四川具身人形机器人科技有限公司专注于机器人任务分配与控制技术，通过改进遗传算法优化多机器人多任务分配，结合卡尔曼滤波和最大相关熵理论提升目标追踪精度及人体骨架序列构建能力。此外，该公司还致力于基于时空单元的任务规划以及利用扩散策略跳步采样技术实现高效、灵活的机器人控制。
东南大学,11,5,东南大学在机器人领域主要研究方向包括柔性电子通信与感知技术、仿人皮肤传感器及制备方法、空中姿态可调的跑跳式人形机器人及其控制方法，以及具有足轮转换和身高调节功能的人形机器人机构。这些研究致力于提高机器人的环境适应性、感知能力和运动灵活性。
三门通顺铆钉有限公司,11,5,三门通顺铆钉有限公司专注于仿生服务型人形机器人的感知与交互技术，重点研发高效的数据处理系统、多感官集成结构及故障自修复机制，以提升机器人对外界环境的响应速度和适应能力。
科大讯飞股份有限公司,11,5,科大讯飞在机器人领域的研究主要集中在通过强化学习和深度学习技术优化机器人的运动控制与环境感知能力，包括提高机器人在复杂地形中的适应性、增强障碍物状态预测的准确性以及实现更精细的地图构建与分区。
中国移动通信集团有限公司,11,5,中国移动通信集团有限公司在机器人领域主要研究方向包括：基于用户属性和多模态数据的人工智能设备交互控制技术，以及提高机械臂和人形机器人跟随功能的自然性和鲁棒性的方法。这些技术旨在提升用户体验、增强交互的个性化与拟人化程度，并优化机器人运动控制的可靠性和效率。
北京大学,11,5,北京大学在机器人领域的研究主要集中在路径规划与导航、多模态感知与信息处理、高精度力传感技术以及基于视觉的智能解析与场景理解，通过开发高效算法和集成传感器系统提升机器人在复杂环境中的自主操作能力和智能化水平。
阿瑞斯动力系统(成都)有限公司,11,5,阿瑞斯动力系统(成都)有限公司专注于人形机器人在复杂环境下的自适应控制与应用，特别是在矿山复绿、机械臂结构优化及集群调度方面。其核心技术包括基于机器学习的视觉识别与动作控制、地形适应性生态恢复系统以及高效的步态控制方法，旨在提高作业效率和稳定性。
深圳市越疆科技股份有限公司,11,5,深圳市越疆科技股份有限公司主要研究方向为机械臂系统的模型训练方法与控制技术，通过神经网络模型提高机械臂的自主作业能力和效率，同时在机器人结构设计上注重散热和紧凑布局以提升整体性能。
广东天太机器人有限公司,11,5,广东天太机器人有限公司专注于人形机器人的关节设计与控制技术，包括创新的头部、髋部和中空关节结构，以及基于强化学习的控制系统。其研究重点在于提高关节灵活性、减少空间占用、优化电机驱动效率，并通过智能算法增强机器人动作的协调性和稳定性。
杭州辉影机器人有限公司,11,5,杭州辉影机器人有限公司专注于工业场景下轮足人形机器人的感知、导航与控制技术，通过多传感器融合、抗电磁干扰设计、动态路径规划和智能紧固件识别等方法，提升机器人在复杂环境中的感知精度、导航灵活性和运行稳定性，确保高效、安全的作业能力。
国华(青岛)智能装备有限公司,11,5,国华(青岛)智能装备有限公司专注于人形机器人关节技术的研发，包括高效稳定的旋转和直线运动组件、高精度的行星滚柱丝杠应用、关节寿命监测与维护策略以及装配和多维负载测试方法，旨在提升人形机器人的运动性能、可靠性和使用寿命。
深圳市科盟创新机器人科技有限公司,11,5,深圳市科盟创新机器人科技有限公司专注于机器人核心部件的创新与优化，特别是在精密减速器和关节模组的设计、测试及性能评估方面。其研究重点包括提高减速器的加工精度与稳定性、开发智能化测试系统以实现高效准确的性能监测，并通过改进结构设计增强散热能力，从而提升机器人整体运动精度与使用寿命。
无锡智动力机器人有限公司,11,5,无锡智动力机器人有限公司专注于机器人感知、控制与测试技术，特别是在视觉与力觉融合的高精度定位与装配、频域运动分析、碰撞检测及关节模组动力学参数测试等方面具有显著优势。
本田技研工业株式会社,10,5,本田技研工业株式会社专注于开发具有高稳定性和作业能力的双脚行走机器人，通过优化上体结构、精确检测地面反作用力及改进臂部构造来提升机器人的平衡性和动作连贯性。同时，该公司还致力于构建智能服务系统以增强机器人在日常生活中的应用价值。
丰田自动车株式会社,10,5,丰田自动车株式会社在机器人领域的研究主要集中在智能控制和人机交互技术上，包括基于用户状态的机器人行为调整、任务执行时间优化及标记识别等，以提高机器人的自主性和安全性。
上海卓益得机器人有限公司,10,5,上海卓益得机器人有限公司专注于双足人形机器人的研发，重点在于优化行走传动结构和腰部关节设计以提高运动灵活性与效率，同时开发面部表情模仿技术增强交互体验。
戴盟(深圳)机器人科技有限公司,10,5,戴盟(深圳)机器人科技有限公司专注于人形机器人的远程操作与控制技术，通过开发外骨骼装置和穿戴式设备实现高效精准的机器人示教与操控。同时，该公司还致力于优化机器人结构设计，提升其灵活性、稳定性和作业范围，特别是在腿部和腰部结构上的创新，以适应复杂多变的工作环境。
中国科学院深圳先进技术研究院,10,5,中国科学院深圳先进技术研究院在机器人领域主要研究方向包括高精度柔性传感器制备、基于人体动作实时模仿的机器人控制技术、以及无手眼标定的抓取学习方法，旨在提升机器人的感知能力、运动灵活性与自主操作性能。
电子科技大学,10,5,电子科技大学在机器人领域主要研究方向包括多传感器融合的智能感知与导航、基于认知地图的机械臂控制技术、仿生假肢及外骨骼设计、人机安全交互策略以及第一视角场景解析方法，重点在于提高机器人系统的环境适应性、安全性、交互性和智能化水平。
万境千寻(北京)科技有限公司,10,5,万境千寻(北京)科技有限公司专注于人形机器人关节控制与遥操作技术，主要研究方向包括关节阻抗控制、柔顺性能测试、基于动作捕捉的遥操作算法、一体化伺服驱动器及关节模组设计。这些技术旨在提升机器人在复杂任务中的适应性和安全性，同时简化系统结构和提高集成度。
北京深谋科技有限公司,10,5,北京深谋科技有限公司专注于机器人技术，特别是在步态规划与强化学习、人形机器人腿部机构设计、多维力测量系统的信号解耦、情感语音交互以及基于视觉伺服的精细操作等方面。通过这些技术，该公司致力于提升机器人的运动稳定性、环境适应能力、交互体验和操作精度。
湖南大学,10,5,湖南大学在人形机器人领域专注于仿生结构设计与运动控制技术，包括仿人脚掌、小腿、髋关节及大腿组件的开发，以及混联柔顺双臂机器人的研究。同时，该校还致力于提升机器人在复杂环境下的抓取能力，通过构建稀疏视角三维高斯语言场来增强其对自然语言指令的理解和执行精度。
杭州良质关节科技有限公司,10,5,杭州良质关节科技有限公司专注于人形机器人用谐波减速器的研发，主要技术方向包括双钢轮结构、高转矩密度轻量化设计、模块化装配工艺、腿部动力机构优化及双外圈防脱高速重载设计，旨在提升谐波减速器的性能、可靠性和使用寿命。
扬州大学,10,5,扬州大学在机器人领域的研究主要集中在开发基于不同结构和材料的人体半规管实体模型，利用压电材料和液体芯技术实现高精度的角加速度测量。这些模型通过结合刚性管道、柔性弹性体和多种压电材料杆或球体，模拟人体半规管的功能，以提高传感器的灵敏度和准确性。
中国北方车辆研究所,10,5,中国北方车辆研究所在机器人领域专注于足式机器人的性能测试与优化、高功率密度电动直线驱动机构的设计以及人形机器人腿部四连杆机构的优化。通过创新的数据采集装置和评价方法提升足式机器人的稳定性，同时开发高效紧凑的电动驱动系统以增强机器人运动能力，并利用优化算法改进人形机器人的机械结构设计。
江苏智慧工场技术研究院有限公司,10,5,江苏智慧工场技术研究院有限公司专注于人形机器人在复杂环境下的自主导航与控制技术，通过多传感器融合、智能路径规划、动态环境预测及缺陷互补等方法，提升机器人的定位精度、动作连续性和安全性，实现智能化、安全化的远程操控和自主导航。
深圳美丽魔方机器人有限公司,10,5,深圳美丽魔方机器人有限公司专注于人形机器人的关节设计与控制技术，包括关节零点标定、高精度关节模组以及防撞摔倒结构。同时，该公司在机器人运动控制方面也有深入研究，通过深度学习和强化学习方法提升机器人在复杂环境中的自主运动能力和稳定性。
上海矩阵超智系统集成有限公司,10,5,上海矩阵超智系统集成有限公司专注于人形机器人的关节结构设计与运动控制技术，通过创新的万向节和多自由度组件实现紧凑、高精度的腰部、腕部及颈部运动，并开发了先进的机器人动作合成与关节位置控制方法，以提高机器人拟人化程度和交互能力。
张若飞,10,5,张若飞的研究主攻方向集中在仿真人形机器人的轻量化和结构优化，特别是在胸腔和盆腔等关键部位的空心化设计，通过网格状支撑结构、仿生肋骨单元及弹性组件等技术手段，在保证结构强度的同时实现极致轻量化，提升机器人运动性能和续航能力。
江苏金智人形机器人科技有限公司,10,5,江苏金智人形机器人科技有限公司专注于人形机器人的高效通信、紧凑型关节设计、多模态感知与学习以及底盘自锁控制技术，致力于提高机器人在复杂环境下的灵活性、安全性和自主操作能力。
株式会社万代,9,5,株式会社万代专注于开发具有高可动性和灵活组装性的玩具和模型，特别是在人形玩具的关节设计上，通过创新的连接构造和可动部件，实现了更广泛的姿态调整能力和更真实的动作再现。
中山大学,9,5,中山大学在机器人领域的研究主要集中在柔性机器人动力学迭代学习控制、多模态手势识别、六自由度轮足机器人运动控制、仿生多关节系统动态控制以及基于分布式光纤传感的交互安全感知技术，通过融合先进控制算法与感知技术提升机器人的适应性、鲁棒性和安全性。
太原理工大学,9,5,太原理工大学在机器人领域主要研究方向包括基于人工智能的仿人动作规划、高效驱动关节设计、主动安全防护机制以及多模态移动与变形技术，旨在提升机器人动作多样性、动力性能、安全性及环境适应能力。
桂林凯歌信息科技有限公司,9,5,桂林凯歌信息科技有限公司专注于开发具有防摔保护和姿态校准功能的人形机器人及其控制方法，通过集成倾角传感器、角速度传感器、加速度传感器等技术实现对机器人运动状态的实时监测与智能调整，确保机器人在遇到碰撞或异常情况时能够自动采取保护措施，减少损坏风险。
武汉大学,9,5,武汉大学在机器人领域的研究主要集中在提高机器人的感知与控制能力，包括语音信号处理、触觉传感器设计、载体速度估计以及步态控制方法。特别关注于通过先进算法和传感器技术增强机器人在复杂环境中的适应性和稳定性。
北京伟景智能科技有限公司,9,5,北京伟景智能科技有限公司专注于基于立体视觉的机器人技术，包括手眼协同操作、自主导航和环境感知。同时，该公司在人形机器人的安全控制、自主充电及加油等实用功能方面也有显著研究，致力于提高机器人在复杂环境中的自主性和安全性。
上海图灵智造机器人股份有限公司,9,5,上海图灵智造机器人股份有限公司主要研究方向为人形机器人的三维视觉抓取、仿真环境构建与验证、复杂工业场景下的导航及运动控制技术，通过高精度建模和算法优化提升机器人在动态环境中的适应性和任务执行能力。
北京有竹居网络技术有限公司,9,5,北京有竹居网络技术有限公司专注于机器人领域的高自由度关节设计与控制技术，特别是仿生双臂、多轴旋转关节及自润滑球关节的研发，致力于提升机器人运动的灵活性和精确性。
无锡优奇智能科技有限公司,9,5,无锡优奇智能科技有限公司主要研究方向为人形机器人的视觉方案验证、上肢模组设计及机器人控制方法，旨在提升机器人在多场景下的适应性、鲁棒性和安全性，通过优化视觉感知、运动执行和结构设计实现高效灵活的机器人系统。
谷歌有限责任公司,9,5,谷歌在机器人领域主要研究方向集中在利用机器学习技术，特别是强化学习和模仿学习，来提高机器人执行任务的能力。通过开发从模拟到现实的迁移学习方法、分层强化学习策略以及自然语言处理技术，使机器人能够更高效地理解和响应人类指令，同时增强其在复杂环境中的适应性和自主性。
北京航空航天大学杭州创新研究院,9,5,北京航空航天大学杭州创新研究院主要研究方向为机器人与人体交互技术，包括基于肌力信号的上肢动作识别、人体手臂阻抗测量及建模、机器人力位混合控制方法、陌生人脸识别系统以及复合机器人目标跟随方法。这些技术旨在提高机器人在复杂任务中的适应性和人机交互效率。
苏州乐享智能科技有限公司,9,5,苏州乐享智能科技有限公司专注于人形机器人与移动载具的对接和协同控制技术，通过创新的机械锁定与电气连接一体化设计，实现机器人对无源移动车的稳固搭载、直接供电与精准控制，同时提升机器人上车技术和与轮式载具的协同效果。
昆仑之数(成都)科技有限公司,9,5,昆仑之数(成都)科技有限公司专注于人形机器人的运动学解算和高精度地图构建技术。在运动学方面，该公司开发了针对2-RSS-1U和2-SPS-1U并联机构的正逆运动学解算方法，提升了机器人关节控制的稳定性和准确性。在地图构建方面，结合多源传感器数据与语义信息，通过融合本体感知和外部环境理解，实现了高精度、高可靠性的三维环境地图生成，支持自主导航和自然交互。
上海未来伙伴机器人有限公司,8,5,上海未来伙伴机器人有限公司专注于模块化人形机器人的研发，通过设计可互换的机械和电子模块实现灵活组装与便捷维护。同时，该公司还致力于优化机器人动作执行算法，简化调试过程，提高动作完成效率。此外，注重外观设计，提升产品美观度与用户体验。
美的集团股份有限公司,8,5,美的集团股份有限公司在机器人领域的研究主要集中在开发基于语音控制的自然语言处理接口和增强机械臂及关节模组的性能。具体而言，该公司致力于实现跨电器的便携式语音控制界面，并通过创新设计提高机器人关节模组的过载保护能力和机械臂的灵活性与运动范围。
山东科技大学,8,5,山东科技大学在机器人领域专注于仿人形机械手及手臂的设计与控制技术，开发了具有多自由度、高效驱动机制的上肢结构。同时，在自动化餐饮服务系统和复杂工业系统的柔性编程方法方面也有显著研究，致力于提高生产和服务效率。此外，还提出了用于人形机器人的鲁棒控制方法，增强了机器人在动态环境下的适应性和稳定性。
发那科株式会社,8,5,发那科株式会社专注于机器人示教和编程技术，通过优化用户界面、自干扰检测及智能控制提升机器人操作的便捷性和安全性。同时，该公司还致力于开发高效的程序制作工具和控制系统以增强机械作业的灵活性与效率。
三井化学株式会社,8,5,三井化学株式会社主要研究方向为开发和优化异氰酸酯基封端预聚物及其组合物，通过调整多异氰酸酯成分和多元醇成分的种类与比例，以改善预聚物组合物的性能，如粘度、NCO浓度及分散度等，进而制备高性能的聚氨酯树脂和弹性成型品。同时，该公司还关注于利用生物质原料和循环材料制造低环境负荷的异氰酸酯化合物。
江苏驰航国际物流有限公司,8,5,江苏驰航国际物流有限公司专注于人形机器人的研发，主要研究方向包括机器人运动形态切换、底盘稳定性与适应性设计、高效夹持装置、防碰撞保护机制以及通风散热系统优化。这些技术共同提升了机器人在复杂环境下的作业能力和安全性。
深圳市幻尔科技有限公司,8,5,深圳市幻尔科技有限公司专注于机器人运动控制与智能交互技术，包括高效精准的关节角度偏差调整、低运算要求的动态步态实现、高精度舵机控制以及基于云端大模型的智能任务规划和执行。这些技术提升了机器人的动作精度、响应速度及复杂环境适应能力。
余姚市机器人研究中心,8,5,余姚市机器人研究中心专注于开发适应复杂环境的多足和轮腿式机器人，通过创新的机械结构设计与先进的控制算法提升机器人的地形适应能力、运动稳定性和操作精度。研究重点包括可切换轮足机构、自适应足部结构及基于深度学习的鲁棒行走控制方法。
苏州市职业大学,8,5,苏州市职业大学在人形机器人领域主要研究关节电机的控制与评估技术，包括基于多目标海鸥算法的参数评估、无速度传感器控制方法以及动态柔顺性控制。此外，还涉及有限时间路径跟踪控制，以提高机器人的稳定性、鲁棒性和自适应能力。
季华实验室,8,5,季华实验室专注于机器人控制与安全技术，特别是在足式机器人行走控制、高精度磁编码器材料及传感器技术、以及机器人安全停机和故障检测方法等方面具有显著研究。通过创新算法和材料设计，提升机器人运动效率、位置检测精度及系统安全性。
软银集团股份有限公司,8,5,软银集团股份有限公司在机器人领域主要研究方向包括：自动驾驶安全连接技术、智能拣选与搬运系统、高精度货物抓取与分拣技术、基于机器学习的精细操作控制以及情感识别与互动技术。
浙江方德机器人关节科技有限公司,8,5,浙江方德机器人关节科技有限公司专注于人形机器人手臂的连接结构和关节机构设计，通过优化关节电机模组、推拉杆及悬吊支架组件的布局，实现紧凑结构与灵活运动。同时，该公司还致力于提高总成散热性能和零位定位精度，确保安装便捷性和操作可靠性。
合肥零次方机器人有限公司,8,5,合肥零次方机器人有限公司专注于人形机器人的下肢系统和足部结构设计，通过绳驱电机、同步带传动及分布式关节布局等技术，实现高精度、高灵敏度的腿部运动控制，提升机器人在复杂地形中的适应性和灵活性。同时，该公司还研究机械臂和上肢结构，增强机器人在工业、医疗和服务领域的应用能力。
辉达公司,8,5,辉达公司在机器人领域专注于利用生成式模型和自监督学习技术来提升机器人的运动模拟、感知能力及任务执行效率。通过开发先进的算法，如扩散模型和掩码预测模型，实现对复杂环境的理解与适应，以及自动化资产生成，从而推动机器人在装配、自主导航等多方面的应用发展。
深圳市云海智动科技有限公司,8,5,深圳市云海智动科技有限公司专注于机器人高效散热技术和灵巧手抓取控制系统的研发。在散热技术方面，该公司主要研究基于半导体制冷和磁制冷的液冷循环系统，以实现机器人的高效降温；在抓取控制系统方面，通过结合压力传感器和图像提取装置，提高机器人灵巧手的抓取精度和稳定性。
北京视界求索人工智能科技有限公司,8,5,北京视界求索人工智能科技有限公司专注于人形机器人的多模态感知与控制技术，包括环境监测、避障路径规划、嗅觉感知监控、语音交互及基于导航的动作控制。通过融合视觉、嗅觉、听觉等多种传感器数据，实现精准的环境理解与高效的人机交互，提升机器人在复杂环境中的自主性和能效。
深圳市智动未来科技有限公司,8,5,深圳市智动未来科技有限公司专注于机器人运动控制与结构设计，特别是在高动态动作执行、多自由度头部运动及主动减震技术方面具有显著优势。通过优化关节装置和协同控制算法，提升机器人动作的精确性和整体协调性。
中信重工机械股份有限公司,8,5,中信重工机械股份有限公司主要研究方向为人形机器人的智能控制与交互技术，包括基于强化学习的双臂协调操作、AR/VR混合交互、自注意力结构的下肢行走控制以及全身协同语音控制，旨在提升机器人在复杂环境中的自然性、稳定性和任务执行能力。
杭州智元研究院有限公司,8,5,杭州智元研究院有限公司专注于研发可切换形态的人形机器人，特别是轮足可切换式腿部构型，以提高机器人在不同环境下的机动性和负载能力。同时，该公司还注重机器人的外观设计，包括小腿、头部和胸部外壳的设计，以增强其保护性和实用性。
广东智动未来科技有限公司,8,5,广东智动未来科技有限公司专注于机器人关节和运动控制技术，特别是在膝关节和颈部结构的创新设计上，以实现高动态动作和多自由度运动。同时，该公司还致力于开发协同控制算法和主动减震方法，提升机器人动作执行的精确性和整体协调性。
北京建筑大学,7,5,北京建筑大学在机器人领域的研究主要集中在小型机器人的目标抓取、孤独症辅助教学、基于激光点云的场景理解与特征提取，以及腿足机器人的结构优化。这些技术方向涵盖了从环境感知到人机交互再到机械设计等多个方面，旨在提升机器人在复杂环境中的适应性和功能性。
南宁邃丛赋语科技开发有限责任公司,7,5,南宁邃丛赋语科技开发有限责任公司专注于智能玩具机器人的设计与研发，特别是机器人行走机构的创新。其核心技术在于通过优化连杆机构和伺服电机驱动系统，实现结构简单、布局合理且承载能力强的机器人腿部运动机制，适用于多种应用场景，包括教学演示和娱乐玩具。
乐聚(深圳)机器人技术有限公司,7,5,乐聚(深圳)机器人技术有限公司专注于人形机器人的教育应用、姿态控制与恢复、运动校正及通信技术，通过简化编程流程和提高控制精度，增强用户体验，并确保机器人在各种环境下的稳定性和安全性。
北京交通大学,7,5,北京交通大学在机器人领域主要研究方向包括：创新的两足和翻转移动机构设计，关节耦合驱动及控制方法，4D打印刚度可变仿生关节，以及基于磁控智能材料的柔性抓取装置。这些技术旨在提高机器人的运动协调性、负载能力、能耗效率和适应性，适用于多种应用场景。
天津大学,7,5,天津大学在机器人领域主要研究方向包括高精度力传感与传动技术、新型电机支撑结构设计、基于多模态数据的人体姿态估计方法、紧凑型高扭矩谐波减速器以及灵巧手的分布式控制与传感系统，旨在提升机器人的感知精度、运动性能及操作灵活性。
华为技术有限公司,7,5,华为在机器人领域的研究主要集中在提高机器人的拟人化表现能力和安全防护能力，包括情绪表达、电机过载与碰撞检测处理策略，以及创新的驱动系统设计以降低成本和噪音。
武汉理工大学,7,5,武汉理工大学在机器人领域的研究主要集中在人形机器人的精确控制与感知技术，包括多自由度运动控制、高负载关节设计、环境感知系统以及状态估计方法。通过集成多种传感器和优化算法，实现对机器人姿态和运动的高效准确控制。
OPPO广东移动通信有限公司,7,5,OPPO广东移动通信有限公司在机器人领域主要研究方向包括提升无线充电效率、增强摄像组件灵活性以适应更多应用场景、通过终端与智能机器人数据交互实现精准控制、优化传动设备减少误差提高运动精度以及开发高精度姿态检测系统。
大连理工大学,7,5,大连理工大学在机器人领域主要研究仿人机器人的稳定与平衡控制技术，包括离线步态规划和在线稳定控制方法，以及开发低摩擦磨损的机器人关节设计以提高其耐用性和灵活性。同时，在触觉传感方面，该校还致力于研发高灵敏度、环境适应性强的多功能电子皮肤。
平安科技(深圳)有限公司,7,5,平安科技(深圳)有限公司主要研究方向为机器人智能控制与交互技术，通过多模态感知、高级语义理解和动态调整机制提升机器人在复杂环境下的动作生成效率、模仿精度及交互自然度，广泛应用于医疗健康、金融服务等领域。
亿嘉和科技股份有限公司,7,5,亿嘉和科技股份有限公司专注于具身智能机器人技术，通过融合多模态感知、大语言模型和强化学习等方法，提升机器人在复杂环境中的自适应能力和人机交互体验。同时，该公司还致力于基于人体动作采集的机器人全身控制及遥操作系统的研发，以实现更自然、鲁棒的人形机器人运动控制。
江苏意优机器人科技有限公司,7,5,江苏意优机器人科技有限公司专注于人形机器人的关节制造与性能测试技术，特别是在关节模组的铸造、外观设计及性能测试设备方面具有显著创新。其专利涵盖了提高关节壳体成型质量的铸造装置、高效可靠的关节模组性能测试设备以及多种轻量化、高精度的专用关节设计。
西安交通大学,7,5,西安交通大学在机器人领域主要研究气动驱动的四足爬行机器人及其运动方法，通过仿生设计提高运动效率和稳定性；同时开发刚柔耦合的双足机器人腿部结构，提升动态动作中的响应能力；还构建了人形机器人五指灵巧手的数字孪生系统，实现高效集成与低延迟控制。此外，研发了一种类聚合物超高强度金属合金，兼具高屈服强度和低杨氏模量。
深圳大象安泰科技有限公司,7,5,深圳大象安泰科技有限公司专注于人形机器人的运动控制与交互技术，特别是在机器人颈部、腰部的仿生结构设计和眼球眨动装置的智能控制方面具有显著创新。同时，该公司还致力于基于听觉的语音信号处理与识别技术，以提升机器人对复杂环境下的语音命令执行精度和稳定性。
合肥中科深谷科技发展有限公司,7,5,合肥中科深谷科技发展有限公司专注于人形机器人的智能避障和头部定向技术，利用生成对抗网络进行路径规划以提高适应性和泛化能力，并通过视听协同方法增强在复杂环境下的头部定位精度与效率。
海信集团控股股份有限公司,7,5,海信集团控股股份有限公司在机器人技术领域主要研究方向包括：通过传感器和图像识别实现精准避障的步态调整技术，基于语义地图或知识图谱的自主工件搬运方法，以及利用二维码和非对称加密技术提高数据传输安全性的配置与通信方案。
辽宁新次元人形机器人研究院有限公司,7,5,辽宁新次元人形机器人研究院有限公司专注于仿生人形机器人的研发，主要研究方向包括多模态智能感知与情感反馈、视觉环境感知与自定位技术以及高灵活性的仿生关节和肢体结构设计。通过提升机器人的情感交互能力、定位精度及运动灵活性，增强用户体验和实用性。
圣所认知系统公司,7,5,圣所认知系统公司的研究主攻方向集中在机器人自主性提升、分布式机器人管理和液压驱动技术。通过遥操作和机器学习增强机器人自主决策能力，同时开发高效的液压系统以提高机器人臂的灵活性和控制精度。
未来机器人(深圳)有限公司,7,5,未来机器人(深圳)有限公司主要研究方向为搬运设备的自动化对齐和测试技术，通过传感器获取数据并进行处理，实现高精度的堆叠对象对齐及感知算法的自动测试，提升作业效率和准确性。
深圳市心流科技有限公司,7,5,深圳市心流科技有限公司专注于机器人关节控制与保护技术，特别是在人形机器人的下肢结构中引入阻尼器以分担负载、吸收冲击力，减少执行器堵转情况，提升运动效率和安全性，同时降低能耗和维护成本。此外，该公司还研究了机器手的复位方法，通过多轮次复位过程避免手指自由度间的相互干扰，提高复位成功率。
上海工程技术大学,7,5,上海工程技术大学在机器人领域主要研究方向包括：线驱动解耦机械臂设计、仿生腿结构优化、多模式抓取机构、类肌腱驱动灵巧手控制系统以及基于情感识别的交互决策系统。这些技术共同提升了机器人的运动性能、抓取能力、环境适应性和人机交互体验。
深圳市人工智能与机器人研究院,7,5,深圳市人工智能与机器人研究院主要研究方向为机器人位姿定位评估、运动控制参数优化及步态测试优化，通过融合多传感器数据、虚拟仿真技术以及反动力学模型等手段，提升机器人在复杂环境下的运动稳定性和效率。同时，该机构还致力于开发异构多智能体协作控制系统，增强不同智能体之间的协同工作能力。
深圳国创具身智能机器人有限公司,7,5,深圳国创具身智能机器人有限公司专注于机器人运动控制与位姿定位技术的优化，通过融合多传感器数据、虚拟仿真测试及反动力学模型等方法提升机器人的平衡稳定性、步态优化效率和综合性能。
哈尔滨工业大学(深圳)(哈尔滨工业大学深圳科技创新研究院),7,5,哈尔滨工业大学(深圳)在机器人领域主要研究方向包括人形机器人的直腿站立与起步技术、高瞬时功率密度的蓄力式关节设计、基于柔性脊柱的六足机器人运动性能提升、可拆卸智能织物表皮系统以及足式机器人的迁移学习运动控制方法。这些研究旨在提高机器人的拟人化程度、动力性能、多地形适应能力、维护便利性和智能化水平。
福建汉特云智能科技有限公司,7,5,福建汉特云智能科技有限公司专注于人形机器人的多摄像头特征融合、电池寿命预测及定位异常捕捉技术，通过深度学习和视觉信息处理提高机器人在复杂环境下的感知精度与自主导航能力。
中科云谷科技有限公司,7,5,中科云谷科技有限公司专注于机器人领域的高效任务规划与控制技术，包括互斥节点对判断以优化自动运输系统的空间利用率、基于置信度机制的用户操作指令响应以提升人机协作安全性及普适性，以及通过紧凑化设计和异常处理机制增强机械臂和关节模组在复杂环境下的适应性和可靠性。
重庆优好人形机器人有限公司,7,5,重庆优好人形机器人有限公司专注于机器人技术在多领域的应用，包括数据安全传输、教学辅助、自动化控制、智能焊接及混凝土施工。其核心技术方向集中在通过深度学习和动态环境感知提升机器人任务执行的智能化与精准度，特别是在提高操作安全性、效率及质量方面有显著创新。
斯坦德机器人智能(深圳)有限公司,7,5,斯坦德机器人智能(深圳)有限公司专注于轮式人形机器人的驱动和稳定性技术，通过创新的驱动轮机构设计和自适应锁紧机构提升机器人的行走效率和工作稳定性，同时优化了线缆布局以减少磨损，增强了整体结构的可靠性和作业范围。
东莞市降维自动化科技有限公司,7,5,东莞市降维自动化科技有限公司专注于高集成度和模块化的机器人关节模组及执行器设计，通过优化结构布局、集成多种功能组件（如驱动电机、减速机、传感器等）以及创新的自锁和支撑机制，提升机器人关节的灵活性、稳定性和能效，同时解决导线缠绕、精度不足等问题。
广东长盈精密技术有限公司,7,5,广东长盈精密技术有限公司主要研究方向集中在人形机器人和制造数据的智能分析与优化，包括生产线异常状态识别、运动轨迹记录与回放、基于聚类和模糊算法的数据分类与评估，以及设备运行状态的实时监测与调整。
湖北荆楚人形机器人有限公司,7,5,湖北荆楚人形机器人有限公司专注于高精度图像深度估计、多模态融合控制的灵巧手设计、高功率密度线性执行器开发以及移动机器人的多功能形态切换技术，同时通过云边端协同的智能任务调度方法提升机器人系统的整体性能和适应性。
跨维(深圳)智能数字科技有限公司,7,5,跨维(深圳)智能数字科技有限公司专注于人形机器人的手眼协调智能化标定控制与多模态视觉感知技术，通过高精度轮廓提取、视觉反馈闭环控制、多传感器融合及动态路径规划，提升机器人在复杂环境中的运动稳定性和操作精度。
南京晓庄学院,7,5,南京晓庄学院在机器人领域的研究主要集中在人形机器人的健康监测与数据传输、高效能量管理和机械结构设计。具体包括基于无线局域网的健康参数传输系统、动能回收和电源管理电路，以及灵活且轻量化的手臂和胸腔结构设计。
东莞长盈精密技术有限公司,7,5,东莞长盈精密技术有限公司主要研究方向集中在人形机器人和制造数据的智能分析与优化，包括生产线异常状态的人工智能识别、基于聚类算法的运动协调性分析、运动轨迹记录与回放以及基于模糊算法的设备运行状态评估。这些技术旨在提高机器人关节装配精度、运动协调性和设备运行效率。
睿尔曼智能科技(北京)有限公司,7,5,睿尔曼智能科技专注于机器人领域的控制系统和机械结构创新，主要研究方向包括高效生成机械臂控制系统、开发高灵活性仿人腕关节以增强机械臂适应性，以及实现对人形机器人的精准遥操作控制。通过这些技术，该公司致力于简化机器人研发流程并提升其在复杂环境下的作业能力。
爱米(北京)机器人有限公司,7,5,爱米(北京)机器人有限公司专注于人形机器人的智能控制与交互技术，主要研究方向包括基于多模态视频解析的人机物理孪生系统、无接触动作捕捉、情感陪护及个性化交互、以及机器人平衡控制等，旨在提升机器人在复杂环境下的适应性和用户体验。
湖州爱创智能科技有限公司,7,5,湖州爱创智能科技有限公司专注于人形机器人的外观设计，其产品主要用于机器人研究、课堂教学及各类机器人比赛。设计重点在于产品的形状，通过不同的外观设计满足多样化的应用场景需求。
深圳品阔信息技术有限公司,7,5,深圳品阔信息技术有限公司专注于仿人形机器人的关节转向装置和颈部结构设计，通过高扭矩、高效率的传动方式和多自由度的运动模式，实现自然协调的动作模拟，提高仿生效果和美观度。
索尼株式会社,6,5,索尼株式会社在机器人领域的研究主要集中在环境识别与路径规划、姿态控制及动态特性利用、通信状态监测与用户交互、自组织学习网络以及智能监视系统。这些技术共同提升了机器人的自主导航能力、稳定性、适应性和安全性。
北京大学深圳研究生院,6,5,北京大学深圳研究生院在机器人领域的研究主要集中在双耳声源定位技术，通过改进时延补偿、双耳一致性函数及引入深度学习等方法提高声源定位精度与鲁棒性，特别是在噪声环境下的实时定位性能。
上海楷沃机器人科技有限公司,6,5,上海楷沃机器人科技有限公司专注于仿真人形机器人的系统监测与控制技术，包括实时监测系统运行状态、胸部震动幅度的智能反馈以及均匀加热工艺，以提升用户体验。
重庆鲁班机器人技术研究院有限公司,6,5,重庆鲁班机器人技术研究院有限公司专注于机器人控制与教学系统开发，特别是在多传感器数据融合处理、时间戳同步及人形机器人远程操作方面具有显著研究。其技术旨在提升机器人在复杂环境下的适应性和操作精度，同时增强工业机器人教育的实践性和趣味性。
南京航空航天大学,6,5,南京航空航天大学在机器人领域主要研究仿生设计、可变刚度关节、简化结构的仿人体操机器人、基于Kolmogorov-Arnold网络的轨迹生成方法以及双机械臂协同的人形焊接机器人。这些技术方向涵盖了从基础结构创新到高级控制算法的应用，旨在提升机器人的灵活性、稳定性和智能化水平。
上海理工大学,6,5,上海理工大学在机器人领域专注于开发先进的交互训练系统、高效的人工光电突触器件、高性能关节电机及仿生机械手。研究重点在于提高人机交互体验、神经网络图像识别精度、电机输出稳定性以及机械手的抓取能力和适应性，通过创新设计和材料应用推动机器人技术的发展。
中国地质大学(武汉),6,5,中国地质大学(武汉)在机器人领域主要研究方向包括人形机器人的自主舞蹈技术、高性能数字舵机设计、液态金属驱动的灵巧手以及图像显著性目标检测方法，同时也在探索适用于高频率弯曲条件下的新型吸液芯结构。这些研究涵盖了从基础硬件创新到高级感知与控制算法的多个层面，旨在提升机器人系统的智能化水平及应用范围。
大连蒂艾斯科技发展股份有限公司,6,5,大连蒂艾斯科技发展股份有限公司专注于智能交互人形机器人的研发，重点在于提高机器人在复杂环境下的稳定性和动作精度。其核心技术包括增强机器人行走稳定性、精确控制肢体动作以及实现逼真的脸部表情和嘴部活动的仿生设计。
睿尔曼智能机器人(北京)有限公司,6,5,睿尔曼智能机器人(北京)有限公司专注于机器人技术领域，主要研究方向包括具有高精度和安全性的被动式阻抗机构、高效6D数据集构建方法以及人形机器人的精准控制与操作。此外，还涉及轮式人形机器人的设计及其在多个领域的应用。
华侨大学,6,5,华侨大学在机器人领域的研究主要集中在人形机器人的视觉识别与语音交互技术上，具体包括基于OpenCV的物体形状和色彩识别、球体抓取方法以及利用百度语音识别API实现的双机器人语音沟通。这些技术提升了机器人在环境感知及自然语言处理方面的能力。
南京信息工程大学,6,5,南京信息工程大学在机器人领域主要研究方向为基于深度学习的运动合成技术及人形机器人的健康管理与环境交互能力提升，包括利用神经网络实现人体运动规律的学习与合成、通过视觉和超声波传感器增强移动目标跟踪与避障功能，以及运用多模态数据处理方法识别关键共性技术实体。
上海微电机研究所(中国电子科技集团公司第二十一研究所),6,5,该单位主要研究方向为机器人关节模组设计与控制技术，特别是在高输出力矩和高可靠性的电动关节模组以及人形机器人的臂爪协同控制方法上具有显著创新。同时，还涉及半人马机器人腿部结构设计，以提升机器人在不同工作模式下的灵活性和运动效率。
松下知识产权经营株式会社,6,5,松下知识产权经营株式会社主要研究方向集中在开发高灵敏度、宽测量范围且结构简单的压力传感器及负荷检测装置，同时在智能交通系统中通过路侧设备进行通信拥塞控制以辅助自动驾驶。
暗物智能科技(广州)有限公司,6,5,暗物智能科技(广州)有限公司专注于开发基于多模态输入和深度学习的智能对话系统，通过理解用户状态、场景类型及对话背景生成自然流畅的交互响应，并利用预测模型与动态配置技术提升电子伴侣或虚拟代理在真实及增强现实环境中的用户体验。
深圳慧闻智造技术有限公司,6,5,深圳慧闻智造技术有限公司专注于人形机器人手臂和上肢结构的设计与优化，通过创新的机械组件和连接机构提高灵活性和安装便捷性。同时，该公司在基于触觉识别的手部姿态控制方面也有深入研究，开发了能够实现多手指握力精准协同控制与动态平衡的操作控制系统及方法，以增强对复杂物体的抓取稳定性和成功率。
索尼互动娱乐股份有限公司,6,5,索尼互动娱乐股份有限公司主要研究方向集中在机器人控制与图像分析技术，特别是通过多处理器系统实现高效的应用处理、传感器数据解析及运动控制。此外，该公司还致力于开发先进的计算机动画技术，包括基于单目视觉的姿势预测和三维模型姿态消歧方法，以提升动画角色的真实感与自然度。
中国科学院苏州生物医学工程技术研究所,6,5,中国科学院苏州生物医学工程技术研究所主要研究方向为开发柔性驱动与控制技术在康复机器人及仿生机械手中的应用，特别是利用气动肌肉和多自由度设计提高设备的灵活性、舒适性和安全性，以满足医疗康复和辅助操作的需求。
广西大学,6,5,广西大学在机器人领域的研究主要集中在人形机器人的动力学建模和结构设计，特别是行星滚柱丝杠系统的非线性动力学建模及其在机器人关节中的应用，以及具有重力平衡和平行折展功能的寄生机构式机器人设计。
三峡大学,6,5,三峡大学在机器人领域的研究主要集中在高性能仿生结构设计和人形机器人表情控制技术。具体包括开发仿生胫骨和肢腿轻量化结构以提高机器人运动性能，以及设计机械式眼部运动驱动机构实现多维度表情控制。
北京实峰科技有限公司,6,5,北京实峰科技有限公司专注于人形机器人动力关节和线性关节的创新设计，通过优化结构紧凑度、提高负载能力和精度、增强散热性能及转矩密度，解决高爆发力矩过载和磁路饱和问题，提升整体性能和可靠性。
无锡无界探索科技有限公司,6,5,无锡无界探索科技有限公司专注于人形机器人的高拟人化控制技术，包括基于视觉的双臂随动控制、唇形同步拟人化控制以及高效的身体运动机构设计。这些技术提升了机器人在动作协调性、语音交互真实感及快速响应能力方面的表现。
广东技术师范大学,6,5,广东技术师范大学在机器人领域主要研究方向包括移动机器人的自主避障与轨迹跟踪技术，通过视觉系统和智能算法优化路径规划，提高避障效率和路径平滑度；同时，还关注人形机器人的实时控制性能评估，确保其在复杂环境中的稳定性和可靠性。此外，在材料科学方面，该校开发了高熵合金增强的TiAl基复合材料，以提升材料的力学性能和热稳定性。
卧龙电气驱动集团股份有限公司,6,5,卧龙电气驱动集团股份有限公司专注于机器人关节的高效散热与紧凑设计，通过创新的风冷、相变材料及多层电路布局技术提高关节在高爆发工况下的稳定性和可靠性。同时，该公司还致力于电机系统的健康状态诊断和故障安全控制，提升机器人的整体性能和安全性。
佛山市华道超精科技有限公司,6,5,佛山市华道超精科技有限公司专注于高精度六维力传感器的研发，通过创新的柔性铰链结构和紧凑型设计，解决传统传感器在精度、过载能力和小型化方面的局限，提升机器人在复杂环境下的感知与操作能力。同时，该公司还优化了传感器的制造工艺，提高生产效率和一致性。
优理奇机器人科技(苏州)有限公司,6,5,优理奇机器人科技专注于人形机器人的研发，特别是在灵巧手和手腕的高精度控制、关节模组的小型化与高效传动以及模块化设计方面具有显著创新。通过引入力反馈、自动张紧装置、球形万向节和连杆机制等技术，提升了机器人操作的精度、响应速度和可重复性。
常州检验检测标准认证研究院,6,5,常州检验检测标准认证研究院主要研究方向为人形机器人的性能测试与优化，包括关节模组的抗压性能测试、整机性能测试以及步态模拟的交互测试方法。通过构建虚拟与物理机器人之间的闭环交互机制，提升机器人步态的稳定性和精度，为机器人设计和优化提供准确的数据支持。
西北工业大学太仓长三角研究院,6,5,西北工业大学太仓长三角研究院专注于人形机器人的导航与控制技术，主要研究方向包括基于模糊逻辑和神经网络的混合控制算法、自适应PID控制器以及全身模型预测控制的分层学习框架，以提升机器人在复杂动态环境中的实时响应能力和运动灵活性。
杭州新剑机电传动股份有限公司,6,5,杭州新剑机电传动股份有限公司专注于人形机器人直线型电驱动关节的研发，核心技术创新在于采用反向式行星滚柱丝杠，实现高承载、高速度、高精度和高寿命。同时，该公司还开发了高效的装配方法和先进的自抗扰控制技术，以提升关节的集成度、性能和鲁棒性。
浙江银轮机械股份有限公司,6,5,浙江银轮机械股份有限公司主要研究方向为机器人散热技术，特别是通过创新的吸能联动结构、节能散热机构以及高效的电机散热方案，解决机器人在运行过程中存在的高功耗、低静谧性和散热效率低的问题。同时，该公司还关注于开发适用于人形机器人及飞行器的高效负压冷却装置，以实现对多个发热元件的有效同步散热。
北京智源人工智能研究院,6,5,北京智源人工智能研究院专注于人形机器人的全身控制与运动规划技术，通过先进的数据训练框架和模型优化方法提升机器人在复杂环境中的适应性和安全性。同时，该机构还致力于开发用于评估大模型空间推理能力的测试方法，以增强AI系统的决策准确性。
杭州泛嘉科技有限公司,6,5,杭州泛嘉科技有限公司专注于机器人技术，特别是在人形机器人和机器狗的协同作业、基于多模态数据融合的情感交互、动态环境建模下的室内导航以及因果推理与心智建模的认知决策方面。这些技术共同提升了机器人在复杂环境中的任务执行效率、情感识别准确性及自主导航能力。
深圳市普渡科技股份有限公司,6,5,深圳市普渡科技股份有限公司主要研究方向为机器人运动规划与控制技术，包括底盘运动学模型构建、自主乘梯方法、抓取参数模型训练、遥操作技术以及基于动力学模型的关节力矩生成，旨在提高机器人的运行效率、自主性和操作精度。
深圳逐际动力科技股份有限公司,6,5,深圳逐际动力科技股份有限公司主要研究方向为人形机器人的关节模组和致动器，通过创新的传动结构和轻量化设计提高关节控制精度和稳定性，同时开发了高效的机器人动作编排方法和高安全冗余的快换连接装置。
东莞铸铖智能科技有限公司,6,5,东莞铸铖智能科技有限公司专注于人形机器人的研发，主要技术方向包括轮式移动与重心调整、基于视觉识别的智能化决策、以及听视觉协同的头部定向方法。这些技术共同提升了机器人在复杂环境中的稳定性和交互能力。
杰克科技股份有限公司,6,5,杰克科技股份有限公司专注于开发用于工业生产的高精度人形机器人，特别是在柔性面料操作和模板机自动化方面。其核心技术包括视觉伺服方法、高精度对齐和稳定模板推入技术，以及具备多自由度机械臂和传感器的人形机器人设计。
苏州卓誉电气技术有限公司,6,5,苏州卓誉电气技术有限公司专注于人形机器人关节组件和灵巧手的设计与优化，通过创新的嵌套电机结构和紧凑布局，实现高空间利用率和双自由度运动，显著提升关节模组的功率密度和灵活性，使机器人整体结构更加紧凑、仿真且运动更灵活。
魔法原子机器人科技(苏州)有限公司,6,5,该企业专注于人形机器人的设计与优化，特别是在头部装置和腿部机构的创新上，通过集成先进的传感器技术和模块化设计，提升机器人在复杂环境中的适应性和维护便利性。同时，致力于开发高可靠性的关节模组，以解决多轴机械臂中线缆管理问题，增强其运动自由度和外观完整性。
南京东新慧科信息技术有限公司,6,5,南京东新慧科信息技术有限公司专注于仿生关节人形机器人的导航定位与智能巡检技术，通过环境感知、路径规划和步态控制实现高效安全的自主巡检。同时，该公司在石化防爆环境下的人形机器人轨迹规划方面也有深入研究，确保机器人在复杂危险环境中稳定运行。
常州星宇车灯股份有限公司,6,5,常州星宇车灯股份有限公司主要研究方向集中在机器人领域的智能灯光控制和环境感知技术，特别是在机器宠物和人形机器人中实现个性化、场景化的灯光调整以及基于多传感器融合的环境检测与响应。同时，该公司还开发了用于装修检测和老年护理的人形机器人系统，提升检测精度和护理质量。
鹿明科技(苏州)有限公司,6,5,鹿明科技专注于人形机器人领域的多传感器无线数据采集、实时惯性动捕与强化学习控制、群体舞蹈协同控制以及高耐用行星关节模组设计，通过先进的算法和模块化设计提升机器人的稳定性、灵活性和使用寿命。
常州星宇智能机器人有限公司,6,5,常州星宇智能机器人有限公司主要研究方向为人形机器人在智能灯光控制、老年护理及装修检测等领域的应用，通过集成多种传感器和先进算法，实现环境感知、个性化服务及自主检测等功能，提升用户体验和检测精度。
顺丰科技有限公司,6,5,顺丰科技有限公司主要研究方向集中在物流领域的机器人自动化技术，特别是针对扁平件的智能分拣与导航控制。通过环境感知、任务规划及精准导航等手段，提升机器人在复杂物流场景中的操作灵活性和效率。
中国科学院苏州纳米技术与纳米仿生研究所,5,5,中国科学院苏州纳米技术与纳米仿生研究所主要研究方向为开发具有感知功能的柔性传感器和驱动器，特别是自驱动可穿戴设备、多模态传感技术以及集成感知功能的人工肌肉驱动灵巧手结构，以实现智能机器人在复杂环境下的自主操作与交互。
南京大学,5,5,南京大学在机器人领域主要研究方向包括多场景下的控制方法、全身模仿系统、基于情节记忆的多智能体协同策略训练、资源受限情况下的多足机器人步态发现以及结合全身压力和单目视频的人体姿态估计，侧重于提高机器人的适应性、协调性和环境交互能力。
杭州电子科技大学,5,5,杭州电子科技大学在机器人领域主要研究方向包括仿人机器人的足部机构设计与优化，以提高其在复杂地形中的适应性和冲击吸收能力；开发用于评估机器人关节性能的测试装置；以及利用并行计算技术提升人形机器人全身控制策略的学习效率和效果。
赵姝颖,5,5,赵姝颖的研究主攻方向集中在立方体结构的变形机器人技术，特别是能够从规则立方体变形成人形或其他多种姿态的轮式和非轮式机器人。这些机器人通过复杂的控制系统实现多样的运动能力和形态变换，适用于快速移动和多功能应用场景。
现代自动车株式会社,5,5,现代自动车株式会社在机器人和自动驾驶领域进行深入研究，重点开发了包括智能穿戴设备、安全关节设计、环境感知与控制技术以及车辆安全监测系统在内的多项关键技术。其专利涵盖了从基础硬件到高级算法的全方位创新，旨在提升机器人的灵活性、安全性及自动驾驶汽车的智能化水平。
思依暄机器人科技(深圳)有限公司,5,5,思依暄机器人科技(深圳)有限公司专注于开发具有自主移动能力的智能设备，涵盖灾害气体检测与报警、信息发布、无线信号中继、动态跟踪拍摄及可移动监控系统。其核心技术在于利用运动装置实现设备的灵活移动，以提高各应用场景下的工作效率和用户体验。
纽洛斯公司,5,5,纽洛斯公司专注于基于光学成像和机器学习的非接触式生理监测技术，主要研究方向包括情感检测、心率跟踪、血压测量以及生命体征和健康风险预测。通过分析血红蛋白浓度变化及面部血流数据信号，实现远程且无创的健康诊断与评估。
夏普株式会社,5,5,夏普株式会社在机器人领域的研究主要集中在提高清扫机器人的卫生性能、优化行驶装置的环境适应性控制以及增强人机交互体验，包括通过智能通知提升用户安全意识和利用内容分发技术实现机器人与显示内容的同步动作。此外，还致力于开发能够理解并回应用户意图的自然语言处理技术。
陕西捷泰智能传动有限公司,5,5,陕西捷泰智能传动有限公司专注于仿人机器人技术的研发，重点在于提高机器人的身体灵活性和姿态控制能力。通过创新设计如仿人体脊椎结构、多模式机械手组件及基于虚拟仿真环境的姿态智能控制系统，增强机器人在复杂环境中的适应性和操作精准度。
日本发条株式会社,5,5,日本发条株式会社专注于球窝接头的设计与制造技术，特别是在球头销、外壳及球座之间的密封、支撑和连接结构方面进行了深入研究。其创新点包括通过感应加热调整扭矩、改进铆接方法以增强接头稳定性和耐用性，以及优化球座与壳体间的嵌合结构来提升整体性能。
上海哲谦应用科技有限公司,5,5,上海哲谦应用科技有限公司主要研究方向为高自由度人形机器人关节设计与优化，特别是并联式三自由度关节和丝杆螺母-螺旋套组合驱动减速器技术。同时，该公司还专注于开发一体化设计的轮式人形机器人，以提高运动灵活性和响应速度。
福特全球技术公司,5,5,福特全球技术公司在机器人领域的研究主要集中在自动化系统的姿势识别能力验证及递送车辆内包裹处理与移动的智能化解决方案，同时开发了高效的资产跟踪和管理系统以优化物流运输过程。
云海智行股份有限公司,5,5,云海智行股份有限公司专注于机器人自主导航和环境感知技术，包括动态路线规划、地图构建及人机交互行为。其核心技术在于通过传感器数据实现对周围环境的精准理解和适应性行动，特别是在复杂或变化环境中使机器人能够安全高效地自主移动。
达闼科技(北京)有限公司,5,5,达闼科技(北京)有限公司专注于机器人技术领域，主要研究方向包括基于计算机视觉的目标定位与跟随、机械臂路径规划及躯干协调控制、复杂场景下的权限管理和资源调度、关节位置调整方法以及根据环境动态调整讲解模式的智能交互技术。
宣城南巡智能科技有限公司,5,5,宣城南巡智能科技有限公司专注于仿真机器人的关键结构设计，包括嘴形、眨眼、手臂、肌肉及手掌等部位的高仿真度控制与驱动技术，通过创新的机械结构和柔性连接件实现更自然流畅的动作表现。
江南大学,5,5,江南大学在机器人领域的研究主要集中在提升人形机器人的性能与制造工艺，包括通过创新设计如气体平衡机制改善双足行走稳定性，开发适用于机器人关节的全成形针织物以增强外观和灵活性，以及优化UHMWPE腱绳生产方法来提高关键部件的强度与耐磨性。
万德克拉夫特公司,5,5,万德克拉夫特公司专注于外骨骼技术，特别是通过先进的控制算法和神经网络学习方法来生成和优化外骨骼的运动轨迹。其研究重点在于提高外骨骼在辅助人类操作者进行移动或执行特定任务时的稳定性和适应性。
特里纳米克斯股份有限公司,5,5,特里纳米克斯股份有限公司专注于开发用于高精度定位和识别物体的光学检测技术，通过优化模糊函数和分析反射图像中的特征来确定物体的位置和距离，适用于多种空间配置下的相对位置测量。
鲁班嫡系机器人(深圳)有限公司,5,5,鲁班嫡系机器人(深圳)有限公司专注于智能体轨迹规划与控制技术，通过开发高精度、泛化能力强的智能动力系统行为模型和基于视觉的遮挡处理方法，提升机器人在复杂环境下的自主导航能力。同时，在精密操作方面，该公司还研究了利用压电效应实现高效驱动以及创新性的散装目标抓取与装配技术。
华中师范大学,5,5,华中师范大学在机器人领域的研究主要集中在通过分析和建模人体动作及教学行为，生成适用于人形机器人的可编辑动作序列与非言语教学行为，并开发了基于Jetson nano的智能双足人形机器人以提升其稳定性和计算能力。这些技术旨在增强机器人在教育场景中的互动性和实用性。
卓益得人形机器人(上海)有限公司,5,5,卓益得人形机器人(上海)有限公司专注于开发高灵活性和紧凑结构的足式及人形机器人。其核心技术包括高效利用空间的机械腿设计、灵活且控制简单的颈部构件以及稳定可靠的腰关节拼接结构，旨在提升机器人的整体性能与可靠性。
沈阳新松机器人自动化股份有限公司,5,5,沈阳新松机器人自动化股份有限公司专注于智能机器人的设计与开发，涵盖创新的球形机器人结构、高效的绳传动机构、稳定且成本低廉的腿部结构、以及先进的基于频域压缩的故障诊断技术。此外，该公司还致力于情感陪护机器人系统的研究，通过多模态信息融合提升人机交互体验。
深圳鹏行智能研究有限公司,5,5,深圳鹏行智能研究有限公司专注于机器人任务执行与控制技术，包括面向任务的数据集生成、基于环境感知的任务操作指令生成、多层建筑内的路径规划及导航、局部路径规划与物体搜索策略，以及仿真运动控制系统开发，以提高机器人在复杂环境下的自主作业能力和开发测试效率。
苗疆(武汉)机器人科技有限公司,5,5,苗疆(武汉)机器人科技有限公司专注于工业机器人和人形机器人的研发，主要研究方向包括自动焊接装置、关节底座定位装夹治具及回转平台、以及轨迹检测装置与方法。其核心技术在于提高机器人操作的精度、效率和适应性，实现柔性制造和动态环境下的精准检测。
北京机械工业自动化研究所有限公司,5,5,北京机械工业自动化研究所有限公司主要研究方向为人形机器人的关节控制与视觉抓取技术，专注于提高机器人关节旋转角度的精确度和控制流畅性，以及基于视觉的稳定抓取方法。
常州大学,5,5,常州大学在机器人技术领域主要研究人体姿态评估与关键点检测、轻量化算法及高效控制方法，以及四足机器人的动力学模型和控制系统。通过改进深度学习模型和优化控制策略，实现高精度、实时性和轻量化的运动识别与模仿，提升机器人在辅助健身、复杂环境导航等应用场景中的性能。
联想(北京)有限公司,5,5,联想(北京)有限公司在机器人领域主要研究方向包括：关节模组与运动机构设计、可移动设备的智能跟随技术以及基于多模态数据的模型训练方法。这些技术旨在提升机器人的灵活性、自主导航能力和智能化水平。
上海人工智能创新中心,5,5,上海人工智能创新中心主要研究方向为虚实融合驱动的人形机器人行走训练方法和灵巧手操作控制技术，通过结合物理世界与仿真环境的数据优化机器人运动策略，提升其在复杂交互场景中的适应性和任务执行精度。同时，该中心还开发了利用VR设备生成高质量训练样本的方法，以增强机器人的学习能力。
浙江陀曼智能科技股份有限公司,5,5,浙江陀曼智能科技股份有限公司主要研究方向为丝杠传动结构的优化与创新，重点在于通过改进螺母、滚珠、滚柱等组件的设计及其相互作用方式，解决丝杠在使用过程中遇到的震动、径向跳动及热膨胀等问题，同时降低加工难度和成本。
无锡巨蟹智能驱动科技有限公司,5,5,无锡巨蟹智能驱动科技有限公司专注于开发带有行星轮和双速比切换功能的谐波驱动模组，通过集成无框电机、刹车系统及智能换挡机构，实现紧凑结构下的高效扭矩与速度调节，适用于多种机器人关节应用场景。
深圳市优世界机器人有限公司,5,5,深圳市优世界机器人有限公司专注于人形机器人的仿生结构设计与传动系统优化，特别是在肩部、嘴部及腰部的高精度运动模拟方面具有显著创新。通过精简且高效的机械结构和多连杆传动机制，实现更自然流畅的人体动作模仿，提升机器人的拟人化效果和市场竞争力。
浙江方正电机股份有限公司,5,5,浙江方正电机股份有限公司主要研究方向为人形机器人手臂总成，重点在于关节机构和推拉杆关节机构的设计与优化，通过采用多关节电机模组、谐波减速器及控制器总成等组件，实现高效散热、便捷安装及灵活运动。此外，还涉及零位定位结构以提高定位精度。
具身智人(北京)科技有限公司,5,5,具身智人(北京)科技有限公司主要研究方向为人形机器人的下肢系统和连接机构，通过优化设计提高机器人负载能力和整体性能，同时开发具备安全巡检、异常场景识别及人证核验功能的人形机器人。
重庆壮思飞智能装备有限公司,5,5,重庆壮思飞智能装备有限公司专注于人形机器人的运动控制和电机散热技术。在运动控制方面，通过集成多种传感器数据和动力学模型实现精确的关节控制；在电机散热方面，开发了高电气绝缘性石墨烯散热涂层，有效提升散热性能并保持良好的电气绝缘性。
浙江龙创电机技术创新有限公司,5,5,浙江龙创电机技术创新有限公司专注于机器人关节技术的优化与创新，主要研究方向包括高效散热结构设计、健康状态诊断方法以及高精度控制策略，旨在提升机器人在复杂工况下的稳定性和安全性。
江苏伟长机器人科技有限公司,5,5,江苏伟长机器人科技有限公司专注于人形机器人的高仿真材料和关键部件研发，包括具有生物兼容性和机械性能的皮肤材料、高效的液体散热系统、灵巧手设计以及高度仿真的头部结构，以提升机器人外观的真实感和功能的可靠性。
季灿人工智能实验室(深圳)有限公司,5,5,季灿人工智能实验室主要研究方向为人形机器人技术，包括关节和上肢结构设计以提高灵活性与实用性，以及开发用于工业环境安全监测的控制方法。此外，该实验室还专注于利用多模态数据和深度学习模型进行抑郁症识别，提升心理健康评估的准确性。
四川开物信息技术有限公司,5,5,四川开物信息技术有限公司主要研究方向为矿山领域的机器人技术，重点开发适用于矿山复绿和原料分拣的人形机器人系统。这些机器人具备地形适应、生态恢复、高效分拣等功能，通过集成多种传感器和控制系统，提高矿山作业的效率和自动化水平，减少人工劳动强度。
广东电网有限责任公司,5,5,广东电网有限责任公司的研究主攻方向集中在电力系统的自动化与智能化，特别是通过机器人技术实现变电站故障诊断、带电作业安全提升及多机器人高效任务调度。同时，在人型机器人移动控制和机器人质心稳定计算方面也展示了较强的研发能力。
卧龙电气(上海)中央研究院有限公司,5,5,卧龙电气(上海)中央研究院有限公司主要研究方向为机器人关节的高效散热、健康状态监测与故障诊断技术，以及通过多传感器融合实现的高精度位置控制和安全缓冲策略，以提升机器人在复杂工况下的稳定性和可靠性。
中电信人工智能科技(北京)有限公司,5,5,中电信人工智能科技(北京)有限公司主要研究方向为人形机器人控制器的训练与控制方法，通过强化学习和行为蒸馏技术提升机器人在复杂环境下的适应能力和多技能平滑切换能力，同时开发基于人物交互的控制策略以提高机器人执行复杂任务的精度。
深圳壕翎机器人有限公司,5,5,深圳壕翎机器人有限公司专注于人形机器人的测试设备及工艺，以及用于汽车核心零部件生产的人形机器人组装装配技术。其核心技术包括高效冲击测试装置和自动化清理维护系统，旨在提高机器人性能检测的便捷性和机械臂底座转动处的清洁保养效率。
深圳小象电动科技有限公司,5,5,深圳小象电动科技有限公司专注于轴向磁通电机技术的研发，特别是在提高电机的散热性能和扭矩输出方面。通过创新设计如内部冷却油循环系统和可变转子半径结构，实现了高效散热和高扭矩密度，适用于对负载能力和运动精度有较高要求的人形机器人关节模组。
内蒙古科学技术研究院,5,5,内蒙古科学技术研究院主要研究方向为人形机器人的智能化数据处理与优化控制技术，包括声音指令的智能分析与执行、基于并行计算的数据处理方法以及通过传感器实时监测和自适应调整机器人运动状态，同时关注机柜散热结构设计以保障设备运行效率。
上海人工智能研究院有限公司,5,5,上海人工智能研究院有限公司主要研究方向为人形机器人的智能化数据处理与优化控制技术，包括基于听觉传感器的声音指令分析及优先级处理、并行计算下的实时运动数据监测与自适应调整，以及机柜散热结构设计以保障机器人性能稳定。
富临精工股份有限公司,5,5,富临精工股份有限公司专注于机器人关节模组的创新设计，特别是在中空谐波关节、摆线减速器关节以及密封结构方面。通过优化柔轮结构和浮动盘设计，提升关节模组的整体强度和可靠性，同时减小尺寸以适应小型自动化机器人需求，并确保输出端的密封性能，延长使用寿命。
北京市科学技术研究院,5,5,北京市科学技术研究院在机器人领域主要研究双足人形机器人的姿态检测和碰撞管理技术，通过时序多尺度特征融合和时序视觉分析提高姿态检测的准确率和碰撞风险的管理效果。同时，也在开发适用于行星滚珠丝杠的高耐磨涂层制备方法，以提升机械部件的耐用性和生产效率。
北京逐际动力科技有限公司,5,5,北京逐际动力科技有限公司专注于机器人致动器的小型化与高精度设计，以及多关节机器人的高效运动控制技术。同时，该公司在基于视觉语言模型的机器人操作任务控制和惯性测量器件标定方法上也进行了深入研究，以提升机器人动作执行精度和运算效率。
武汉元宝创意科技有限公司,5,5,武汉元宝创意科技有限公司专注于机械控制领域，特别是缆线控制技术和灵巧手驱动装置的研发。其核心技术包括通过智能张力调节和拓扑结构优化实现缆线的高效、精确控制，以及利用创新的传动机制提高机械手及灵巧手的操作灵活性与控制精度。
杭叉集团股份有限公司,5,5,杭叉集团股份有限公司主要研究方向为人形机器人的设计与控制技术，特别是在多模式行走切换机制和高灵活度腕关节结构方面具有显著创新。通过开发能够适应不同环境需求的可变形态移动系统以及增强操作灵活性的仿生关节，该公司致力于提升人形机器人在物流搬运等应用场景中的实用性和效率。
成都航天凯特机电科技有限公司,5,5,成都航天凯特机电科技有限公司主要研究方向为人形机器人的控制方法与系统，特别是在复杂环境下的运动控制和保护技术，以及针对特定应用场景如大型储罐腐蚀检测和熔岩环境监测的智能路径规划与优化。
西安工业大学,5,5,西安工业大学在机器人领域主要研究高稳定性柔性应变传感器和仿生复合足装备。其核心技术包括开发适用于人形机器人的高稳定性阻抗调制柔性应变传感器，以及设计具有自动伸缩、弹力增加和减震功能的仿生复合足装备，以提升机器人在复杂环境中的适应性和稳定性。
安徽墨甲智创机器人科技有限公司,5,5,安徽墨甲智创机器人科技有限公司专注于人形机器人的运转、充电及搬运技术，通过设计高效的一体化设备和智能控制方法，提高机器人的使用便利性和工作效率。主要技术方向包括基于重心设计的快速固定与充电装置、智能化搬运系统以及利用数字孪生平台优化移动平台的自主导航策略。
无锡市锡港沪灵巧机器人有限公司,5,5,无锡市锡港沪灵巧机器人有限公司专注于人形机器人线性执行器的高动态响应控制方法与系统，以及内嵌式转子结构和综合性能测试平台。通过优化压力与力矩数据处理、动态预测模型构建及一体化设计，提升执行器的推力密度、输出功率和控制精度，适用于人形机器人关节等场景。
杭州市余杭区海创人形机器人产业创新中心,5,5,该企业主攻方向为多自由度与动态形态转换的陪伴机器人、参数化驱动的眼睛动画生成、多机器人协同绘画任务调度、基于扩散模型的打击乐机器人演奏控制以及基于图像识别的机器人绘画路径生成，重点在于提升机器人的拟人化交互能力、艺术表现力和复杂任务执行效率。
智澄英达(杭州)科技有限公司,5,5,智澄英达(杭州)科技有限公司专注于高性能通用人形机器人的研发，重点在于灵活的硬件架构和先进的控制算法。其核心技术包括模块化设计、标准接口连接、深度强化学习与多模态大模型的整体协调控制程序，以及优化的腰髋部和下肢结构，以提高机器人在服务业、制造业等领域的适应性和实用性。
领湖智能(深圳)有限公司,5,5,领湖智能(深圳)有限公司专注于机器人及微型航模的动力传动系统研发，主攻高效紧凑的多级变速传动装置设计，采用行星轮结构和集成化动力输出技术，实现高传动比和稳定性能。同时，该公司在车载幕布电机和机器人关节驱动领域也有创新，注重线体连接稳定性和运动精准控制。
金发科技股份有限公司,5,5,金发科技股份有限公司主要研究方向为高性能工程塑料的开发与应用，特别是聚碳酸酯和聚酯复合材料的改性技术，通过添加不同功能性的助剂和增强材料，提高产品的阻燃性、耐化学性、耐疲劳性及机械性能，广泛应用于机器人及其他高要求领域。
合肥柔性科天机器人材料有限公司,5,5,合肥柔性科天机器人材料有限公司专注于开发轻量化、低成本且具有高耐磨性和耐老化的机器人皮肤材料，通过创新的聚氨酯和硅胶复合技术提升表面性能，并研究相关模具平台装置以优化制造工艺。同时，该公司还致力于增强柔性传感机器人皮肤材料的界面结合强度，提高其长期使用的可靠性。
江苏汇博机器人技术股份有限公司,5,5,江苏汇博机器人技术股份有限公司专注于自动化装配设备的研发，特别是在电机及其组件的全自动装配领域。其技术涵盖从电路板、行星轮组到关节电机转子等关键部件的高效率、高质量组装，并结合实训教学需求，提供智能化生产线解决方案。
温州市冠盛汽车零部件集团股份有限公司,5,5,该企业专注于机器人关节和机械臂的设计与优化，通过创新的等速万向节、紧凑型关节模组及高效传动系统，实现多自由度、高灵活性和轻量化的机器人结构，同时开发了自动化快换装置以提高末端执行器的更换效率。
苏州天江科技有限公司,5,5,苏州天江科技有限公司专注于人形机器人关节电机的制造与装配技术，主要研究方向包括电机关键部件如无框电机焊接装置、端盖密封圈压入工装、轴承压装结构、转子轭设计以及定子灌胶工装等，旨在提高电机性能、简化生产流程并增强产品稳定性。
北京汉库机器人技术有限公司,4,4,北京汉库机器人技术有限公司专注于小型双足人形机器人的电机设计与无线传感器网络通讯控制技术，通过改进电机结构和增加电子自锁功能提升机器人关节的控制性能，同时利用ZigBee模块实现多机器人间的高效通信与协同控制。
北京格物明理教育咨询有限公司,4,4,该企业专注于十自由度机器人的设计与制造，通过优化关节配置提高机器人动作灵活性和稳定性，同时开发了直观简便的离线动作编写方法，整体技术方案强调成本控制及教学应用适配性。
北京联合大学,4,4,北京联合大学在机器人领域主要研究方向为设计和开发具有特定自由度的串联人形机器人及适用于复杂环境下的移动平台。通过采用数字伺服电机实现精确控制，并利用创新的机械结构如平行四边形机构来增强机器人的稳定性和适应性，以满足不同应用场景的需求。
康茂股份公司,4,4,康茂股份公司专注于机器人技术，特别是在工业应用中的远程激光焊接、传感器化覆盖物以及便携式安全控制装置。其核心技术包括提高机器人在复杂环境下的操作精度与安全性，通过集成先进的传感技术和创新的机械设计来实现高效、灵活且安全的自动化解决方案。
奥尔德巴伦机器人公司,4,4,奥尔德巴伦机器人公司专注于开发能够生成和执行复杂情境行为的移动机器人系统，使非专业用户也能轻松创建和编辑机器人行为。同时，该公司还致力于优化机器人关节刚度以提高其在不同环境下的适应性和稳定性，并通过图像处理技术实现对移动元件方向偏差的精确估计。
日照金慧科技信息咨询有限公司,4,4,日照金慧科技信息咨询有限公司专注于智能娱乐机器人的研发，特别是基于光码盘感应和多传感器融合技术的舞蹈机器人。其研究重点在于设计灵活协调的机械结构与高效的控制电路，以实现机器人的自主学习、语音识别及复杂动作执行能力，增强娱乐性和互动体验。
欧姆龙株式会社,4,4,欧姆龙株式会社在机器人领域主要研究方向包括：可扩展性装置设计、路径规划与避障算法、运动控制优化以及高自由度关节结构。这些技术共同致力于提高机器人的灵活性、安全性和效率。
优必选教育(深圳)有限公司,4,4,优必选教育(深圳)有限公司专注于仿人形机器人的智能化控制与结构设计，特别是在机器人摔倒后自动站立的控制方法及装置方面具有显著技术优势。此外，该公司还致力于开发安全可靠的人形机器人头部结构和灵活的功能扩展模块，以增强机器人适应性和用户体验。
深圳市智童科技有限公司,4,4,深圳市智童科技有限公司专注于智能人形机器人的研发，特别是在教育娱乐型机器人设计、高效可靠的数字式串联舵机在线标定技术以及采用一体成型工艺的高耐用性连接件方面具有显著优势，这些技术共同提升了机器人整体性能及灵活性。
华尔嘉(泉州)机械制造有限公司,4,4,华尔嘉(泉州)机械制造有限公司专注于开发具有高度互动性和实用性的仿人机器人技术，特别是在拳击模拟、成衣检测、鞋服展示及多自由度运动控制方面。其研究重点在于通过集成先进的传感器技术和智能控制系统，提升机器人的自主导航、动态展示和环境适应能力。
株式会社理光,4,4,株式会社理光在机器人领域的研究主要集中在提高机器人安全性和自主性上，具体表现为开发能够增强人机交互安全的压力传感器技术、优化移动设备任务调度以提升能源效率的方法以及改进图像处理和拍摄条件校正技术来增强机器人的环境感知能力。
鲁班嫡系机器人,4,4,鲁班嫡系机器人专注于自动化装配和轨迹规划技术，通过图像识别、位姿识别及标记优化等手段提高装配精度与泛化性，实现高效精准的目标物抓取与装配。
南京邮电大学,4,4,南京邮电大学在机器人领域主要研究方向包括类人型机器人的平衡控制与复杂地形行走方法，通过优化关节角度和采用高斯混合策略的PPO算法提升动态平衡能力和步态自然性；同时探索6G网络下的智能体交互与资源分配技术，利用联邦学习和多维优化实现高效通信与能耗管理。
清华大学深圳国际研究生院,4,4,清华大学深圳国际研究生院在机器人领域主要研究方向包括基于强化学习的运动控制与决策优化、主动目标搜索与人机交互技术，以及利用分数模型提升离线强化学习性能的方法。这些技术旨在提高机器人在复杂环境中的自主导航、任务执行和互动能力。
乐森机器人(北京)有限公司,4,4,乐森机器人专注于开发高集成度和空间利用率的舵机技术，适用于细手臂类型的人形机器人，并设计了创新的弹射装置及高度仿真的机器人头部驱动机构，以实现更真实的动作表现和互动体验。
中国移动通信集团终端有限公司,4,4,该企业主攻方向为基于用户属性（如年龄、性别）的人工智能设备控制技术，通过动态调整知识库、声音和图像参数，使智能机器人能够适应用户的成长变化，提供更加个性化和互动性的用户体验。
重庆理工大学,4,4,重庆理工大学在机器人领域主要研究方向为仿人表情机器人的头部和嘴部结构设计，以及基于深度学习的实时人机交互意图识别与自然动作交互方法。通过优化机械结构和智能算法，提高机器人表情表现力及人机交互的自然性和主动性。
长安大学,4,4,长安大学在机器人领域主要研究方向为移动双臂机器人的智能运动规划和人形机器人手臂总成及关节组件设计。通过引入逆可达性图和多维传动链技术，实现高效协同运动规划和仿人类关节的多维度复合动作，提高机器人在动态环境下的适应性和操作性能。
浙江大学湖州研究院,4,4,浙江大学湖州研究院主要研究面向太空微重力环境的仿人形机器人，重点开发轻量化、高可靠性的下肢结构和小型化关节驱动与传动系统，通过3D打印技术实现机器人在空间站内的灵活作业和与航天员的高效协作。
深圳市优必行科技有限公司,4,4,深圳市优必行科技有限公司主要研究方向为机器人技术，特别是在图像获取与校正、多机器人集群运动控制以及高耐久低损耗的关节模块设计方面。这些技术旨在提高机器人巡检成功率、解决多机器人协同作业中的拥堵及碰撞问题，并适应人形机器人长期高频运动的需求。
深圳市光鉴科技有限公司,4,4,深圳市光鉴科技有限公司专注于高精度深度相机技术的研发，结合TOF、双目视觉和结构光等多种技术手段生成并融合3D点云数据以提高深度信息的准确性和完整性。同时，该公司还致力于开发适用于机器人定位测试的平台及自适应标定系统，以实现对机器人在复杂环境下的高效精准定位。
瑞基机器人有限公司,4,4,瑞基机器人有限公司专注于开发高效、轻量化的机器人关节技术，包括仿生膝关节与双稳态电磁制动器。其核心技术在于通过创新的传动机制和材料应用，如不完全蜗轮蜗杆机构、连续碳纤维复合材料等，实现关节组件的精准控制与显著减重，同时降低能源消耗，提升人形机器人的整体性能与实用性。
江苏科技大学,4,4,江苏科技大学在机器人关节技术领域具有显著研究，专注于开发高集成度、多模式输出的关节模组及谐波减速器精度衰退测试技术。同时，在材料科学方面，该校创新了高强度合金的制备方法，提升了材料性能。此外，还发展了基于无量纲分析的机械构件疲劳寿命预测方法，增强了产品设计与评估的准确性。
西安理工大学,4,4,西安理工大学在机器人领域主要研究增强现实与视觉反馈的远程控制系统、实时人脸表情识别及人机交互系统，以及高精度滚珠丝杠误差识别方法。这些技术旨在提高机器人的操作直观性、反馈及时性和控制精度。
湖北启灵机器人有限公司,4,4,湖北启灵机器人有限公司专注于足式机器人的运动轨迹规划与优化，以及高自由度两足机器人的结构设计。其核心技术包括全局无碰撞轨迹生成、非线性动力学轨迹优化和紧凑高效的关节布局，以提高机器人的运动性能和稳定性。
北京小米移动软件有限公司,4,4,北京小米移动软件有限公司在机器人领域主要研究方向为开发用户友好的交互界面和控制方法，通过终端设备实现对机器人的远程操控及功能设置，同时利用多传感器技术增强机器人与环境及用户的互动能力。
山东台稳精密机械有限公司,4,4,山东台稳精密机械有限公司专注于高精度、紧凑型电缸和丝杠传动技术的研发，特别是在人形机器人关节领域。其核心技术包括沿圆弧轨迹运动的电缸、渐开线加摆线齿的双丝杠预紧反式行星滚柱丝杠副以及具有高扭矩输出的人形机器人用摆动电缸，旨在提高传动系统的定位精度、刚度和灵活性。
深圳市瑞河科技有限公司,4,4,深圳市瑞河科技有限公司专注于开发适用于高空作业的人形机器人，采用轻质材料和人形结构设计，具备自主导航、定位、人机交互、深度学习、环境感知及决策能力。结合升降机构和吸盘装置，实现在多种环境下的自主或远程协作作业。
珠海格力电器股份有限公司,4,4,珠海格力电器股份有限公司在机器人领域主要研究方向为提高谐波减速器及关节模组的性能与寿命，通过创新设计和材料应用增强其可靠性与紧凑性，并开发自动化场景生成技术以提升机器人训练效率。
重庆交通大学,4,4,重庆交通大学在机器人领域的研究主要集中在可重构并连杆式轮腿机构和仿生双足机器人的平衡控制方法。前者通过模块化设计和伸缩结构提高机器人对复杂地形的适应性，后者则利用动力学模型预测与优化控制策略增强机器人的稳定性和抗冲击能力。
深圳技术大学,4,4,深圳技术大学在机器人领域的研究主攻方向集中在高灵敏度柔性触觉传感器的开发和液压驱动人形机器人腿部结构的设计。通过改良压电材料提高传感器性能，实现多参量同时测量；采用精密叶片摆动缸与直驱阀组结合的液压驱动方案，提升机器人下肢的灵活性、可靠性和适应性。
湖南超能机器人技术有限公司,4,4,湖南超能机器人技术有限公司专注于基于多模态大模型的家庭健康服务机器人及人形机器人的智能交互与自主行动规划。其核心技术包括利用视觉-语言模型进行健康诊断和报告生成，以及通过图像和语言基础模型实现室内环境下的自主导航与动作控制。
山东智慧医工电子信息科技有限公司,4,4,山东智慧医工电子信息科技有限公司主要研究方向为基于VR头戴设备和穿戴式传感器的人形机器人远程控制技术，通过融合多种传感器数据、高级图像处理及滤波技术，实现高精度的头部运动控制和手脚协同控制，提升人机交互的自然性和舒适度，在医疗辅助、紧急救援和工业自动化等领域具有广泛应用潜力。
北京唯实具身智能研究院,4,4,北京唯实具身智能研究院主要研究人形机器人的步态控制和摆动腿控制技术，通过分析运动数据判断摔倒状态并调整步态，同时利用触发式采样机制预测和调控质心角动量以优化落脚点位置。
浙江禾川科技股份有限公司,4,4,浙江禾川科技股份有限公司专注于人形机器人上肢装置和仿人手技术的研发，通过模块化设计实现快速组装与拆卸，并采用腱绳传动机制提高仿人手指的灵活性与控制精度。
北京龙软科技股份有限公司,4,4,北京龙软科技股份有限公司专注于基于时空信息对的人工智能系统，通过集成视觉、听觉和嗅觉采集设备，实现多维度数据的实时采集与融合处理。其核心技术包括高效多维码编码与解析方法，以及在复杂环境下的机器人支护作业，为机器人、无人驾驶汽车、智能眼镜等提供精准识别与理解能力。
深圳大学,4,4,深圳大学在机器人领域主要研究方向包括仿生灵巧手设计与控制、机器人仿真眼球情感表达技术、无线传输装置以增强视觉和听觉信号的远程传输质量，以及可切换运动模式的装置来提高人形机器人的移动灵活性和适应性。
支付宝(杭州)数字服务技术有限公司,4,4,该企业专注于机器人技术的创新，特别是在虚拟角色动作生成、多任务协同调度、端云协同健康服务以及具身智能体控制等方面。通过高效的动作解算、原子动作调度、健康数据处理和自回归预测模型，提升机器人的智能化和服务效率。
杭州德奔科技开发有限公司,4,4,杭州德奔科技开发有限公司专注于高精度多轴联动数控磨床技术，通过优化布局和调节机构减少累积误差，提高加工精度。同时，该公司还致力于精密机械零件的研磨抛光技术，利用流体研磨剂和特殊结构设计提高研磨效率和均匀性，适用于复杂形貌零件的高效精密加工。
哈工大苏州研究院,4,4,哈工大苏州研究院专注于人形机器人的高动态运动控制技术，特别是跳跃和行走的实时优化与强化学习方法。通过在线质心轨迹优化、模型预测控制及全身控制器实现复杂环境下的稳定高效运动。
四川长虹虹微科技有限公司,4,4,四川长虹虹微科技有限公司主要研究方向集中在人形机器人的端到端操作行为和技能训练方法及其数字仿真系统，以及机器人关节的高效散热技术。通过开发高效的泛化学习和技能迁移能力，结合创新的发汗冷却结构和脉动热管散热技术，提升机器人在复杂任务场景中的适应性和长期运行的可靠性。
广州信邦智能装备股份有限公司,4,4,广州信邦智能装备股份有限公司主要研究方向为新能源电池模组的智能检测与装配技术，以及复杂装配结构件和汽车加工过程中的视觉检测方法。通过多尺度分解、特征提取等算法提升检测精度与效率，并优化装配流程以提高生产自动化水平。
启元实验室,4,4,启元实验室专注于机器人运动控制与操作技术，特别是在足式和双足机器人的仿真训练、任务执行及环境交互方面。同时，该实验室还致力于开发高效的软件算法测试方法以及高精度的跨模态相对定位系统，以提升机器人在复杂环境中的自主性和稳定性。
GDM控股有限责任公司,4,4,GDM控股有限责任公司专注于利用机器学习模型提升机器人控制与任务执行能力，特别是通过多模态传感器数据融合、分级控制器设计及基于模拟训练的策略神经网络优化智能体行为。此外，还探索了使用词元化图像处理技术增强机器人对环境的理解与交互效率。
香港中文大学(深圳),4,4,香港中文大学(深圳)在机器人领域的研究主要集中在基于多源信息感知的抑郁症诊疗一体化人形机器人和优化双足机器人的运动控制方法。通过集成多种传感器和智能算法，实现对抑郁症患者的精准诊断与个性化治疗，并提高双足机器人的平衡性和步态稳定性。
武汉灏存科技有限公司,4,4,武汉灏存科技有限公司专注于人形机器人技术，主要研究方向包括基于穿戴型肢体动作识别的机器人动作训练方法、肌肉仿生学驱动的机器人关节运动系统以及电子皮肤力反馈模组。通过这些技术，实现高效的动作数据获取与训练、灵活高效的关节运动及高灵敏度的触觉感知，推动人形机器人在多领域的应用。
深圳市大象机器人科技有限公司,4,4,深圳市大象机器人科技有限公司专注于基于虚拟现实和动捕技术的人形机器人远程控制与运动重定向，通过VR设备和动捕设备实现人机交互的精确映射和实时控制，提高系统的低门槛、交互性、安全性和灵活性。
墨的(常州)智能科技有限公司,4,4,墨的(常州)智能科技有限公司专注于机器人伺服控制和供电系统的优化，通过重力补偿自适应调整伺服参数以提升系统鲁棒性，并采用模块化分布式供电策略增强电源管理的可靠性和使用寿命。
成都市凯瑞医疗科技有限公司,4,4,成都市凯瑞医疗科技有限公司主要研究方向为基于人形机器人的静脉采血装置及系统，涉及智能采血桌、采血耗材供应、穿刺机器人、手臂固定、耗材回收和视觉检测等模块，实现自动化采血流程。同时，该公司还设计了适用于多场景的人形机器人外观。
内蒙古工业大学,4,4,内蒙古工业大学在机器人领域主要研究方向为多自由度人形机器人灵巧手设计与反向循环式行星滚柱丝杠副技术，旨在提高机器人手部抓取效率和稳定性，同时优化线性关节传动性能。
天翼数字生活科技有限公司,4,4,天翼数字生活科技有限公司专注于家用机器人和家庭网络环境的智能化提升，主要研究方向包括AI算法模型自动同步、家庭网络质量热力图生成与可视化、基于大语言模型的任务规划优化以及远场语音识别技术，旨在提高家庭智能设备的自动化水平、网络环境评估精度和人机交互体验。
金皇冠智能科技(苏州)有限公司,4,4,金皇冠智能科技(苏州)有限公司专注于人形机器人在建筑施工领域的应用，特别是钢筋绑扎和智能装修施工。通过多模态感知、IMU姿态数据校准、智能决策和柔性机械臂技术，实现高精度、高效率的自动化施工作业，并支持复杂曲面的自主作业和多机器人协同作业。
超级机器人研究院(黄埔),4,4,超级机器人研究院(黄埔)专注于开发高度仿生且结构紧凑的人形机器人，特别是在面部表情模拟、腿部运动和腕关节设计方面。其研究强调通过模块化设计和创新的驱动机制来提高机器人的自由度、降低成本并简化制造过程，以实现更自然流畅的动作表现。
何宋西莹,4,4,何宋西莹的研究主攻方向集中在机器人技术领域，特别是在数据安全传输、学习注意力识别、动态环境感知与任务规划调整以及基于深度学习的智能焊接控制等方面，通过创新方法和系统提高机器人的安全性、稳定性和工作效率。
上海青瞳视觉科技有限公司,4,4,上海青瞳视觉科技有限公司专注于基于光惯融合的全身动作捕捉技术，结合IMU传感器、摄像头和触觉传感器等多模态数据，实现高精度的人体及手指动作捕捉。通过优化处理后的动作数据输入强化学习模型，提升人形机器人的学习效率和动作执行准确性。
苏州英辉机器人科技有限公司,4,4,苏州英辉机器人科技有限公司专注于人形机器人一体化关节模组的研发，通过固定座、安装座及锁止机构的设计，实现关节模组与机器人本体的稳定连接和限位，确保在使用过程中不会发生位移。
浙江新旭德电机有限公司,4,4,浙江新旭德电机有限公司专注于人形机器人伺服电机驱动系统及旋转执行器的研发，通过优化主体骨架驱动模块、关节驱动模块、传感模块和散热缓冲驱动模块的协同工作，提升机器人的运动性能，并改进旋转执行器的安装便利性和稳定性。
芯蓥智铖(重庆)科技有限公司,4,4,芯蓥智铖(重庆)科技有限公司专注于人形机器人的移动机构和关节模组技术，通过模块化设计、多级升降机构和无框力矩电机等创新，实现高精度定位、大负载能力和紧凑结构，显著提升机器人工作范围和控制精度。
浙江维克机械科技有限公司,4,4,浙江维克机械科技有限公司专注于人形机器人关节丝杆螺母加工设备的研发，通过优化加工设备的结构设计和工件夹持机构，提高超长丝杆螺母内螺纹加工效率和稳定性。同时，引入在线修整机构以进一步提升整体工作效率。
苏州哈亚精密机械有限公司,4,4,苏州哈亚精密机械有限公司专注于人形机器人关节部件的加工与测试技术，主要研究方向包括提高关节部件加工效率的定位与夹紧复合工装，以及确保关节轴承抗冲击测试准确性的测试装置。通过自动化和稳定性的提升，解决传统工艺中的效率低下和测试结果偏差问题。
木鱼星河技术创新(广东)有限公司,4,4,木鱼星河技术创新(广东)有限公司专注于人形机器人的自适应步态生成与优化技术，通过深度学习和图像数据处理，使机器人能够根据外部环境变化如坡度、摩擦力、负载等自动调整步态，提高其在复杂地形中的行走稳定性和鲁棒性。
青岛哈尔滨工程大学创新发展中心,4,4,青岛哈尔滨工程大学创新发展中心主要研究两栖人形机器人的水中姿态调节方法，通过建立多坐标系和应用静力平衡原理，结合浮力调节装置和姿态调节推进器，实现机器人在水中的姿态控制与优化，确保其在不同介质间的平稳过渡及高效运动。
中机科(北京)车辆检测工程研究院有限公司,4,4,中机科(北京)车辆检测工程研究院有限公司主要研究方向为人形机器人的多楼层导航能力和动态跳跃性能测试，通过构建综合评价模型和多模态传感系统，提升机器人在复杂环境中的定位精度、楼层识别准确率及动态参数记录能力。
河南福申电子科技有限公司,4,4,河南福申电子科技有限公司主要研究方向为人形机器人的智能传感器技术，特别是基于石墨烯的触觉-握力二合一传感器和多场景融合嗅觉感知系统。这些技术旨在提高机器人在复杂环境中的感知精度与交互能力，实现更精细、智能的操作控制及泄漏检测功能。
上海蜘蛛侠机器人有限公司,4,4,上海蜘蛛侠机器人有限公司专注于开发基于视觉感知和智能控制技术的高精度抓取与放置系统，特别是在工业场景中应用的人形机械臂。其核心技术包括利用视觉模块进行环境感知、构建局部世界模型以及采用柔性自适应控制策略实现精准定位与操作，旨在提高机器人在复杂环境下的适应性和作业精度。
中山市伯士的化工科技有限公司,4,4,中山市伯士的化工科技有限公司专注于开发人形机器人外层材料及其制备方法，主要研究方向包括片材缠绕式3D打印技术和多层硅胶喷涂技术，以实现高仿生触感、自修复功能和优异的机械性能，适用于复杂曲面结构和金属基体的结合。
佛山市安融德企业管理有限公司,4,4,佛山市安融德企业管理有限公司主要研究方向为人形机器人外层材料的制备与成型技术，包括片材缠绕式3D打印方法和硅胶喷涂外皮成型方法，以提高机器人皮肤的触感、自修复能力、耐久性和抗冲击性能。
天长市伯士的环保新材料有限公司,4,4,该企业主要研究方向为利用3D打印和喷涂技术制备人形机器人外层，通过片材缠绕和多层硅胶喷涂实现高曲面适应性、自修复功能及增强的机械性能，提升机器人皮肤的触感、耐用性和安全性。
佛山市伯恒基科技有限公司,4,4,佛山市伯恒基科技有限公司专注于人形机器人外层材料和制备方法的研究，主要通过片材缠绕式3D打印技术和多层硅胶喷涂技术，解决传统方法在复杂曲面结构中的固化和均匀分布问题，提升机器人外皮的触感、自修复能力、耐久性和连接稳定性。
德清县浙工大莫干山研究院,4,4,德清县浙工大莫干山研究院主要研究方向为人形机器人姿态估计技术，特别是基于物理信息约束和自适应滤波的方法。通过构建混合模型驱动的网络结构和滤波框架，结合先验模型与实时传感器数据，有效提高姿态估计的准确性和鲁棒性，减少对大量标注数据的需求。
宁波金鸡强磁股份有限公司,4,4,宁波金鸡强磁股份有限公司专注于高性能钕铁硼磁体的制备与应用，通过优化材料成分、制备工艺及结构设计，实现高矫顽力、低退磁率和无重稀土的磁体性能提升。同时，该公司还开发了集成热冲压与热流变成形技术的磁环制造装置，提高生产效率和产品质量。
华盛控智能科技(广东)有限公司,4,4,华盛控智能科技(广东)有限公司专注于人形机器人的多模态环境感知与自适应底盘控制技术，通过多维触觉传感器和深度学习算法提升机器人在复杂环境中的精度、稳定性和安全性；同时研发仿生脊椎柔性驱动结构及其控制系统，增强机器人腰部的灵活性、抗冲击能力和能效。
佛山扬橙科技有限公司,4,4,佛山扬橙科技有限公司专注于人形机器人外层材料的制备与成型技术，主要研究方向包括片材缠绕式3D打印方法和硅胶喷涂外皮成型方法，以提高外层材料的均匀性、结合强度及仿生性能。同时，该公司还开发了具有高稳定性和抗冲击性的穿戴式机器人皮肤。
广东金玛机器人技术开发有限公司,4,4,广东金玛机器人技术开发有限公司主要研究方向为多模态感知安防人形机器人的控制方法及行为标记技术，通过集成多种传感器和优化算法提升机器人在复杂环境中的危险识别精度与响应速度，并根据应用场景变化自动调整角色模式以适应不同工作需求。
佛山的度云企业管理有限公司,4,4,该企业专注于人形机器人外层材料的制备与成型技术，主要研究方向包括片材缠绕式3D打印方法和硅胶喷涂外皮成型方法，以提高外层材料的均匀性、结合强度及仿生性能，同时开发了穿戴式机器人皮肤，采用磁吸与凹凸咬合双重固定机制增强其耐用性和稳定性。
迈格发(上海)科技股份有限公司,4,4,迈格发(上海)科技股份有限公司专注于人形机器人关节驱动系统的核心部件研发，主要研究方向包括高精度、高承载能力和轻量化的减速器及滚珠丝杠。通过优化设计和先进制造工艺，提升旋转精度、刚性、耐磨性能及动态响应能力，以满足复杂工况下的人形机器人运动控制需求。
柴轮,4,4,柴轮专注于人形机器人的动力链系统和人机互教技术，通过气囊组件和κ系数动态调节器实现精确的力度控制和柔顺动作，同时利用混合学习框架整合多模态学习能力，提高技能学习效率和适应性。
上海萝博派对科技有限公司,4,4,上海萝博派对科技有限公司专注于人形机器人的足部和脚踝结构设计，通过创新的单侧并联连杆式脚踝结构和多层复合缓冲设计，提升机器人在复杂地形中的适应性和稳定性，同时优化控制频率和IMU数据同步性以增强实际环境下的性能。
杭州云深处科技股份有限公司,4,4,杭州云深处科技股份有限公司专注于人形机器人的关节机构设计与跌倒自恢复技术。其关节机构通过创新的壳体和线腔设计，增加了走线空间，提高了安装灵活性；跌倒自恢复技术结合模仿学习和强化学习，提升了机器人在跌倒后的自主、稳定及鲁棒性恢复能力。
深圳市富恒新材料股份有限公司,4,4,深圳市富恒新材料股份有限公司专注于开发应用于人形机器人的高性能聚醚醚酮（PEEK）材料，通过引入改性剂和动态交联网络设计，显著提升材料的抗裂性能和低温韧性，解决热循环工况下的应用瓶颈。
上海锦科电气科技有限公司,4,4,上海锦科电气科技有限公司主要研究方向为人形机器人无框力矩电机的测试技术，包括负载特性和齿槽反电势测试。通过设计可调节和多功能的测试装置，实现对不同型号和尺寸电机的稳定测试，并提供多重安全保护机制以确保测试精度。
张鹏,4,4,张鹏的研究主攻方向是基于大模型和AI技术的高级计划与排程系统，特别是在全自动化无人工厂中的机器人调度决策与仿真预演，通过智能体平台实现生产任务的智能分配和机器人集群的高效调度。
南方电网人工智能科技有限公司,4,4,南方电网人工智能科技有限公司主要研究方向为提升搬运机械臂和轮式人形机器人的工作效率与可靠性，通过创新设计如吹气清洁吸附机构和同步清扫转向系统，确保物品搬运过程中的稳定性和环境适应性。
江苏鹏润电缆科技有限公司,4,4,江苏鹏润电缆科技有限公司专注于人形机器人用电缆的生产和加工技术，主要研究方向包括电缆绞合装置中的张力实时监测与调节，以及柔性电缆护套的梯度冷却和均匀冷却技术，以提高电缆的机械性能和稳定性。
徐兰萍,4,4,徐兰萍的研究主攻方向集中在人形机器人的生物仿真技术，特别是在模拟人体消化系统和真发生长保养方面。通过创新的装置和方法，实现了机器人在食物消化、排泄物利用以及真发自然生长与保养方面的突破，提升了机器人的功能性和外观逼真度。
深圳芯牛顿机器人技术有限公司,4,4,深圳芯牛顿机器人技术有限公司专注于人形机器人的设计与优化，特别是在腰部装置的创新上，通过改进轴承和俯仰轴承的位置设计，有效提升了旋转驱动模组和俯仰电机的使用寿命及承载能力。同时，该公司还致力于提高人形机器人整体结构的紧凑性和关节自由度，以增强其运动效率和可靠性。
东莞松灵科技有限公司,4,4,东莞松灵科技有限公司专注于机器人领域的数据处理与控制技术，主要研究方向包括激光雷达点云数据的优化处理以提升导航精度、基于实时状态和观测数据的动作序列生成方法增强任务执行流畅性，以及多传感器数据校验确保信息准确性。同时，该公司还致力于通过改进模型训练方式来提高机器人对动作指令的理解和执行能力。
青岛大学,4,4,青岛大学在机器人领域的研究主要集中在人形机器人的导航与运动控制技术，通过视觉语义分割、激光雷达障碍物检测及深度学习方法实现复杂环境下的高效路径规划与稳定行走。
武汉格蓝若智能机器人有限公司,4,4,武汉格蓝若智能机器人有限公司专注于开发高可靠性和稳定性的机器人控制系统，包括冗余设计的控制架构、优化的腿部结构和驱动机制、融合UWB与视觉的自动跟随技术，以及高效的电池管理系统。这些技术共同提升了机器人在复杂环境中的适应性和运行稳定性。
电子科技大学中山学院,4,4,电子科技大学中山学院专注于人形机器人的运动控制与强化学习技术，通过模型预测控制和深度学习方法优化机器人全身动作及特定任务如挑球的稳定性与准确性，结合动力学原理和抗扰策略提升机器人在复杂环境下的适应性和执行效率。
安徽国电电缆股份有限公司,4,4,安徽国电电缆股份有限公司专注于研发适用于人形机器人的高性能电缆，主要技术方向包括采用交联聚乙烯绝缘材料和改性PVC材料的铝合金电缆。通过优化电缆内部结构设计，如导体分隔、导热材料应用及散热结构设置，提高电缆的柔韧性、热稳定性、抗老化能力和散热性能，确保机器人在复杂工作环境下的可靠运行。
深圳市炫丽塑胶科技有限公司,4,4,深圳市炫丽塑胶科技有限公司专注于人形机器人皮肤材料的制备与成型技术，主要研究方向包括高效的材料混合装置和浇筑成型装置。通过多叶搅拌杆实现高质量的材料混合，并利用L型摆动臂和脱模吸盘等组件提高浇筑成型的效率和成品质量。
常州先进制造技术研究所,4,4,常州先进制造技术研究所主要研究方向为人形机器人的调试与移动技术，包括开发用于人形机器人安全调试的支撑架和具备全方位减震及姿态调整功能的轮式移动平台。这些技术旨在提高人形机器人的稳定性和灵活性，同时降低能耗和维护成本。
浙江汉钦科技有限公司,4,4,浙江汉钦科技有限公司专注于电液混驱主被动人形机器人的研发，结合液压和电机驱动技术优势，实现高动态、高负载、高精度操作及能效优化，特别在下肢的多自由度关节设计上采用分布式液压驱动与电机关节模组相结合的方式，显著提升整机性能。
新一代(重庆)智能装备技术有限公司,4,4,该企业专注于人形机器人在复杂环境中的高效调度与智能避障技术，通过多模态传感器数据融合、动态路径规划及实时任务分配，实现无冲突的高精度导航和资源优化利用。
重庆工业智能技术研究院,4,4,重庆工业智能技术研究院主要研究方向为人形机器人的脚力信息检测和固态氢能系统的高效供能。通过在机器人脚部嵌入应变传感纱线、六维力传感器和柔性压阻薄膜，实现三维力场的高精度检测；同时开发了包括固态储氢、氢气输送和燃料电池在内的集成系统，以提高能量转换效率和运动控制协同性。
深圳市星标电子科技有限公司,4,4,深圳市星标电子科技有限公司专注于人形机器人的智能交互与控制系统，通过结合实时和预测网络评分机制优化云端控制的实时性，并利用大数据技术实现跨模态环境感知、用户偏好持续学习及个性化交互策略生成，提升机器人在不同场景下的适应性和用户体验。
瀚博半导体(上海)股份有限公司,4,4,瀚博半导体(上海)股份有限公司主要研究方向集中在机器人系统的智能交互、高效训练及控制策略上，通过优化与环境的互动方式、基于失败案例改进学习算法以及动态调整任务执行流程来提升机器人的自主性和适应性。
浙江万安科技股份有限公司,4,4,浙江万安科技股份有限公司专注于基于人形机器人的生产控制和工业生产方法，通过任务分配、路径导航及执行策略优化，实现高效的任务执行与生产线自动化，提高机器人复用率并降低设计难度。
上海今日芯动科技有限公司,4,4,上海今日芯动科技有限公司专注于仿生机器人领域，主要研究方向为开发高仿真度的面部及肢体运动控制技术，包括唇部、舌头、眼部和手部的自然动作模拟。通过创新的驱动机制与柔性材料结合，实现更加细腻、流畅且逼真的机器人表情和动作表现。
深圳市智能机器人研究院,4,4,深圳市智能机器人研究院主要研究人形机器人的动力学控制和综合性能评估优化技术，通过构建主动与被动动力学模型及多维度性能指标体系，实现对人形机器人的精确灵活控制和优化。
零次方机器人(深圳)有限公司,4,4,零次方机器人(深圳)有限公司主要研究方向为人形机器人的关键结构设计，包括提高脚垫结构刚度和响应一致性的对夹式脚垫技术，以及增强头部稳定性和环境感知精度的脖颈多自由度驱动技术。
北京歌尔泰克科技有限公司,4,4,北京歌尔泰克科技有限公司专注于人形机器人的关节组件设计与优化，主要研究方向为开发能够实现超过360°旋转范围的高灵活度关节，以及通过增强结构刚度和减少振动来提升关节组件稳定性和使用寿命的技术。
天津朗硕机器人科技有限公司,4,4,天津朗硕机器人科技有限公司主要研究方向为人形机器人的动力学控制和综合性能评估优化，通过构建主动与被动动力学模型，实现更精确灵活的控制，并通过量化性能指标进行优化，提高人形机器人的鲁棒性和能效。
深圳市世纪琅硕科技有限公司,4,4,深圳市世纪琅硕科技有限公司专注于人形机器人的动力学控制和性能优化，通过构建主动与被动动力学模型，实现精确灵活的关节控制，并通过综合性能评估方法量化和优化机器人在跟踪、稳定、动态和平衡方面的表现，提高鲁棒性和降低能耗。
法睿科(苏州)智能科技有限公司,4,4,法睿科(苏州)智能科技有限公司主要研究方向为人形机器人在智能工厂中的精准控制与运动管理，通过视觉识别技术和AI大数据技术实现高精度抓取和多源异构数据融合，提升机器人自适应能力和作业效率。
南通湘君机器人有限公司,4,4,南通湘君机器人有限公司专注于人形机器人灵巧手及其关节用减速模组的研发，特别是行星、RV和谐波减速模组的设计与应用，以提高传动精度、负载能力和减小轴向尺寸。
福建天泉教育科技有限公司,4,4,福建天泉教育科技有限公司专注于智能人形机器人的外观设计，特别注重商用服务、前台接待、景区介绍和安保等应用场景中的机器人形态设计。其设计要点主要集中在机器人的形状上，通过不同的妆容和服装搭配，以满足多样化的市场需求。
湖南德晟智能科技有限公司,4,4,湖南德晟智能科技有限公司专注于人形机器人关节技术的研发，主要研究方向包括关节输出转矩的非侵入式检测装置和端盖压铸工装。其核心技术在于实现整机状态下关节性能的真实可靠检测以及提高关节端盖铸件的质量。
伽利略(天津)技术有限公司,4,4,伽利略(天津)技术有限公司专注于人形机器人的健康管理与路径规划技术，通过多模态感知和时序图神经网络提升故障预测精度和路径重规划能力，实现高效的健康管理和动态环境下的智能导航。
未来伙伴机器人(常州)有限公司,4,4,未来伙伴机器人(常州)有限公司专注于智能交互型人形机器人的设计与开发，特别在脚部结构和脚踝连接件方面进行了创新。其核心技术包括可共用模具的多功能脚部设计以及具备双自由度的脚踝连接件，旨在提高机器人动作灵活性并降低生产成本。
广东德晟智能科技有限公司,4,4,广东德晟智能科技有限公司专注于人形机器人关节的高精度检测与柔性控制技术，通过创新的位置精度检测装置和基于无框力矩电机的柔顺控制方法，实现关节在复杂环境下的稳定、安全及高一致性运行。
宁波华翔启源科技有限公司,4,4,宁波华翔启源科技有限公司专注于人形机器人的软件维护和故障诊断技术，主要研究方向包括OTA自动化升级方法及系统，以及瘫倒失效诊断方法及系统。通过优化升级流程和提高故障诊断准确性，提升机器人运行效率和可靠性。
徐州思莱特智能科技有限公司,4,4,徐州思莱特智能科技有限公司专注于人形机器人的安全性和稳定性研究，主要技术方向包括自动回充、防碰撞保护、减震缓冲以及爬坡过坎性能优化。通过集成重心传感器、应急安全气囊、红外寻迹传感器和多级弹簧缓冲系统等创新设计，提升机器人在复杂环境中的适应能力和安全性。
西图知景科技(上海)有限责任公司,4,4,西图知景科技(上海)有限责任公司专注于人形机器人技术领域，特别是在机械臂末端吸盘结构的设计与应用方面具有显著优势。其核心技术包括高效的包裹识别与抓取方法、旋转驱动单元和气源供给系统，以及外观设计创新。这些技术共同提升了机器人在物流等应用场景中的实用性和灵活性。
北京勤牛创智科技有限公司,4,4,北京勤牛创智科技有限公司专注于开发高自由度的仿生机械臂和仿生手，通过紧凑且可靠的串联式驱动组件和多关节模组设计，实现复杂动作的精准控制，以提高人形机器人的拟人化程度和应用场景适应性。
深圳市女娲机器人科技有限公司,4,4,深圳市女娲机器人科技有限公司专注于人形机器人的关键部件设计与优化，特别是在舵机组件、腿部结构、手臂连接及胸腔装置等方面，通过提高组件的同轴度、控制精度和整体结构合理性，增强机器人的灵活性与实用性。
安徽益科斯自动化设备有限公司,4,4,安徽益科斯自动化设备有限公司专注于开发基于智能手机和无线通信技术的人形机器人控制系统，利用WIFI、蓝牙等无线传输方式实现远程操控与互动，并集成多种传感器以增强机器人的环境感知能力和交互体验。此外，该公司还致力于优化舵机控制算法及硬件设计，提高机器人动作的精确度与稳定性。
烟台启创科技发展有限公司,4,4,烟台启创科技发展有限公司专注于人形机器人的功能优化与安全设计，主要研究方向包括提高机器人夹持装置的灵活性和物料处理能力、增强防碰撞保护机制以提升安全性、改进通风散热系统确保长时间稳定运行以及集成空气质量检测功能实现环境监测。
独立行政法人科学技术振兴机构,3,3,独立行政法人科学技术振兴机构专注于双腿步行式人形机器人的研发，主要攻克机器人在复杂环境下的稳定行走控制技术及流畅动作转换机制，通过实时检测与反馈调整实现机器人的动态平衡与自然动作表现。
西北农林科技大学,3,3,西北农林科技大学在机器人领域的研究主要集中在开发具有多自由度的仿人机器人，通过优化结构设计和材料选择来提高机器人的动作连贯性、稳定性和轻量化。这些机器人能够执行复杂的仿人动作，适用于教学实习及竞赛。
科乐美数码娱乐株式会社,3,3,科乐美数码娱乐株式会社专注于开发具有创新连接和变形机制的玩具，特别是通过优化卡合结构和关节设计来提升玩具的耐用性和可玩性，实现更流畅、紧凑且多样化的形态变换。
中国科学院合肥物质科学研究院,3,3,中国科学院合肥物质科学研究院在机器人领域的研究主要集中在提高人形机器人的步态稳定性和自然性，通过集成多种传感器和信号处理系统来优化行走性能。同时，还开发了基于医疗大模型的智能看护机器人，以提供健康咨询、娱乐和通讯功能，提升老年人的生活质量。
戴文钟,3,3,戴文钟的研究主攻方向集中在机器人关节结构的创新设计，特别是通过连杆和齿轮传动机构模拟人体膝部和踝部的动作，以实现更加自然和灵活的运动。
本田研究所欧洲有限公司,3,3,本田研究所欧洲有限公司专注于开发先进的机器人感知技术，特别是在视觉与听觉信息的集成处理方面。通过结合环境中的视觉数据和对象主动发送的信息来提高识别精度，并利用人工耳结构增强机器人的听觉定位能力，以实现更自然的人机交互体验。
格物斯坦(上海)机器人有限公司,3,3,格物斯坦(上海)机器人有限公司专注于机器人结构设计与运动方式优化，特别是在无螺钉快速拆装的舵机输出轴结构和轮腿式人形机器人的研发上，实现了高效、便捷的模块化组装及多地形适应性。
中国康复研究中心,3,3,中国康复研究中心专注于研发交互式截瘫助行外骨骼，通过创新的动力驱动机制和结构设计，利用患者重心转移时的能量，降低截瘫患者行走时的体能消耗，提高行走效率和舒适度。
哈尔滨工业大学深圳研究生院,3,3,哈尔滨工业大学深圳研究生院在机器人领域主要研究方向为设计和开发具有高度自由度与灵活性的机械结构，包括模块化关节、仿生外形及表情模拟技术，以实现复杂环境下的高效运动能力和丰富的互动表现。
李书申,3,3,李书申的研究主攻方向为模块化人形机器人的设计与开发，注重通过模块化结构实现机器人易于维护和功能扩展的特点，并致力于提高智能机器人在日常生活中的辅助能力。
赵德政,3,3,赵德政的研究主攻方向集中在仿生机器人技术领域，特别是开发模仿生物肌肉组织的气动收缩装置和高效节能的机械臂驱动系统。通过创新性的柔性气囊单元矩阵设计和储能补偿机制，实现了更加灵活自如且成本效益更高的仿生运动解决方案。
通用汽车环球科技运作有限责任公司,3,3,通用汽车环球科技运作有限责任公司在机器人领域主要研究方向为动态环境下的机器人控制与感知技术，包括基于动态系统的实时速度控制、动态避障算法以及3D视觉系统中的对象识别方法。这些技术共同提升了机器人在复杂多变环境中的自主导航和操作能力。
东华大学,3,3,东华大学在机器人领域主要研究智能导航与控制技术，包括多传感器信息融合处理、路径规划及定位方法；同时开发了适用于复杂环境下的攀爬机器人及其控制策略，并设计了高精度微型伺服电动缸以提升机器人执行机构的力控性能。
中国人民解放军国防科学技术大学,3,3,该单位主要研究方向为基于ROS的多机器人系统实时通信与云计算集成技术，通过引入DDS规范和云服务协议实现高效的消息传递，并利用混合云架构优化语义地图构建过程中的物体识别准确率及响应时间。
奇弩(北京)科技有限公司,3,3,奇弩科技专注于机器人动作生成与控制技术，利用模拟平台、物理引擎及3D建模实现高效的动作设计与测试，并通过智能终端无线控制多种类型机器人，提高开发效率和动作灵活性。
广州途道信息科技有限公司,3,3,广州途道信息科技有限公司专注于机器人控制系统的研发，主要研究方向为通过无线通讯技术实现对机器人的远程实时监控与控制，以及提供一种基于图形用户界面的编程方法来简化机器人控制端的编程过程，从而提高控制效率并降低硬件成本。
深圳前海勇艺达机器人有限公司,3,3,深圳前海勇艺达机器人有限公司专注于开发智能交互技术，包括基于声纹识别的个性化语音处理、适应对话场景的动作执行以及灵活切换对话策略的方法，以实现更加精准和人性化的机器人服务。
天津市青创空间科技企业孵化器有限公司,3,3,天津市青创空间科技企业孵化器有限公司专注于开发多功能自助服务机器人系统，通过集成人形机器人、视觉系统、语音处理及无线通信技术，实现高效的信息交互与智能决策，提升机器人在自助服务和人为智能调控中的实用性和便捷性。
上海有个机器人有限公司,3,3,上海有个机器人有限公司专注于研发高效安全的运输机器人技术，特别是在多置物板精确控制与智能储物仓门设计方面。通过优化物品存储、搬运及交付流程，确保用户隐私和物品安全，同时提高空间利用率和使用效率。
中南大学,3,3,中南大学在机器人领域的研究主要集中在基于中枢模式发生器（CPG）模型的人形机器人自适应行走控制技术，通过结合神经网络学习模块和反馈机制，实现对复杂环境的适应性行走。同时，该校还关注于开发适用于柔性传感器弯曲效应补偿的方法，以提高工业测量精度。
北京海风智能科技有限责任公司,3,3,北京海风智能科技有限责任公司专注于基于ROS的服务机器人技术，特别是在室内导航、语音交互导航和多目标自主巡航方面。其核心技术包括环境信息获取与二维地图构建、路径规划及避障算法，以及通过语音识别实现人机交互的导航功能。
FR行政管理有限公司,3,3,FR行政管理有限公司专注于机器人系统的结构设计与碰撞处理技术，特别是在机器人臂的壳体部分设计以及通过传感器和动态模型实现的高效碰撞检测与响应机制。
法国国家信息与自动化研究所,3,3,法国国家信息与自动化研究所专注于开发全方向轮式人形机器人的控制技术，特别是基于线性模型预测的位置和速度控制器，以实现更精确的运动控制。同时，该机构还研究处理设备接口间延迟的测量与校准方法，以优化系统响应时间。
科沃斯商用机器人有限公司,3,3,科沃斯商用机器人有限公司专注于提升机器人在复杂环境中的定位精度与目标识别能力，通过融合多种传感器数据（如近距离通信模块、深度摄像头、激光雷达和视觉传感器）实现高效精准的定位与重定位，并利用人工智能技术优化目标检测与识别过程，以增强机器人的自主导航及作业效率。
北京智能佳科技有限公司,3,3,北京智能佳科技有限公司专注于开发具有防水功能的人形机器人，特别在设计上采用投影引流结构以增强排水性能，同时注重机器人的外观设计，使其适用于教育、比赛和团体表演等多种场景。
法格尔传感器公司,3,3,法格尔传感器公司的研究主攻方向是开发用于机器人领域的电容检测技术，特别是通过使用保护电位来提高检测电极和相关组件的性能与安全性，以实现对物体接近、接触及压力的精确感知。
灵起科技(深圳)有限公司,3,3,灵起科技(深圳)有限公司专注于机器人技术领域，主要研究方向包括模块化多关节机器人手臂设计和群舞机器人的跌倒起身及动作同步方法。通过优化机械结构和控制算法，实现机器人手臂的简化设计与空间节省，以及群舞机器人在跌倒后能够自主起身并重新同步舞蹈动作。
鲁东大学,3,3,鲁东大学在机器人领域主要研究方向为人形机器人的关节控制平滑处理技术和目标检测分类模型的建立。通过优化动作连贯性和提高目标识别精度，增强机器人在复杂环境下的适应性和可靠性。
株式会社日立制作所,3,3,株式会社日立制作所的研究主攻方向集中在智能系统与自动化技术，特别是在基于图像处理的姿势识别、电梯系统的智能化管理以及高效的日程安排解决方案方面，通过先进的算法和技术优化人机交互体验和服务效率。
卓益得惠众人形机器人(上海)有限公司,3,3,卓益得惠众人形机器人(上海)有限公司专注于人形机器人的运动控制和结构设计，特别是在行走传动系统、装载箱设计以及肩部控制结构方面具有显著创新。通过优化传动结构和驱动装置布局，实现高效稳定的运动控制，并提供便捷的运输和存储解决方案。
尹少斌,3,3,尹少斌的研究主攻方向是机器人智能售货机及无人商超技术，通过集成人形机器人、多模块控制系统和安全出货机制，实现多样化商品销售和异地取货功能。
尹慧龙,3,3,尹慧龙的研究主攻方向是机器人智能售货机及无人商超技术，通过集成人形机器人、多模块控制系统和安全出货机制，实现多样化商品销售、安全出货以及异地取货功能。
罗伯特·博世有限公司,3,3,罗伯特·博世有限公司在机器人领域专注于开发先进的机器学习系统和控制方法，利用神经网络优化决策过程，并通过创新材料如碳纳米管提升机器人肢体的性能与功能集成度。
广东博智林机器人有限公司,3,3,广东博智林机器人有限公司专注于开发具有高稳定性和适应性的行走平台，特别是通过多支撑腿设计和独立控制技术实现复杂地形下的平稳移动与负载运输。其研究重点在于优化机器人的结构紧凑性、转弯灵活性及在不平路面上的稳定性。
FOGALE 纳米技术公司,3,3,FOGALE 纳米技术公司的研究主攻方向是机器人环境感知与多距离检测技术，通过结合电容性检测、多种传感器技术和3D视觉监控方法，实现对机器人周围物体的精确识别和安全防护。
西安电子科技大学,3,3,西安电子科技大学在机器人领域主要研究人体微动回波仿真和适用于人形机器人的多功能智能传感系统。通过精确建模和物理光学法计算人体运动的雷达散射特性，以及开发适配性强、具备安全预警功能的柔性传感器阵列，提高机器人对人体动作的感知精度与安全性。
扬州哈工科创机器人研究院有限公司,3,3,扬州哈工科创机器人研究院有限公司专注于高仿真机器人的设计与制造，特别在提高机器人动作灵活性和面部表情仿真度方面有显著成果。通过优化机械结构和采用气动驱动方式，实现了更加自然流畅的人类动作模仿和面部表情再现，适用于多种展示和表演场景。
比亚迪股份有限公司,3,3,比亚迪股份有限公司在机器人领域主要研究方向为车载机器人交互系统及其与车辆CAN网络的稳定通信，以提升驾驶安全性和用户体验。同时，在电池制造方面，通过优化极芯叠片工艺提高电芯生产效率。此外，还涉及图像处理技术，特别是平面角点坐标的精准检测方法，增强视觉算法的鲁棒性。
韩国技术教育大学校产学协力团,3,3,韩国技术教育大学校产学协力团专注于机器人手和关节装置的研发，通过设计灵活多指模块和高自由度的旋转驱动系统实现类人手操作，并开发了具有多轴旋转能力和自适应连杆结构的关节装置以提高机器人的运动灵活性和精度。
扬州工业职业技术学院,3,3,扬州工业职业技术学院在机器人领域的研究主要集中在基于AI视觉的移动机器人技术，包括视觉监控系统和艺术设计绘画机器人。这些技术通过集成智能摄像头、机械臂、自动化调色机构等组件，实现远程控制、自动调色及高效安防等功能，适用于多种应用场景。
福州大学,3,3,福州大学在机器人领域主要研究基于激光SLAM的室内导航技术和高灵敏度柔性振动感知传感器。其中，室内导航技术利用树莓派平台和ROS系统实现地图构建与路径规划；柔性振动感知传感器通过水凝胶层和石墨烯层之间的离子迁移实现精确振动感知，适用于人形机器人的环境感知和交互性能提升。
株式会社半导体能源研究所,3,3,株式会社半导体能源研究所专注于提高显示装置的显示品质和可靠性，通过优化电路设计减少连接部数，并开发便携且易于使用的电子设备，如臂戴式设备。其研究重点在于利用OS晶体管等技术改进半导体装置及存储电路的设计，以增强整体性能和用户体验。
日本电气株式会社,3,3,日本电气株式会社在机器人领域主要研究方向为开发辅助设备以减轻用户身体负荷，特别是通过智能控制技术优化穿戴设备的操作模式和转矩输出，减少用户腿部关节的负担，并吸收运动时产生的冲击力。
欧若拉飞行科学公司,3,3,欧若拉飞行科学公司专注于机器人路径规划与冲突检测、任务执行及应急响应技术。其核心技术包括预测并避免移动物体间的潜在碰撞，利用行为树模型实现复杂任务的分解与执行，以及在突发事件中动态调整目标以确保任务连续性。
达陶有限责任公司,3,3,达陶有限责任公司的研究主攻方向集中在地板和装饰元件的制造技术，特别是利用工程石材作为基底材料，并通过按压、喷墨印刷及涂层保护等工艺提高产品的美观性和耐用性。
阿加玛艾克斯株式会社,3,3,阿加玛艾克斯株式会社专注于利用用户的活体信息（如生物电位）来提高设备操作精度的信息处理技术，通过分析用户状态并据此向设备发送操作指示，实现更精准的人机交互。此外，还研究了多用户环境下基于比较不同个体活体信息的操作内容确定方法。
学校法人立命馆,3,3,学校法人立命馆的研究主攻方向集中在模块化机器人的设计与连结结构的创新，特别是在利用液压缸驱动连杆相对移动以及通过特殊固定单元实现部件间稳定连接的技术领域。
广东纯米电器科技有限公司,3,3,广东纯米电器科技有限公司主要研究方向为人形机器人的导航与抓取技术，通过灵活更换测距设备和自适应调整实现多场景下的高效路径规划与物体抓取。
广州大学,3,3,广州大学在机器人领域主要研究方向为基于神经网络的智能识别与控制技术，包括自闭症语音特征识别、多模态情感识别及轮腿机器人的外力辨识与减震控制。这些研究利用深度学习方法提高识别准确度和控制效率，广泛应用于人机交互和机器人动态控制场景。
上海冶成国际贸易有限公司,3,3,上海冶成国际贸易有限公司专注于开发旋转锁紧装置，通过活动锁紧轴与非正圆横截面锁紧轴孔的设计，在多个领域实现可调节角度的锁紧与解锁功能。该技术适用于工业、交通、工程建设及生活用品等多个应用场景。
日本航空电子工业株式会社,3,3,日本航空电子工业株式会社专注于开发无线连接器及其在机器人设备中的应用，主要研究方向为设计可拆卸安装的无线传输单元，通过非接触方式实现电力和信息的高效无线传输。
山东大学深圳研究院,3,3,山东大学深圳研究院专注于基于铟铝锌氧化物和铟镓锌氧化物的神经形态忆阻器及其制备方法，通过优化材料和结构提高忆阻器的一致性、稳定性和多功能性，应用于类脑计算和人工感官系统。
艾利特智能机器人股份有限公司,3,3,艾利特智能机器人股份有限公司专注于机器人柔性关节的控制方法，通过建立动力学模型、设计状态反馈控制器和引入高斯过程模型来提高关节控制精度和峰值速度，同时利用强化学习进行扰动补偿以优化整体性能。
波音公司,3,3,波音公司的研究主攻方向集中在提升交通工具的安全性和自主导航能力，特别是通过先进的物体检测与防碰撞技术来增强态势感知和路径规划，确保在复杂环境中能够有效避免潜在的碰撞风险。
沈阳化工大学,3,3,沈阳化工大学在机器人领域主要研究方向为开发高效、实时的机器人关节驱动控制方法和基于编程与具身智能协同的数据采集系统，以提升机器人的柔顺性、动态性能及工业生产效率。
安徽中科米点传感器有限公司,3,3,安徽中科米点传感器有限公司专注于高精度力传感器的研发与应用，特别是在人形机器人领域。其核心技术包括量子六维力传感器及其生产工艺，以及简化、轻量化的脚腕力传感器安装结构和连接结构，旨在提高测量精度、灵敏度和生产效率，同时降低制造成本。
上海清宝引擎机器人有限公司,3,3,上海清宝引擎机器人有限公司专注于开发高性价比的仿人机器人，特别在提高机器人行走稳定性和动作仿真度方面有显著成果。同时，该公司还致力于优化机器人腰部限位结构设计，通过机械限位技术确保机器人上半身在驱动件失电后仍能保持稳定，从而提升整体可靠性和降低成本。
科大讯飞(苏州)科技有限公司,3,3,科大讯飞(苏州)科技有限公司专注于机器人运动控制技术，特别是在双足机器人的流畅动作和环境适应性方面。通过优化策略网络和提高边界置信度，提升机器人在复杂环境中的运动性能。此外，还设计了结构简单、控制方便的踝关节机构，增强仿人形机器人的姿态调整能力。
中国科学院计算技术研究所,3,3,中国科学院计算技术研究所在机器人领域主要致力于提高机器人的计算效率与通信性能，通过开发专用计算装置优化刚体动力学函数的处理速度和能耗，并利用建模仿真方法增强对无线信道状态的理解与预测能力，以支持更高效、可靠的机器人设计。
汕头市善护智能科技有限公司,3,3,汕头市善护智能科技有限公司专注于研发可变形人形智能机器人，其核心技术在于设计能够根据需求转换为电动四轮代步轮椅的多功能机器人。这些机器人具备辅助行走、携带物品及搀扶使用者等功能，特别适用于老年人及其他行动不便的人群，旨在提供舒适和贴心的服务。
苏州普瑞川传动科技有限公司,3,3,苏州普瑞川传动科技有限公司专注于机器人关节和足部结构的创新设计，主要研究方向为开发高刚度、低成本且动作精度高的并联式髋关节机构，以及集成化智能足结构，通过内置传感器和弹性组件提高机器人的环境适应性和运动控制精度。
福建理工大学,3,3,福建理工大学在机器人领域的研究主要集中在人形机器人的运动姿态学习方法及装置，通过深度学习模型训练实现自主学习人类的运动姿态控制策略，提高机器人的综合性能和适应性。同时，还涉及模块化轮足机器人的设计与折叠变形技术，以增强其多功能性和便携性。
库卡机器人(广东)有限公司,3,3,库卡机器人(广东)有限公司专注于机器人移动控制与机械臂设计，主要研究方向包括提高移动机器人的自主避障能力、优化机械臂结构以实现更灵活的工作范围及增强机器人稳定性减少工作时的振动。
四川大学,3,3,四川大学在机器人领域主要研究方向包括蛇形机械臂的联动与耦合设计、行星滚柱丝杠的载荷分配计算方法以及高性能仿生骨骼材料的制备，重点在于提高机械臂灵活性、传动系统精度和机器人结构材料性能。
苏州联易得传动科技有限公司,3,3,苏州联易得传动科技有限公司专注于高精度、紧凑型行星减速机的研发，通过创新的齿轮啮合结构和集成设计减少零件数量，提高输出扭矩和结构刚性，降低累积误差，适用于医疗机器人和人形机器人关节等高端领域。
深圳市威远精密技术有限公司,3,3,深圳市威远精密技术有限公司专注于开发高精度、高效能的电动线性执行器及人形机器人手指。其核心技术在于逆循环滚珠丝杠副与集成电机组件的设计，适用于空间受限但要求长寿命和连续工作的应用场景，显著提升了机器人关节的灵活度和可靠性。
深圳市腾讯计算机系统有限公司,3,3,腾讯计算机系统有限公司在机器人领域主要研究方向包括：高效的路径规划算法，通过向量场合成技术提高导航效率；虚拟角色模型的精准匹配方法，增强3D换装和迁移场景下的用户体验；以及基于仿真与实际差异的机器人控制策略优化，提升动作预估及执行准确性。
苏州创鑫激光科技有限公司,3,3,苏州创鑫激光科技有限公司专注于激光加工领域的电控系统和工艺控制技术，特别是在具有PLE安全等级的激光设备电控系统以及基于EtherCAT总线的协作机器人激光工艺控制方面，通过增强系统的安全性和易用性，实现高效、可靠的激光加工。
深圳蜗牛动力科技有限公司,3,3,深圳蜗牛动力科技有限公司专注于人形机器人的运动控制技术，特别是通过双控制力矩陀螺（CMGs）的同步控制和多闭环控制器实现稳定姿态控制。其核心技术包括姿态控制、同步修正及误差补偿，以提高机器人在动态环境中的平衡性和稳定性。
浙江智鼎机器人有限公司,3,3,浙江智鼎机器人有限公司专注于机器人在复杂环境下的自主导航技术，包括高效的地图生成、精准的定位方法以及主动预测并解决机器人被困问题，以提升机器人的工作效率和适应性。
杭州行星传动设备有限公司,3,3,杭州行星传动设备有限公司专注于研发高效紧凑的行星齿轮减速器及相关驱动系统，通过创新设计如单片少齿差结构、多点啮合复合行星齿轮及基于弹性元件的柔顺关节，提升扭矩传递能力、承载能力和系统柔顺性，适用于机器人及其他精密传动领域。
广电运通集团股份有限公司,3,3,广电运通集团股份有限公司专注于机器人技术领域，主要研究方向为高自由度和精密控制的机械手及机械手指设计，以及灵活平稳的头部转动装置。通过独立驱动和限位组件实现各指节的独立运动，提高机械手的操作精度和灵活性；同时优化头部转动结构，增强机器人的整体运动性能和使用寿命。
河北工业大学,3,3,河北工业大学在机器人领域主要研究方向为开发具有高自由度、模块化设计及抗干扰能力的仿人形机械臂和触觉传感器，以及增强人形机器人的承载能力和平衡控制性能。
首形科技(上海)有限公司,3,3,首形科技(上海)有限公司专注于仿生机器人技术，特别是在仿生眼球、嘴部装置及脖颈构造的设计与实现上。其研究重点在于通过创新的机械结构和驱动方式提升机器人的自然表现力和动作流畅性，同时优化空间布局以增强功能性和集成度。
北京世佳和科技文化传播有限公司,3,3,该企业专注于仿生机器人领域，主要研究方向为开发高度拟人化的机器人关节和运动结构，包括腿部、臀部等关键部位的活动机制，以实现更加自然流畅的人类运动姿态模仿。同时，还涉及与机器人足部适配的高跟鞋设计，优化穿戴稳定性和舒适度。
深圳市国盛动力科技有限公司,3,3,深圳市国盛动力科技有限公司专注于摆线减速器的研发，通过优化壳体结构、平衡设计及组件布局，提高减速器的精度、效率与使用寿命，降低噪音和成本，特别适用于高速高精度机器人领域。
天津阿童木机器人股份有限公司,3,3,天津阿童木机器人股份有限公司专注于人形机器人手部关节的自适应控制技术，通过压力传感器和接触弹性系数矩阵实现柔性可调、算法简单的自适应抓取。同时，该公司还研究了感控一体控制系统，集成多轴运动控制与人工肌肉监控，实现手部关节位置的主动调节与变形抑制。
瑞声光电科技(常州)有限公司,3,3,瑞声光电科技(常州)有限公司专注于开发先进的驱动技术和触觉感知解决方案，包括高效紧凑的直线驱动机构和电机设计，以及高灵敏度的触觉传感器。这些技术共同致力于提升机器人及相关自动化设备在运动控制精度、结构紧凑性及人机交互体验方面的性能。
北京化工大学,3,3,北京化工大学在机器人领域的研究主要集中在开发具有自修复和形状记忆功能的新型材料，用于4D打印技术；同时，也在探索提高机器人平衡稳定性的方法，包括利用飞轮效应和设计电磁力驱动的人工肌肉。这些研究方向旨在提升机器人的适应性、灵活性及稳定性。
超节点创新科技(深圳)有限公司,3,3,超节点创新科技(深圳)有限公司专注于开发可穿戴外接设备和视觉系统，以增强机器人的功能性和通用性。通过设计可更换的视觉模组和一体化视觉传感器，实现机器人在不同场景下的视觉信息获取，同时降低生产成本和提高设备的标准化程度。
中国科学院物理研究所,3,3,中国科学院物理研究所专注于非晶合金材料的研发及其在高灵敏度、高精度力传感器中的应用。通过优化材料成分和制备方法，提升非晶合金的屈服强度、降低杨氏模量，并改善其弹性极限和断裂韧性，从而实现传感器性能的显著提升。
恒之未来(重庆)创新科技有限公司,3,3,恒之未来(重庆)创新科技有限公司专注于开发具有多自由度的模块化关节执行器及其在机器人中的应用，通过简化物理模型和提高设计灵活性，降低复杂机器人系统的构建与量产难度。
山东优宝特智能机器人有限公司,3,3,山东优宝特智能机器人有限公司专注于全尺度人形机器人的协调控制技术，通过非线性模型预测控制器和高频混合全身运动控制算法实现多任务优化与鲁棒运动，同时在小尺寸仿真人形机器人的外观设计方面也有研究。
蔚来汽车科技(安徽)有限公司,3,3,蔚来汽车科技(安徽)有限公司主要研究方向为提高车辆制造过程中的自动化和智能化水平，通过开发灵活的机器人系统进行车辆检查和物料分拣配送，并利用5G工业网关优化智能设备间的通信效率与可靠性。
广州汽车集团股份有限公司,3,3,广州汽车集团股份有限公司在机器人技术领域主要研究方向包括智能移动终端的紧凑设计、安全弹射装置及其控制方法，以及远程控制技术中深度信息的保持与显示。这些研究旨在提升机器人及相关设备的空间利用率、安全性及远程操作体验。
广东嘉腾机器人自动化有限公司,3,3,广东嘉腾机器人自动化有限公司主要研究方向为人形机器人的设计与开发，特别注重通过摆动机构和平面旋转机构实现复杂动作的执行。此外，还致力于模块化机器人的创新，以提高系统的灵活性和适应性，便于与其他设备组合形成新的应用形态。
苏州小驱智能机器人有限公司,3,3,苏州小驱智能机器人有限公司专注于开发适用于人形机器人的穿戴式智能导航装备，通过灵活安装的导航模块和可定制化的穿戴本体设计，实现高效、低成本且美观的导航解决方案。该技术方向旨在缩短设计周期，降低实现成本，并支持多台机器人共用设备以提高资源利用率。
北京信息科技大学,3,3,北京信息科技大学的研究主攻方向集中在利用多模态感知融合和大模型支持的语义推理技术，提升人形机器人在复杂环境中的实时协作决策能力，同时通过先进的文本处理方法优化文献数据的多标签分类效果。
合肥晟泰克汽车电子股份有限公司,3,3,合肥晟泰克汽车电子股份有限公司专注于传感器技术领域，主要研究方向为提升传感器的信号处理精度、增强检测性能及扩展应用场景。通过优化发波信号处理方法、增加监测模块以及改进控制策略，实现对物品距离和接触压力的精准探测，同时保持传感器的灵敏性和安装灵活性。
深圳市好盈科技股份有限公司,3,3,深圳市好盈科技股份有限公司专注于无框电机技术的研发，特别是在机器人应用领域。其核心技术包括提高电机的转矩输出、实现轻量化和小型化设计，以及增强电机的散热性能和可调节性，以适应不同规格尺寸的转子安装需求。
张克军,3,3,张克军的研究主攻方向集中在人形机器人及其配套交通工具的设计与控制技术，特别是在多肢体结构设计、视觉隐私保护及远程操控方面具有创新性。其研发的人形机器人具备独特的四足行走机制和额外的可伸缩机械臂，同时开发了专为人形机器人设计的电动车，通过智能芯片实现对车辆的全面控制，显著提升了机器人的移动能力和应用范围。
深圳市迈特芯科技有限公司,3,3,深圳市迈特芯科技有限公司专注于基于多模态的具身智能设备控制方法和近存计算系统的研发，通过优化多模态模型训练和数据处理，提升智能设备的响应效率与性能，同时解决大模型在端侧部署时面临的带宽、速度及功耗问题。
天津职业技术师范大学(中国职业培训指导教师进修中心),3,3,天津职业技术师范大学主要研究方向为基于人工智能的在线教育技术和具身智能人形机器人。在在线教育方面，通过数据分析和机器学习技术提供个性化课程推荐与实时答疑；在机器人领域，专注于开发能够模拟人类肌肉运动的柔顺性关节控制方法，以实现更自然流畅的动作表现。
陶世智能科技(深圳)有限公司,3,3,陶世智能科技(深圳)有限公司专注于机器人手指关节的高精度、小型化传动机构设计，特别是环面包络蜗杆与斜齿轮相结合的传动方案，同时在提升减速机承载能力方面也有研究。
苏州星海图动力科技有限公司,3,3,苏州星海图动力科技有限公司专注于机器人领域的核心技术研发，特别是在高精度直线驱动器和仿人形机器人的设计与制造方面。其研究重点在于开发稳定可靠的关节驱动装置以及灵活高效的机械手臂结构，以实现更自然的人机交互和更广泛的应用场景。
力大飞砖(广州)科技有限公司,3,3,力大飞砖(广州)科技有限公司专注于人形机器人仿生技术领域，特别是软磁电机的设计与优化。其核心技术在于通过创新的锁定结构和动子-线圈配置，提高电机效率、降低能耗，并增强机器人的运动性能，包括速度、强度及多关节联动能力。
中科兴业(汕尾)高新材料有限公司,3,3,中科兴业(汕尾)高新材料有限公司专注于开发高性能PPS复合材料，通过添加多种增强剂、增韧剂及导电剂等成分，提升材料的机械性能、耐温性和导电性，特别适用于机器人手臂和人形机器人的制造，以实现其轻量化、高强度及智能化。
杭州智海无际科技有限公司,3,3,杭州智海无际科技有限公司专注于机器人领域的智能算法与系统设计，主要研究方向包括冗余自由度机械臂的高效路径规划、未知环境下的自主导航与地图构建以及基于多模态输入的陪伴机器人行为逻辑系统，旨在提升机器人的自主性、交互性和实用性。
浙江电驱动创新中心有限公司,3,3,浙江电驱动创新中心有限公司专注于优化人形机器人的能量流及平衡力，通过引入飞轮储能电池与锂电池或电源结合的新系统替代传统制动电阻，实现制动能量的储存与回收，提高能源利用率并增强短时制动功率。
魔力工具公司,3,3,魔力工具公司的研究主攻方向集中在机器人网络架构和移动能力的创新上，特别是通过标签系统实现物体、人或位置的信息识别与交互，以及开发具备高灵活性移动方式（如球形轮子）和自适应姿态调整功能的机器人。此外，该公司还致力于设计能够增强机器人操作多样性和效率的通用夹持装置。
杭州中芯驱动技术有限公司,3,3,杭州中芯驱动技术有限公司专注于机器人关节和驱动模组的创新设计，特别是在高精度、高承载能力的减速器和传动系统方面。通过引入多点啮合复合行星齿轮结构、小背隙调节机制以及径向电磁力驱动技术，显著提升了机器人关节模组的扭矩传递能力、传动精度和运行稳定性。
苏州盖博特科技有限公司,3,3,苏州盖博特科技有限公司专注于机器人领域的点云生成与处理技术，包括基于图像数据生成高精度点云、利用点云数据进行路网生成及优化，以及通过多帧点云数据的动态过滤和八叉树地图构建实现高效的数据处理与环境建模。
上海鲸鱼机器人科技有限公司,3,3,上海鲸鱼机器人科技有限公司主要研究方向为人形机器人的设计与制造，特别专注于机械手臂的结构优化和散热技术。通过创新的联动散热组件和螺旋进气管设计，提高了机械手臂的散热效率，并实现了快速安装拆卸功能。此外，该公司还关注人形机器人的外观设计，主要用于玩具领域。
岳良文,3,3,岳良文的研究主攻方向是基于人工智能的多模态环境感知与动态适应技术，结合知识图谱和强化学习算法，实现机器人在复杂环境中的高效决策与行为优化，并具备持续进化能力。此外，还涉及水陆空三栖多功能智能机器人的总体设计，提升其环境适应性和任务执行效率。
上海它石智航技术有限公司,3,3,上海它石智航技术有限公司专注于机器人控制技术，特别是在仿真到现实迁移的步态优化、冗余驱动与变刚度关节设计以及基于强化学习的全身运动控制方面。这些技术旨在提高机器人的适应性、稳定性和安全性，实现高效且可靠的动态控制。
瑞声开泰声学科技(上海)有限公司,3,3,瑞声开泰声学科技(上海)有限公司专注于开发高效的直线驱动机构和位置测量技术，通过优化电机与传动组件的集成设计提升设备性能，同时利用霍尔传感器实现精准的位置检测，适用于紧凑空间内的高精度控制需求。
除卫士环保科技(北京)有限公司,3,3,除卫士环保科技(北京)有限公司专注于开发基于智能图像识别和机器智能的无人化灭虫机器人，通过集成摄像头、风力传感器等设备采集环境数据，并利用智能控制系统分析害虫行为及农作物生长状态，实现精准喷洒农药和高效自主灭虫。
中国科学院大学,3,3,中国科学院大学在机器人领域主要研究方向包括有机光电突触器件的响应速度调控、智能剪裁缝纫熨烫机器人的系统集成与导航控制，以及基于热管技术的高效散热装置设计。这些研究旨在提升机器人系统的智能化水平、操作精度及运行安全性。
鹏城实验室,3,3,鹏城实验室主要研究方向为机器人控制技术，特别是在人形机器人在农机驾驶场景中的应用。通过构建独立的优化函数实现对方向盘和踏板的解耦控制，提升控制效率和稳定性。同时，在图像处理领域，利用网格神经辐射场和图文大模型生成高精度三维场景图像，结合语义引导和几何约束提高生成准确率。
杭州蓝芯机器人技术股份有限公司,3,3,杭州蓝芯机器人技术股份有限公司专注于智能服务与工业应用的人形机器人研发，特别是在多模态感知及头部运动装置方面具有显著创新，适用于迎宾接待、物流仓储、搬运拣选等多种场景。
上海应用技术大学,3,3,上海应用技术大学在机器人领域主要研究方向为足式机器人的多维力感知与柔性控制，以及人形机器人的步态生成和稳定行走控制。通过创新的传感器设计、分层控制系统和非线性模型预测控制方法，提升机器人在复杂环境中的运动精度、稳定性和适应性。
深圳市鸿升光通讯设备有限公司,3,3,深圳市鸿升光通讯设备有限公司专注于机器人通信领域的创新，主要研究方向包括基于光通讯的高效集群通信方法和系统，以及利用可见光与红外光协同集成的高带宽、抗干扰通信技术。通过机器学习和自适应调节机制，实现动态参数调整和高精度控制，提升机器人在复杂环境中的通信性能和任务成功率。
迈赫机器人自动化股份有限公司,3,3,迈赫机器人自动化股份有限公司专注于人形机器人的关节传动技术和头部显示装置的研发。其核心技术在于利用软轴传动实现高扭矩、低成本且布置灵活的关节结构，同时通过电控液晶玻璃技术提升机器人头部显示装置的功能多样性和适应性。
华东光电集成器件研究所,3,3,华东光电集成器件研究所专注于机器人领域的多传感器信息融合技术，特别是在人形机器人摔倒预测方面，通过构建时空信息融合神经网络模型实现高精度的摔倒状态预测。同时，该单位还研究了基于边缘效应的平面电容式多维力触觉传感器，以提高力检测的灵敏度和降低测量电路复杂度。
深圳市中科探云智能科技有限公司,3,3,深圳市中科探云智能科技有限公司专注于智能化实验室的自动化技术，特别是通过人形机器人和机械臂实现高效、可靠的样品转移与动态排程。其核心技术包括基于环境感知和多传感器数据融合的柔顺控制及视觉力觉协同控制方法，以提升实验流程的效率与适应性。
山东金帝精密机械科技股份有限公司,3,3,山东金帝精密机械科技股份有限公司专注于研发高性能轴承保持架，通过创新设计如自锁结构、弹性恢复件和局部锁边优化等技术，提升保持架的强度、稳定性和抗磨损性能，特别是在微型轴承、谐波减速器和人形机器人关节轴承领域。
特斯拉股份有限公司,3,3,特斯拉股份有限公司专注于利用先进的机器学习和数据处理技术提升自动驾驶车辆的性能与用户体验。其研究重点在于通过高效的数据识别、分析及多模式查询机制优化车辆运行期间的数据管理，并基于深度学习模型生成增强现实用户界面以辅助驾驶者进行停车操作。
中科源码(成都)服务机器人研究院有限公司,3,3,中科源码(成都)服务机器人研究院有限公司专注于具身人形机器人的交互系统研发，涵盖交互感知、意图解析、动作生成和反馈校准等模块，通过深度学习和信号处理技术提升机器人与人类的互动体验。同时，该公司还注重人形机器人的外观设计，以满足生活领域的陪伴、教育、娱乐及辅助需求。
上海具识智能科技有限公司,3,3,上海具识智能科技有限公司专注于多设备任务协同和人机交互技术，通过智能化组织与部署方法优化多设备间的任务分配和流程管理，并利用层次化意图驱动的系统提升人形机器人在复杂环境中的适应性和任务执行能力，增强人机交互的智能化水平。
杭州先导热电科技有限公司,3,3,杭州先导热电科技有限公司专注于人形机器人的温度控制技术，通过中央温控模块和分布式局部控制装置结合仿生皮肤设计，实现整体与局部的精准温度调节，并利用AI感知反馈进行智能调控。
上海电气自动化集团有限公司,3,3,上海电气自动化集团有限公司专注于模块化设计的机器人技术，特别是在轮式双臂机器人和仿生人形机器人领域。通过将控制、操作和移动单元采用模块化集成设计，提高了机器人的作业流畅性、结构紧凑性和零件互换性，同时简化了装配方式并降低了加工难度。
上海同济自主智能无人系统研究院,3,3,上海同济自主智能无人系统研究院专注于虚实融合驱动的人形机器人行走训练方法和灵巧手操作控制技术，通过物理数据与仿真环境的结合优化机器人运动策略，提高人形机器人行走稳定性和安全性，同时实现高精度、高适配性的灵巧手任务操作。
厦门利泰新能源科技有限公司,3,3,厦门利泰新能源科技有限公司专注于锂离子电池原位凝胶化技术，通过优化电解液配方和复合隔膜设计，实现高致密界面结构的凝胶固态电芯制备，显著提升电池的循环寿命、热稳定性和安全性。
国网上海市电力公司,3,3,国网上海市电力公司的研究主攻方向集中在开发适用于电力运维场景的人形机器人末端执行装置，特别是针对航空插头的自动化插拔与锁紧工具，以及具备多功能切换能力的转盘式末端执行器，旨在提高工作效率并减少人工操作。
银富强,3,3,银富强的研究主攻方向集中在高功率密度传动系统和人形机器人驱动结构。通过创新的固体球体介质传动技术和拉线式多电机助力连接装置，实现超高压力下的高效传动和紧凑关节设计，显著提升机器人在高扭矩需求场景下的性能和可靠性。
佛山市华拟智能科技有限公司,3,3,佛山市华拟智能科技有限公司专注于开发高自由度表情控制和模块化设计的人形机器人头部。其核心技术包括集成的眼皮、眼球、嘴角、下巴及颈部活动模块，以及面部仿生驱动结构，旨在实现更加自然流畅的表情动作，提高空间利用率和维护便捷性。
长春月泉仿生科技有限公司,3,3,长春月泉仿生科技有限公司专注于开发高仿生度的人形机器人手臂，通过优化结构布局和动力传输设计，实现多自由度运动，增强负载能力和灵活性。特别注重关节处线缆管理以减少体积并避免干涉，使机械臂更接近人类手臂的自然运动特性。
西安北方光电科技防务有限公司,3,3,西安北方光电科技防务有限公司主要研究方向为机器人声源定位技术和灭火瓶检测装置。在声源定位方面，通过麦克风阵列和信号处理技术实现精准的声源位置估计；在灭火瓶检测领域，开发了集成化、高效且适用于多种场景的检测装置。
重庆蓝黛自动化科技有限公司,3,3,重庆蓝黛自动化科技有限公司专注于关节执行器的自动化检测与维护技术，包括污渍自动检测与清洗、下线综合性能测试及电角度智能校准，实现从识别、清洗、检测到校准的全流程自动化和智能化，提高生产效率和质量一致性。
重庆高速巨能建设集团有限公司,3,3,重庆高速巨能建设集团有限公司专注于隧道施工自动化与智能化技术，包括基于多源数据的湿喷机器人作业优化、激光扫描识别超欠挖区域以及土工布与防水板智能焊接系统，旨在提高施工效率和质量，减少人工成本。
国网江西省电力有限公司超高压分公司,3,3,该企业主攻方向为高精度、高灵活性的仿人手臂系统，特别关注七自由度同构式外骨骼力反馈技术和防爆设计。通过集成力矩电机、传感器和隔爆型腔体，实现无失真运动映射和主动闭环力觉交互，适用于高精度遥操作任务和易燃易爆环境中的安全作业。
中移(杭州)信息技术有限公司,3,3,中移(杭州)信息技术有限公司专注于人形机器人的主动跟随技术和机械臂控制方法，通过三维视觉和关节位置优化算法提高机器人在目标跟踪过程中的拟人化程度、鲁棒性和自然性，同时增强机械臂运动的可靠性和稳定性。
诚芯智联(武汉)科技技术有限公司,3,3,诚芯智联(武汉)科技技术有限公司专注于人形机器人的动态平衡控制和故障定位技术。在平衡控制方面，通过分层动态建模与实时轨迹规划实现高效稳定的动态平衡；在故障定位方面，结合多源传感器和图像处理技术，提升轨道接触网故障的识别与定位精度。
香港大学,3,3,香港大学在机器人领域的研究主攻方向是基于异构数据和强化学习的人形机器人控制方法，通过教师-学生模型和预训练的VLA模型生成连贯一致的动作指令，实现上下身动作的协调与稳定控制，提高机器人的平衡性和泛化性能。
陕西玖思和创电机科技有限公司,3,3,陕西玖思和创电机科技有限公司专注于人形机器人关节用精密电机的研发，通过优化定子铁心设计、采用低损耗硅钢片材料及改进引出线固定方式等技术手段，提高电机效率、功率密度和平稳性，同时增强电机机组的可靠性和空间利用率。
北京微悍动力科技有限公司,3,3,北京微悍动力科技有限公司专注于开发高灵活性和高保真度的人形机器人技术，主要研究方向包括仿人腕关节设计和全身动作遥操作系统。通过创新的机械结构和先进的运动学解算方法，实现对人形机器人的精确控制和自然姿态模拟。
深圳市泰科智能机器人有限公司,3,3,深圳市泰科智能机器人有限公司专注于人形机器人的关节技术，特别是通过创新的平衡装置和高精度行星滚柱丝杆机构，提升关节在承载大推力时的稳定性和精度，实现荷载均衡和高效运动。
江苏久知电机股份有限公司,3,3,江苏久知电机股份有限公司专注于低能耗人形机器人膝关节轴向磁通电机的设计与优化，通过独特的定子和转子结构设计提升电机性能，并开发先进的驱动控制方法以提高控制精度。
宁德时代新能源科技股份有限公司,3,3,宁德时代新能源科技股份有限公司主要研究方向为电池技术，特别是固态电池和极片的无损检测与质量评估方法，以及机器人关节结构设计。通过多维度超声检测、信号融合技术和物理参数分析，实现对电池制造过程中的致密度分布与界面接触状态的精确表征；同时开发紧凑型高自由度关节结构以优化人形机器人的运动性能。
宁波信泰机械有限公司,3,3,宁波信泰机械有限公司专注于无线充电技术在机器人领域的应用，特别是通过磁性结构实现精准定位的无线充电系统，提高充电的安全性和可靠性。同时，该公司还设计了适用于多种场景的人形机器人。
江苏集萃智能制造技术研究所有限公司,3,3,江苏集萃智能制造技术研究所有限公司专注于电液双足人形机器人的动态控制方法，通过位置伺服和力观测修正提升机器人在复杂环境下的安全性、适应性和运动柔顺性。同时，该公司还设计了适用于平整地面的轮式人形机器人，用于物料搬运和工具操作。
天津天星科技发展有限公司,3,3,天津天星科技发展有限公司专注于基于图像分割技术的人形机器人控制与动态避障方法研究，通过环境数据清洗、语义分割及路径规划等步骤，实现高效精准的机器人导航与交互控制。
中汽创智科技有限公司,3,3,中汽创智科技有限公司专注于机器人领域的数据采集与传输技术，通过结合虚拟现实设备和多协议网络优化，实现高效精准的机器人控制及数据处理，提升人形机器人的数据传输可靠性与带宽。
法睿科(宁波)智能科技有限公司,3,3,法睿科(宁波)智能科技有限公司主要研究方向为人形机器人关节模组的平滑控制和高效算力调度，通过机械传动非线性补偿、多关节耦合效应解耦及动态算力调度等技术，提升机器人运动的自然度、稳定性和响应速度。
港湾之星健康生物(深圳)有限公司,3,3,港湾之星健康生物(深圳)有限公司专注于开发多模态情感皮肤系统和机器人颅面端到端情感仿生系统，通过磁致蠕动方法实现表情模拟和触摸感知，并结合多种传感器和自学习算法，实现高度拟人化的情感交互和表情仿真。
太仓中科信息技术研究院,3,3,太仓中科信息技术研究院专注于人形机器人面部表情的高保真映射与标定技术，通过数据驱动建模和视觉反馈优化实现自然、精准的表情控制，并在机器人颈部机构设计及球铰布局优化方面提升姿态范围与稳定性。
威米精密机械(苏州)有限公司,3,3,威米精密机械专注于人形机器人关键零部件的高精度加工技术，包括高刚性电主轴、精密车床及装夹组件的研发，旨在提升零件加工效率与精度，降低成本，满足人形机器人对高性能零部件的需求。
南宁理工学院,3,3,南宁理工学院在机器人领域的研究主要集中在双目视觉引导的双臂随动系统和仿生踝关节柔性机械腿结构，通过视觉识别和触觉传感器实现精准抓取，并利用多维被动柔顺与抗冲击设计提高机器人运动灵活性和稳定性。
湖北美术学院,3,3,湖北美术学院在机器人领域的研究主要集中在人形机器人的外观设计与特定应用场景下的功能实现，特别是在药房自动化发药系统中，通过集成行走、抓取及信息显示等功能，提升服务效率。
御传(上海)传动科技有限公司,3,3,御传(上海)传动科技有限公司专注于人形机器人关节模组的创新设计与优化，主要研究方向包括高效散热系统、无级变速减速机构以及高性能双锥轴承技术，以提升机器人关节的动力传递稳定性、承载能力和使用寿命。
沈阳机器人产业发展集团有限公司,3,3,沈阳机器人产业发展集团有限公司专注于开发具有高适应性和灵活性的机器人底盘技术，以及设计适用于多种环境的人形机器人。其核心技术在于提高机器人在复杂地形中的运动性能和稳定性，同时通过优化人形机器人的外观设计以增强其在医疗、服务及工业等领域的应用潜力。
上海临滴科技有限公司,3,3,上海临滴科技有限公司专注于人形机器人的关节组件、抓握装置及脚掌支撑结构的设计与优化，通过创新的机械设计提高机器人动作的灵活性、稳定性和抓握能力。
刘至键,3,3,刘至键的研究主攻方向集中在人形机器人的设计与功能优化，特别是通过虚拟现实技术进行操作控制、磁共振无线输电技术的应用以及双足行走时的稳定性和压力检测技术。
深圳市中科银狐机器人有限公司,3,3,深圳市中科银狐机器人有限公司专注于人形机器人的关键部件设计与优化，包括高效力矩推杆结构、3D激光传感器的模块化安装以及关节润滑系统的改进，旨在提升机器人在复杂环境下的适应性和耐用性。
苏州讯动气体科技有限公司,3,3,苏州讯动气体科技有限公司专注于人形机器人的设计与开发，主要研究方向为提高机器人头部和躯体的灵活性及拟人化动作表现，通过创新的眼球、眨眼、张合组件以及驱动机构等技术，增强机器人在信息表达和行动上的自然度与灵活性。
纽格尔智能传动(广东)有限公司,3,3,纽格尔智能传动(广东)有限公司专注于人形机器人柔性关节执行器的研发，主要致力于实现关节的轻量化设计、便捷拆装及维护，并通过优化驱动组件布局和机械结构设计，提升关节灵活性与使用寿命，使机器人动作更加自然流畅。
广州市新豪精密科技有限公司,3,3,广州市新豪精密科技有限公司专注于人形机器人的外观设计与关节模组研发，特别在机器人手臂、双足结构及一体化伺服关节方面具有显著技术特点。该公司致力于提升人形机器人的整体形态美感和传动效率。
西安科技大学,2,2,西安科技大学在机器人竞赛领域专注于开发高效、智能的测试与评估系统，特别是通过压力传感技术实现对机器人运动轨迹及性能参数的实时监测与直观展示，为竞赛提供公正、统一的评判标准。
山口仁一,2,2,山口仁一专注于有腿移动式机器人的动作控制技术，特别是在机器人遇到外力导致跌倒时的自我保护机制以及从跌倒状态恢复站立的能力。此外，他还研究了在与外部环境交互过程中，如何通过优化关节自由度和控制策略实现高效稳定的模式转换。
上海广茂达伙伴机器人有限公司,2,2,上海广茂达伙伴机器人有限公司专注于基于并联机构的机器人构件设计与优化，通过逆运动学分析和正运动学验证，结合遗传算法进行步态规划，以提高人形机器人的轨迹规划精度和运动稳定性。
航空科技研究所,2,2,航空科技研究所在机器人技术领域专注于开发用于航空器结构的自动定位和对准方法及系统，利用具有6自由度的拟人形机器人实现高精度的部件运送与装配。
埃姆普里萨有限公司,2,2,埃姆普里萨有限公司专注于开发用于航空器结构的自动定位和对准技术，利用具有6自由度的拟人形机器人在制造过程中精确运送和装配航空结构部件。
南通中意锅炉设备有限公司,2,2,南通中意锅炉设备有限公司专注于研发两自由度机器人肩关节机构，通过优化支链结构和减少运动副自由度总数，提高机构的承载能力、响应速度及工艺性，有效解决并联机构因自由度过高导致的挠曲和扭转变形问题，适用于人形机器人的肩关节设计。
株式会社村田制作所,2,2,株式会社村田制作所在机器人领域专注于开发高精度的运动控制技术，特别是单轮车的防摔倒和移动方向控制。通过优化转矩指令生成与旋转角度调整，实现稳定且精准的自主导航。
北京邮电大学,2,2,北京邮电大学在机器人领域主要研究方向为开发基于仿生设计原理的机械结构以实现特定运动功能，以及通过自然语言处理和多智能体协同技术提升人形机器人的任务执行能力和协作效率。
王若岩,2,2,王若岩的研究主攻方向是开发高度仿真的仿人形机器人与玩具娃娃的眼睛组件，通过使用液晶彩屏技术来模拟真人眼睛的形象与动作，实现更加自然和人性化的视觉效果，特别适用于服务型机器人和玩具娃娃。
陈璟东,2,2,陈璟东的研究主攻方向是基于人形机器人的智能提醒技术，通过移动到特定目标位置并进行针对性提醒，确保提醒的准确性和隐私性，同时避免干扰他人。
中国科学院重庆绿色智能技术研究院,2,2,中国科学院重庆绿色智能技术研究院在机器人领域主要研究基于磁流变材料的3D打印技术和高精度机械手腕关节设计，致力于实现低成本、快速成型及高仿真的人机交互系统。
中国海洋大学,2,2,中国海洋大学在机器人领域主要研究方向为拟人机器人的集散式控制系统设计与优化，以及微陀螺制造工艺中的智能检测和参数自主优化技术。
南京大五教育科技有限公司,2,2,南京大五教育科技有限公司专注于开发智能化服务机器人及仿生机械手技术，特别是结合了远程控制与自主移动功能的家用烹饪机器人以及利用电磁肌肉和筋腱驱动实现高灵活性抓握动作的仿生手。
浙江爱创智能科技有限公司,2,2,浙江爱创智能科技有限公司专注于机器人领域的创新，主要研究方向为积木式机器人动力单元和人形机器人的设计。其核心技术在于开发可灵活组装的多功能机器人部件，以及具有独特外观设计的人形机器人，旨在提高玩具机器人的趣味性和实用性。
宁波市镇海拓迪工业产品设计有限公司,2,2,宁波市镇海拓迪工业产品设计有限公司专注于仿人形机器人的研发，其核心技术包括底盘滚轮驱动与超声波感应避障、GPS自动路径规划以及具备摄像头和扬声器的交互功能。设计注重结构稳定性和后期维护便利性，适用于智能服务场景。
榆林学院,2,2,榆林学院的研究主攻方向是开发可轮式运动的人形机器人，通过多舵机和驱动轮设计实现机械足行走与轮式行走的灵活切换，以适应不同环境并提高工作效率。
南京华科皓纳电气科技有限责任公司,2,2,南京华科皓纳电气科技有限责任公司专注于电场驱灭火技术，通过运动载体搭载荆棘正电极、接地电极和直流高压电源，利用强电场排开或熄灭火焰，实现高效、低成本且无污染的避火救急和灭火。
苏州穿山甲机器人股份有限公司,2,2,苏州穿山甲机器人股份有限公司专注于银行自助服务机器人的研发，主要技术方向包括基于SLAM技术和ROS操作系统的自主导航、人形机器人设计以及集成视觉和语音处理的智能交互系统。
刘子骞,2,2,刘子骞的研究主攻方向为设计结构紧凑且平衡性能稳定的机器人，特别关注于通过优化躯壳与驱动装置的对称布局及连接方式来增强机器人的负重工作能力。
株式会社乐博特思,2,2,株式会社乐博特思专注于开发高精度、模块化的机器人驱动系统，包括带有位置反馈的多输入方式减速器和改进配线结构的半中空型致动器模块，以实现更精巧、可控及易于集成的自动化设备。
山东慕客空间信息技术有限公司,2,2,山东慕客空间信息技术有限公司专注于利用体感设备Kinect进行人体动作捕捉，实时获取关节位移数据并绘制人体骨骼框架，通过控制人形机器人NAO的舵机实现对人体动作的高精度、高速度模仿和跟踪，在复杂环境下具有良好的鲁棒性。
齐鲁工业大学,2,2,齐鲁工业大学在人形机器人领域主要研究步进电机驱动的关节连接技术及多种传感器融合方法，以实现对环境和自身状态的精准感知与控制，提升机器人在复杂环境中的任务执行能力和运动稳定性。
南京创集孵化器管理有限公司,2,2,南京创集孵化器管理有限公司专注于人形机器人的背部装置研发，主要技术方向包括在机器人背部增设摄像头以实现全景成像和环境监测，以及安装防碰撞传感器以提高避障能力。通过科学合理的结构设计，提升机器人在复杂环境中的感知与安全性。
苏州全谱光电科技有限公司,2,2,苏州全谱光电科技有限公司专注于开发投影式人形机器人，通过在机器人脸部外壳设置投影机实时显示复杂表情，并结合摄像头、麦克风和主控制器实现自然流畅的人机交互。该技术方案简单可靠，成本低廉，适用于广泛的机器人应用场景。
梁海俊,2,2,梁海俊的研究主攻方向为开发具有折叠隐藏式四旋翼的人形飞行机器人，该机器人在保持拟人化外观和多功能性的同时，能够实现飞行、地面行走、避障以及语音交互等功能。
成都英博格科技有限公司,2,2,成都英博格科技有限公司专注于机器人控制与图像处理技术，主要研究方向为基于音乐信号分析的机器人动作同步控制以及通过多角度拍摄实现全景图像合成的方法。
上海木木聚枞机器人科技有限公司,2,2,上海木木聚枞机器人科技有限公司专注于开发基于人形机器人的音视频宣传技术，通过分析音视频中人物的情绪特征并实时展示对应表情，增强宣传效果的生动性和互动性。
国际商业机器公司,2,2,国际商业机器公司在机器人领域主要研究方向包括减少主观干扰内容的方法和系统，以及机器人几何相机校准与监测警报配置。通过数据处理技术降低信息传递中的不适感，并利用视觉感知技术提高机器人在复杂环境下的自主导航能力和安全性。
可口可乐公司,2,2,可口可乐公司在机器人技术领域主要研究自推进移动售货机及其相关系统，旨在通过智能化、自动化的方式提高货物销售效率与顾客服务体验，同时探索了废物回收处理的创新解决方案。
广东美的制冷设备有限公司,2,2,广东美的制冷设备有限公司专注于开发具备情绪识别与反馈功能的智能家电，以及设计具有过载保护机制的机器人关节模组，以提升家电的人机交互体验和机器人的耐用性。
浙江西塘实业有限公司,2,2,浙江西塘实业有限公司专注于研发电动机构式智能行走机械腿及基于内置距离传感器的交互式智能机器人玩具，其核心技术在于设计结构简单、布局合理且承载能力强的腿部机构，以实现高效稳定的移动性能和互动功能。
上海陆离光电科技有限公司,2,2,上海陆离光电科技有限公司专注于人形机器人髋部连接装置的研发，设计了具有马鞍形支架主体、可调节角度的连接挂板及可拆卸驱动机头的结构，提高了装置的应用范围和通用性。
南充市鹰派科技有限公司,2,2,南充市鹰派科技有限公司专注于智能安防机器人的研发，其核心技术在于集成消防、防盗和防恐功能的多功能人形机器人。该机器人配备有多种感应器和执行设备，能够在复杂环境中自主导航并执行安全任务。
四川荷福炬石科技有限公司,2,2,四川荷福炬石科技有限公司专注于仿人机器人的研发，主要研究方向为高精度、高灵活性的仿人机械头部和腿部关节模块设计，通过优化舵机、电机与减速器等关键部件的协同工作，实现机器人头部的多向运动及腿部的灵活转动。
厦门大学,2,2,厦门大学在机器人领域主要研究方向为高精度室内定位与智能控制技术，通过结合图像处理、模式识别及先进的算法优化，实现服务机器人的精准定位、路径规划和高效运动控制。
电装波动株式会社,2,2,电装波动株式会社专注于机器人安全系统和高效吸附技术的研究。在安全系统方面，通过生成并显示动态虚拟栅栏图像来提高人机协作的安全性；在吸附技术方面，开发了内置真空泵的吸附手，以实现对工件的稳定抓取。
深圳泰坦创新科技有限公司,2,2,深圳泰坦创新科技有限公司专注于机器人动作生成与控制技术，通过直观的参数设置和用户交互界面简化了机器人动作的设计流程，并实现了基于用户自定义动作序列的灵活控制，提升了机器人执行复杂任务的能力。
合肥磐石自动化科技有限公司,2,2,合肥磐石自动化科技有限公司专注于开发类人形钢琴演奏机器人系统，通过两侧协作的机器人实现对钢琴键盘和踏板的精准控制，能够流畅演奏复杂曲目，并展示出高水平的机器人协同作业能力。
东莞市锝铼金机器人自动化有限公司,2,2,东莞市锝铼金机器人自动化有限公司专注于基于空心驱动器和微型驱动器的人形机器人设计，通过优化胸部、头部、腰胯部、腿部及手臂组件的结构与驱动方式，实现高仿真度的人形机器人运动效果。
上海木爷机器人技术有限公司,2,2,上海木爷机器人技术有限公司专注于提升人机交互体验，主要研究方向包括自适应屏幕显示技术和基于触摸感应的机器人人格化反馈系统。通过智能调整屏幕内容位置以适应不同身高用户的需求，并使机器人能够根据触摸行为产生情绪化反应，增强互动的真实感与自然度。
深圳市唯特视科技有限公司,2,2,深圳市唯特视科技有限公司专注于开发基于控制策略的三维步态自我同步和自我稳定方法，通过简单的倒立摆模型、定义虚拟约束以及利用垂直振荡来实现周期性行走步态的渐近稳定，并将这些技术应用于人形机器人，以提高其行走速度、效能、适应环境能力及稳定性。
北京东舟技术股份有限公司,2,2,北京东舟技术股份有限公司专注于人形机器人姿态校准技术，通过多角度相机组件和控制器实现高精度的姿态检测与调整，确保机器人动作准确到位。
西班牙法格塞达公司,2,2,西班牙法格塞达公司专注于开发高效的自动化生产线和柔性夹持装置，以提高部件堆叠和加工过程中的精度与灵活性。其核心技术包括利用可移动夹持元件实现精确定位以及通过光学测量和智能控制系统优化平面格式零件的处理流程。
江苏物联网研究发展中心,2,2,江苏物联网研究发展中心专注于人机交互技术，特别是在人体运动数据的采集、处理及实时映射到机器人模型方面，通过建立数字运动人库和实现人机同步运动，提升机器人与人类动作的一致性和协调性。
华东理工大学,2,2,华东理工大学在机器人领域主要研究方向为开发具有高度集成和多功能特性的机器人组件，包括设计欠驱动弹复性模块以简化机械结构并提高灵活性，以及研发具备压力与弯曲角度监测功能的电子皮肤贴片系统，提升机器人的感知能力和适应性。
GDM控股有限公司,2,2,GDM控股有限公司专注于利用云计算技术优化机器人系统的性能和任务执行能力，通过收集并分析来自多个机器人的传感器数据来改进维护策略，并基于云端存储的数据生成适用于特定配置的机器人指令以完成任务。
长沙展朔轩兴信息科技有限公司,2,2,长沙展朔轩兴信息科技有限公司专注于机器人肩关节的设计与研发，通过采用多伺服电机驱动和多转动副铰链连接的方式，实现运动平台的三维转动。其技术方案具有结构简单、承载能力强、响应速度快及工艺性好等优点，适用于人形机器人的肩关节。
卢颐临,2,2,卢颐临的研究主攻方向是开发结构简单、操作简便且具备无线控制功能的人形人工智能机器人，通过集成微型处理器、摄像头眼睛和多种关节装置，实现对外部环境数据的采集与处理，并利用万向轮和动力驱动装置提升机器人的移动灵活性。
哈尔滨理工大学,2,2,哈尔滨理工大学在机器人领域主要研究方向为欠驱动系统的平衡控制与智能物流分拣技术，通过动力学建模、智能算法优化及自动引导装置的应用，实现低成本、高效率的自动化解决方案。
安徽小豆网络科技有限公司,2,2,安徽小豆网络科技有限公司专注于开发人形机器人自助收银机及无人便利店运营系统，通过集成语音识别、人脸识别、商品信息识别和支付模块等技术，实现与顾客的互动交流、商品结算及支付功能，提升无人零售体验。
航天科工智能机器人有限责任公司,2,2,航天科工智能机器人有限责任公司专注于仿人机器人的关键技术研发，特别是在提高机器人运动性能方面。其研究重点包括开发高效的颈关节驱动机构以增强头部活动自由度，以及运用先进的多目标粒子群算法优化步态规划，实现更自然流畅的行走动作。
中国矿业大学,2,2,中国矿业大学在机器人领域的研究主攻方向为开发基于不同机制（如片簧和电磁屈曲梁）的变刚度柔性关节及其控制方法，这些技术具有结构简单、易于控制、可小型化的特点，并且能够实现高精度的刚度调节。
江西制造职业技术学院,2,2,江西制造职业技术学院的研究主攻方向是利用虚拟现实和体感采集技术，结合仿人机器人系统，实现空间站的远程维修与维护。通过实时分析操作员动作并精准控制机器人，提高空间站维修任务的执行效率和准确性。
百度(美国)有限责任公司,2,2,百度(美国)有限责任公司在无人驾驶领域专注于开发先进的决策与控制技术，特别是通过预测交通行为、手势识别及交互以及结合模型预测控制和逆向强化学习来优化驾驶策略，以提升自动驾驶的安全性和舒适度。
国立科学研究中心,2,2,国立科学研究中心专注于机器人领域的下肢和手部关节技术，特别是双足行走机器人的下肢关节设计和仿人机器人的灵巧手结构。研究重点在于提高关节的灵活性、稳定性和抓取能力，以实现更自然和高效的运动与操作。
南京优触电子科技有限公司,2,2,南京优触电子科技有限公司专注于基于弹性波识别技术的人形机器人触觉外壳研发，通过在弧面壳体内布置声电换能器并采用特殊信号处理方式及墨卡托投影定位方法，实现对用户触碰位置的精准识别与交互功能简化。
宁波GQY视讯股份有限公司,2,2,宁波GQY视讯股份有限公司专注于机器人关节技术的研发，主要致力于通过创新的线控技术和位置检测方法提高机器人的灵活性和动作精度。其代表性技术包括远程驱动的轻量化颈部关节设计及基于电阻变化的手臂位置检测机构。
赵云琦,2,2,赵云琦专注于开发孤独症儿童辅助教育机器人，通过设计与人体结构相似的人形机器人，结合监护人员遥控操作发出声音指令和动作示范，促进孤独症儿童模仿学习和社会交互能力的提升。该方案采用模块化零件和编程内容设计，提供了一种简单且开放式的康复教育手段。
浙江吉利控股集团有限公司,2,2,浙江吉利控股集团有限公司在机器人领域主要研究方向为智能设备与自动化技术，特别是在自动草坪维护和智能车载空调控制方面，通过集成先进的传感器、图像识别及控制系统，提升用户体验和环境适应性。
华东师范大学,2,2,华东师范大学在机器人技术领域主要研究方向为基于人机交互的自闭症康复训练系统以及多智能体系统的动态分配与协作方法，通过构建互动模型和角色驱动机制实现高效的人机协作与任务执行。
北京格分维科技有限公司,2,2,北京格分维科技有限公司专注于总线舵机的控制系统及级联系统的研发，通过优化舵机控制方法和连接方式，提高机器人的组装便捷性、稳定性和可靠性，同时增强系统的动态响应能力和抗干扰性能。
苏州力佳达电子科技有限公司,2,2,苏州力佳达电子科技有限公司专注于人形机器人中部结构的设计与优化，主要研究方向为集成多功能模块的机器人躯干部分，包括分类储存、食物供给、定位导航及空气净化等功能，以增强机器人在户外活动中的辅助能力。
何义周,2,2,何义周的研究主攻方向是机器人手臂及智能服务助手的设计，特别关注于通过优化手指和手掌件的驱动结构来简化整体机械构造，从而实现体积缩小与功能增强。其创新点在于利用特定布局的驱动线连接各指节与驱动源，以提高动作灵活性和控制精度。
紫勋智能科技(北京)有限公司,2,2,紫勋智能科技(北京)有限公司专注于类人机器人双臂运动规划与姿态决策控制技术，通过建立和解析前向及逆运动学模型，形成二次规划问题，并设计相应的动态规划方法和求解器，实现高精度的双臂协同控制。
乐森机器人(深圳)有限公司,2,2,乐森机器人专注于开发具有变形功能和双足行走能力的机器人，通过创新的关节设计与舵机驱动技术实现形态变换及稳定移动。其研究重点在于提高机器人的灵活性、平衡性和多模式运动能力。
张舒怡,2,2,张舒怡的研究主攻方向是利用线状激光和数字成像技术进行障碍物检测的传感器设计，通过反射面延长光路并结合CCD或CMOS感光元件来识别前方障碍物。
杭州海灵智电科技有限公司,2,2,杭州海灵智电科技有限公司专注于机器人舵机控制技术的创新，包括智能模式切换与偏差调节方法，以及高效、灵活的多自由度人形机器人设计。其研究致力于简化舵机控制系统，提高机器人的动作精度和安全性，同时优化内部结构以增强整体性能。
盐城工学院,2,2,盐城工学院在机器人领域的研究主攻方向为基于听觉的人形机器人控制系统，通过嵌入式计算机系统实现视频识别与处理、语音指令解析及背景声音的节奏识别，驱动机器人跟随节拍做出动作，增强人机交互和娱乐功能。
中国南方电网有限责任公司,2,2,中国南方电网有限责任公司的研究主攻方向集中在提升电力系统的智能化运维水平，特别是在人机协同巡检机器人控制方法和光缆通信系统智能监护技术方面，通过结合人类决策与机器自主规划，优化任务执行路径及网络设备配置，提高系统的适应性和运行效率。
淄博纽氏达特机器人系统技术有限公司,2,2,淄博纽氏达特机器人系统技术有限公司专注于开发探伤检测人形机器人及其检测方法，通过集成主探测模块、子扫描模块和多电机驱动的双臂结构，实现对传送带上焊接件的实时缺陷检测与不合格品抓取，具备高效灵活的检测能力和实用性。
深圳市汇联时代科技有限公司,2,2,深圳市汇联时代科技有限公司专注于机器人转动限位结构和头部随音乐转动的控制技术，通过创新设计提高机器人的安全性和精确度，同时增强其趣味性和娱乐性，提升用户体验。
深圳勇艺达机器人有限公司,2,2,深圳勇艺达机器人有限公司专注于开发先进的机器人手臂控制系统，包括物体抓取技术和故障诊断系统。其核心技术在于通过视觉识别和闭环控制实现精准操作，并提高系统的拟人化程度和用户交互体验。
中科新松有限公司,2,2,中科新松有限公司专注于机器人领域的高级控制技术和智能化管理，特别是在串联弹性驱动器的精确位置控制以及基于多源数据的机器人元技能自定义和管理方面具有显著研究。
沈阳工业大学,2,2,沈阳工业大学在机器人领域主要研究方向为可变形轮足机器人的快速变形和低重心系统，以及基于复合轴承结构的轴向磁通永磁电机。这些技术提高了机器人的适应性和能效，并实现了紧凑型高性能驱动系统的轻量化和散热优化。
重庆科技学院,2,2,重庆科技学院在机器人领域的研究主要集中在医疗健康检测与人机交互安全两方面，开发了集成多种生理参数监测功能的自助体检机器人，并设计了可调节、适应性强的柔性驱动关节结构以提高穿戴式机器人的舒适度和安全性。
MBL有限公司,2,2,MBL有限公司专注于开发能够执行复杂任务的人形机器人技术，特别是通过构建基于计算机编码的动作基元来实现自动化烹饪和护理等应用。其核心技术在于创建一种通用的可示范编程平台，利用微操纵电子库提供高级别的感测与执行序列，以支持人形机器人在工具使用及环境交互中的灵活性和功能性。
西京学院,2,2,西京学院专注于开发用于真空管道检查和维修的磁吸式步行机器人。这些机器人设计成人形，脚底装有电磁铁，能够在管道内外壁上行走、站立甚至侧立或倒立，以执行各种检查和维修任务，提高作业效率和安全性。
广州创梦空间人工智能科技有限公司,2,2,广州创梦空间人工智能科技有限公司专注于开发用于商业表演的高智能人形机器人，通过集成多自由度驱动关节与先进的外设感官系统，结合智能算法实现灵活运动、多样化动作展示及智能语音对话功能，显著提升机器人的观赏性和互动体验。
焦作大学,2,2,焦作大学的研究主攻方向是体操运动的机器人教学方法及系统，通过仿人形机器人进行一对多的教学，并利用CCD摄像机采集和分析学员动作，与标准动作对比后提供错误提示以纠正动作。
上海航天控制技术研究所,2,2,上海航天控制技术研究所专注于机器人领域的高效驱动系统和先进传感器技术，特别是在负重型外骨骼的液压驱动系统设计上，通过优化电机泵组与阀控策略实现高效率、轻量化；同时在柔性触觉传感器方面，利用MXene基电极和水锁离子导电水凝胶开发出具有高灵敏度和宽温区稳定性的传感解决方案。
株式会社捷太格特,2,2,株式会社捷太格特专注于开发触觉传感器及人形机器人，其核心技术在于利用弹性变形片材、线圈和磁性材料构成的触觉传感器，通过检测线圈电感变化来感知外部接触力。
株式会社英实业,2,2,株式会社英实业专注于可变形玩具车的设计与开发，主要研究方向为实现玩具车在汽车形态和机器人形态之间的平滑转换，通过创新的框架结构和触发机制设计，使玩具车能够在不同模式间自动或手动变形。
广州市威控机器人有限公司,2,2,广州市威控机器人有限公司专注于机器人的姿态校准与舵机保护技术，通过创新的自动校准方法提高机器人定位精度，并开发了基于状态监测的舵机防护机制以减少物理损伤风险，从而增强机器人系统的可靠性和用户体验。
中国人民解放军总医院第一医学中心,2,2,该单位主要研究方向为医疗健康领域的智能设备与系统，特别是结合机器人技术的远程医疗服务及便携式生理信号监测装置。
梁静,2,2,梁静的研究主攻方向为医院导医人形机器人及其控制方法，通过集成语音、视觉、移动、肢体和监测系统实现高效的人机交互，提升就医效率与用户体验，同时减轻医护人员的工作负担并保护患者隐私。
非夕科技有限公司,2,2,非夕科技有限公司专注于机器人领域的高精度力和力矩传感技术，通过多轴力和力矩传感器的设计以及关节力矩补偿方法，提升机器人在不同工况下的力感知精度和稳定性。
北京声智科技有限公司,2,2,北京声智科技有限公司主要研究方向为智能交互技术，专注于通过用户行为分析和环境感知实现个性化信息展示，并开发自动化舞蹈编排算法以增强机器人娱乐功能的多样性和互动性。
渥美不动产有限公司,2,2,渥美不动产有限公司专注于开发具备旋转体的移动和作业装置，特别是利用筒型或圆柱形旋转体作为驱动轮或作业部件的技术。这些装置能够抓握并沿细长物体移动，适用于绳索等细长部件的操作与运输。
深圳市城市漫步科技有限公司,2,2,深圳市城市漫步科技有限公司专注于开发机器人头部运动装置及人形机器人，通过多维度驱动件和移动架设计，实现机器人的扭头和偏头动作，增强头部运动的拟人化效果。
上海上实龙创智能科技股份有限公司,2,2,上海上实龙创智能科技股份有限公司专注于基于类人形机器人的室内讲解系统及方法，通过红外传感技术实现机器人在预定路线上的精准定位与自动调整，以提高讲解的准确性和清晰度，减轻人工讲解员的工作负担。
北京市商汤科技开发有限公司,2,2,商汤科技专注于图像处理与计算机视觉技术，特别是在对象关键点识别领域。通过创新的图像处理方法和深度学习模型，提高对称对象及目标对象关键点识别的准确性和效率，增强识别结果的应用范围和实用性。
深圳市特种设备安全检验研究院,2,2,深圳市特种设备安全检验研究院专注于开发适用于受限空间的特种检测机器人，特别是具有四肢的类人形机器人。这些机器人通过电磁铁和智能控制系统实现在铁磁性容器内部的直立行走、爬行等多姿态移动，以进行全方位视觉检测。
英特尔公司,2,2,英特尔公司在机器人领域的研究主要集中在高级图像处理和自主代理操作技术上，具体包括通过点云配准提高图像数据的准确性以及开发针对特定任务的地图表示系统以优化自主设备的导航与执行效率。
北京洛必德科技有限公司,2,2,北京洛必德科技有限公司专注于开发多功能智能清洁机器人，通过集成主电源、显示屏、麦克风和透气网板等组件，并采用可自动拆卸组装的扁平式设计，实现高效清洁作业，特别适用于存在限高区域的清洁任务。
江苏信息职业技术学院,2,2,江苏信息职业技术学院专注于开发基于语音控制的智能机器人系统，特别是应用于智能家居设备控制及养老服务领域。通过集成先进的语音识别技术、物联网框架和人形机器人设计，实现多品牌智能设备互联与便捷操控，提升用户体验和生活便利性。
M·奥利尼克,2,2,M·奥利尼克专注于开发能够在特定环境中替代人类执行复杂任务的机器人系统，特别是在烹饪领域实现自动化食物制备，并通过环境感知和对象识别技术提升机器人在多样化场景下的交互能力。
广东今甲机器人有限公司,2,2,广东今甲机器人有限公司专注于仿人形机器人的手臂结构和控制方法，通过创新的推动机构设计，解决了传统拉线控制方式中手指灵活性差、易缠绕的问题，提高了手指动作的协调性和可靠性。
浙江未来精灵人工智能科技有限公司,2,2,浙江未来精灵人工智能科技有限公司专注于机器人定位与导航技术，通过融合双目视觉传感器和行进状态感知传感器提高定位精度和鲁棒性，并利用动态障碍物的速度信息优化导航路径，提升机器人在复杂环境中的导航效率。
合肥铁榔头教育科技有限公司,2,2,合肥铁榔头教育科技有限公司专注于人形机器人腰部关节的设计与优化，通过扭矩传递机构和拉簧卸荷机构，大幅减小电机转矩脉动，改善动力学特性，降低控制难度和能耗。
中国人民解放军海军军医大学第一附属医院,2,2,该单位主要研究方向为医疗自动化系统，特别是针对血流动力学监测和肝素用药监测的智能辅助决策系统，通过实时数据分析与处理，提供精准的用药指导和剂量调整建议，提高医护人员工作效率及患者治疗效果。
得麦股份有限公司,2,2,得麦股份有限公司专注于开发先进的多模态人机交互技术，特别是在基于自然语言处理的视觉场景构建和结合音频与视觉信号的语音识别领域，以提升机器人对复杂环境的理解能力和对话系统的准确性。
深圳先进技术研究院,2,2,深圳先进技术研究院主要研究方向为基于深度强化学习和动力学模型的机器人路径规划与稳定行走控制技术，特别是在自平衡外骨骼和双足机器人的动态环境避障及自然步态生成方面。
丰田研究所股份有限公司,2,2,丰田研究所股份有限公司专注于机器人和自动驾驶技术，特别是在3D自动标记和目标识别方面。通过利用结构和物理约束进行精确的3D对象标记，并结合特征向量比较来识别未知目标，提升机器人的环境感知能力和自主导航性能。
孙诚睿,2,2,孙诚睿的研究主攻方向是机器人下肢的快速更换与缓冲技术，通过设计可拆卸结构和液压缓冲系统，提高机器人在跳跃等高冲击动作中的稳定性和耐用性。
李上清,2,2,李上清的研究主攻方向为智能交互人形机器人的自动消毒清理技术，特别是通过集成自动喷射消毒水和擦拭刮动清理功能，防止细菌病毒经由显示触摸屏传播，并对使用后的消毒水进行导流收集。
福建(泉州)先进制造技术研究院,2,2,福建(泉州)先进制造技术研究院专注于开发面向鞋服展示的人形机器人控制系统，该系统集成了自主导航、路径规划、避障及人机交互功能，通过视觉语音模块和模特运动控制模块实现动态的鞋服展示与推广。
境见未来(青岛)科技有限公司,2,2,该企业专注于基于双目摄像头和人形机器人的增强现实技术，通过实时采集实景数据、深度计算及图像处理，实现虚实精准融合的3D虚拟场景构建与传输，提升用户体验的真实感、沉浸感和互动性。
深港产学研基地(北京大学香港科技大学深圳研修院),2,2,该单位专注于双耳声源定位技术的研究，通过加权模板匹配和时频掩码估计等方法，在复杂噪声环境下实现高精度的声源角度定位。利用卷积神经网络提升特征鲁棒性，并结合端到端的学习框架优化定位性能。
深圳安康慧科技有限公司,2,2,深圳安康慧科技有限公司专注于机器人技术在智能家居和养老领域的应用，主要研究方向包括智能弱电箱的设计与集成以及桌面机器人的全空间主动交互方法，旨在提升家庭智能化水平及老年人居家生活的便捷性和舒适度。
中国人民解放军陆军特色医学中心,2,2,该单位专注于开发用于医患沟通能力训练的机器人技术，通过集成声音传感器、情绪显示模块和显示屏等组件，模拟真实交流情境，帮助医学生提高沟通技巧。
浙江睿致人工智能科技有限公司,2,2,浙江睿致人工智能科技有限公司专注于开发人形机器人，特别在拳击训练领域。其核心技术在于通过多种电机和推杆的协同工作，使人形机器人能够模拟出拳和摆拳动作，与拳击手进行互动训练，提高拳击手的防守和躲闪能力。
乐聚(江苏)机器人科技有限公司,2,2,乐聚(江苏)机器人科技有限公司专注于机器人控制技术，特别是在颜色识别和物品移动的精准控制以及基于多模态数据的运动控制模型训练方面，以提升机器人在复杂环境下的操作精度和自主性。
费奥多·库斯马采夫,2,2,费奥多·库斯马采夫的研究主攻方向是基于运动的稳定支撑系统，通过传感器检测移动主体的运动参数，并利用控制单元和致动器实时调整以防止不稳定性，从而有效避免跌倒。
KYB株式会社,2,2,KYB株式会社专注于模块化机器人和连结结构技术，特别是在通过液压驱动实现模块间相对移动以及利用棒状零件和固定单元实现部件间的稳固连接方面具有显著研究。
张效龙,2,2,张效龙的研究主攻方向是通过在人工智能机器人系统中引入使命感和意识模仿系统，提升通用人工智能机器人的科学探索能力。其技术方案涵盖了数据处理、人形机器人终端、模仿系统及存储系统的集成与优化。
埃尔薇拉·库恩,2,2,埃尔薇拉·库恩的研究主攻方向是基于运动的稳定支撑系统，通过集成传感器、致动器和控制单元来实时检测并抑制移动主体的不稳定性，从而防止跌倒。
王娟,2,2,王娟的研究主攻方向是开发具有多功能机械臂的智能机器人，特别关注于通过优化机械臂结构设计来实现高效、低成本的物品搬运与支撑功能。其技术方案强调利用多关节机械臂和智能行走机构以适应不同高度的任务需求，并通过减少所需电机扭矩进一步降低生产成本。
深圳市金大智能创新科技有限公司,2,2,深圳市金大智能创新科技有限公司专注于开发基于数字化虚拟人驱动技术的远程机器人控制系统，以及具备多样化互动功能的智能家庭服务机器人。其核心技术在于实现操作者动作到机器人的实时映射，以及提升机器人头部运动的灵活性和用户体验。
香港科技大学,2,2,香港科技大学在机器人领域专注于开发先进的感知技术，包括仿生视觉系统和碰撞检测方法。其研究重点在于通过模仿生物结构设计高灵敏度的视觉传感器，并利用超声波技术实现对机器人外壳碰撞事件的精准定位与损伤评估，以提升机器人的环境适应性和安全性。
深圳市千越文化教育科技有限公司,2,2,深圳市千越文化教育科技有限公司专注于人形机器人在教育领域的应用，通过集成情感识别、状态分析和信息处理等技术模块，实现高效的人机互动教学模式，提供个性化学习方案，以提高学生的学习效率。
全爱科技(上海)有限公司,2,2,全爱科技(上海)有限公司专注于智能人形机器人的控制系统和方法，通过识别和分析人体姿态图片生成关节参数，结合姿态过渡策略，实现机器人平稳高效的动作变换，特别是在单脚站立时的稳定性控制。
深圳海翼智新科技有限公司,2,2,深圳海翼智新科技有限公司专注于机器人领域的技术创新，主要研究方向包括机械手指的结构优化和控制方法的智能化。通过简化机械手指结构提高使用寿命，并开发智能控制算法使机器人能够根据用户反馈和环境变化自适应调整行为，提供更加智能的服务。
北京地平线机器人技术研发有限公司,2,2,北京地平线机器人技术研发有限公司专注于开发高效的神经网络模型压缩技术与先进的运动控制算法，通过优化模型结构和指令生成方法提升机器人的数据处理效率及运动控制能力，以实现更智能、灵活的机器人应用。
东莞理工学院,2,2,东莞理工学院的研究主攻方向为张拉整体式仿生肩关节系统及其运动轨迹规划方法，通过将肩关节形态结构与张拉整体结构融合，实现轻量化、高柔顺性和灵活性的仿生肩关节设计，适用于人形机器人关节。
苏州元脑智能科技有限公司,2,2,苏州元脑智能科技有限公司专注于机器人领域的目标检测与节点通信技术，通过优化三维点云数据处理提升目标检测模型性能，并利用虚拟端口技术增强节点间的数据传输效率和降低通信时延。
极光飞行科学公司,2,2,极光飞行科学公司专注于机器人在复杂动态环境中的冲突检测与避免技术，通过实时监测周围环境和预测潜在碰撞风险，结合感知不确定性分析，智能规划安全路径以确保机器人任务执行的安全性和效率。
深圳职业技术学院,2,2,深圳职业技术学院在机器人领域的研究主攻方向为基于听觉的人形机器人控制系统，该系统通过集成处理、操控接收和听觉接收模块实现对音频信号的解析与响应，并支持远程控制及预设动作的自动执行，适用于多种应用场景，如工厂操作。
深圳市三思康养科技有限公司,2,2,深圳市三思康养科技有限公司专注于基于听觉的人形机器人控制系统，集成处理、操控接收与听觉接收模块，实现音频解析和远程控制，适用于工厂等场景的自动化操作。
花粉机器人技术公司,2,2,花粉机器人技术公司专注于开发具有多自由度的机器人关节及其控制方法，特别是通过创新的齿轮和电机布局实现高效、灵活的运动控制。这些关节设计旨在提高机器人的灵活性和精度，适用于多种应用场景。
河海大学,2,2,河海大学在机器人领域的研究主要集中在开发基于轻量化神经网络的实时镜像行为方法和设计具有伸展与收缩功能的气动人工肌肉，以实现高精度、自然度及适应性的机器人动作控制。
苏州科技大学,2,2,苏州科技大学在机器人领域主要研究欠驱动绳索桁架式行走机器人和基于柔性GaN薄膜的机器人系统。前者通过独特的平面连杆机构和牵引路径设计实现轻量化、低功耗和平稳行走；后者则利用柔性GaN薄膜制备高灵敏度、快速响应的类脑芯片，提升机器人的适应性和性能。
高通股份有限公司,2,2,高通股份有限公司在机器人领域主要研究方向集中在利用深度学习技术优化视频编码效率及通过超宽带技术提升设备定位精度。具体表现为开发先进的神经网络模型以实现更高效的视频数据压缩，同时构建精准的UWB定位系统来增强物联网中设备间的连接与交互能力。
淮阴工学院,2,2,淮阴工学院在人形机器人轨迹跟踪领域进行研究，通过图像处理和ROI区域划分技术检测色块并生成运动指令，结合历史指令池优化资源利用，提高寻迹准确性。
温州大学,2,2,温州大学在机器人技术领域专注于智能教育系统的开发，特别是结合AI和物联网技术实现学生行为监测与反馈。同时，在柔性电子材料方面，该校致力于研发具有高导电性和柔韧性的新型水凝胶电极材料，用于能量收集装置，推动了人机交互及可穿戴设备的进步。
纯米科技(上海)股份有限公司,2,2,纯米科技(上海)股份有限公司专注于机器人领域的智能抓取技术和平衡控制技术，通过环境感知与路径规划实现高效物体抓取，并利用多传感器信息融合提升双足机器人在复杂地形中的稳定性和适应性。
深圳市安信达存储技术有限公司,2,2,深圳市安信达存储技术有限公司专注于人形机器人的数据处理与存储控制技术，通过将待存储数据划分为动作数据集并分析其与标准动作的差异，结合场景特征进行高效存储，显著降低内存需求和存储成本。
山东大学苏州研究院,2,2,山东大学苏州研究院主要研究方向为基于铟铝锌氧化物和透明宽禁带材料的神经形态忆阻器及痛觉神经元感受器，通过优化材料和制备工艺，实现高性能、高稳定性的类脑计算器件，并在光电应用和生物模拟领域展现出重要潜力。
之江实验室科技控股有限公司,2,2,之江实验室科技控股有限公司专注于人形机器人运动性能的测量与捕捉技术，通过集成IMU测量仪和红外标记球，结合红外相机实时获取并分析姿态角、加速度及位姿平面数据，以适应不同人形机器人的多种运动性能测量需求，实现便捷高效的运动捕捉。
旭清灵动(上海)具身智能科技有限公司,2,2,旭清灵动(上海)具身智能科技有限公司专注于人形机器人手腕连杆传动结构的设计与优化，通过创新的机械臂骨板、联结轴及直线驱动机构布局，解决了传统设计中因直接放置驱动执行器导致的手腕臃肿问题，提升了仿人形机器人的整体协调性和外观比例。
中国人民解放军战略支援部队航天工程大学,2,2,该单位研究主攻方向为融合软件机器人与人形机器人的全自动业务流程方法，通过多层架构的软件机器人系统将任务需求转化为执行指令，驱动人形机器人完成作业并反馈状态，从而提升操作流程的自动化程度。
广东华沿机器人股份有限公司,2,2,广东华沿机器人股份有限公司专注于提高机器人运动控制的稳定性和效率，特别是在无夹持机械臂的轨迹平滑与位姿控制以及基于电子皮肤传感器的状态监测和响应方面。
重庆邮电大学,2,2,重庆邮电大学的研究主攻方向集中在无线通信和电机控制领域，特别是在6G SURLLC场景下的用户性能分析及全速域下无传感永磁同步电机的改进控制方法。这些研究致力于提升系统的安全性和可靠性，并通过优化算法提高电机控制的精度和响应速度。
江苏金和美机器人科技有限公司,2,2,江苏金和美机器人科技有限公司专注于机器人技术的研发，特别是在电子皮肤的信号检测处理以及物流搬运机器人的设计与优化方面。其核心技术包括利用霍尔效应实现高密度点状检测以提高电子皮肤的灵敏度和柔软性，以及通过优化关节结构和助力方式提升物流搬运机器人的工作效率和负载能力。
北京百度网讯科技有限公司,2,2,北京百度网讯科技有限公司主要研究方向为基于人工智能的视觉处理技术，特别是在计算机视觉与深度学习相结合的应用领域，如智能体视觉导航和三维对象检测，这些技术广泛应用于自动驾驶、机器人导航等场景。
南京硅基智能科技集团股份有限公司,2,2,南京硅基智能科技集团股份有限公司专注于计算机视觉和图像处理技术，特别是在关键点旋转模型和数字人生成模型的训练方法上，通过优化模型训练过程以提高模型性能并降低计算资源需求，从而推动数字人在低算力设备上的广泛应用。
北京小雨智造科技有限公司,2,2,北京小雨智造科技有限公司专注于机器人领域的人机交互与标定技术，通过创新的空间事件组合解析和多步预测方法，提高人机交互效率及准确性，并增强机器人视觉系统的标定精度与稳定性。
浙江环动机器人关节科技股份有限公司,2,2,浙江环动机器人关节科技股份有限公司专注于高精度、紧凑型减速装置及机器人关节技术的研发，特别在摆线齿轮减速器和多自由度谐波减速器组件方面具有显著创新，旨在提升机器人关节的运动范围与承载能力。
西安缔造者机器人有限责任公司,2,2,西安缔造者机器人有限责任公司专注于开发高效的人机交互系统和仿生机器人技术，特别是在边缘计算环境下实现高精度实时人脸表情识别以及设计低成本、高稳定性的仿真人形机器人腿部结构。
沧州菲漫电子科技有限公司,2,2,沧州菲漫电子科技有限公司专注于开发具有颞下关节运动功能的人形机器人，通过设计可调节的下颌骨骨架和驱动机构，实现对人类下颌骨髁道角度的精确模拟，为医学训练提供直观且功能性强的解决方案。
福建经济学校,2,2,福建经济学校的研究主攻方向是基于视觉识别的人形机器人技术，特别关注通过滤光膜卷筒和摄像防护玻璃来保护摄像头感光元件免受强光和高能光束损害的方法。
哈尔滨灵博机器人有限公司,2,2,哈尔滨灵博机器人有限公司专注于研发集驱动、感知和控制于一体的直线驱动电缸，通过集成直流无刷电机、失电制动模块、传感器及驱控电路板，提升电缸的输出动力、集成度、轻质性、结构强度、功耗和运动速度，适用于人形机器人关节驱动。
中国石油大学(华东),2,2,中国石油大学(华东)在柔性压力传感器领域进行研究，开发具有高性能敏感层和柔性可穿戴特点的传感器。该传感器灵敏度高、响应速度快、检测量程大，适用于运动检测、手势识别、触觉感知、电子皮肤及机器人等领域。
北京中航科电测控技术股份有限公司,2,2,北京中航科电测控技术股份有限公司专注于人形机器人关节模组电机的设计与优化，通过创新的铁芯限位槽结构和环形驱动轴设计，实现永磁体在绕阻线圈内部的高效布局，有效避免端部漏磁，提升电机性能和磁能利用率。
广东海洋大学,2,2,广东海洋大学在机器人领域主要研究方向为谐波减速器的过载保护技术和机器人关节性能测试与评估技术，通过创新设计提高谐波减速器的耐用性和安全性，并建立关节传动透明度的量化评价体系以优化关节性能。
杨军,2,2,杨军的研究主攻方向是仿人形机器人的折叠关节设计，特别是通过齿轮传动和减速器实现的复合关节运动。其技术重点在于优化关节驱控电路板、电机组件及齿轮啮合结构，以提高机器人关节的灵活性和稳定性。
彭太江,2,2,彭太江的研究主攻方向是仿人形机器人的折叠关节设计，特别是通过齿轮传动和锥齿轮减速器实现的复合关节运动。其技术重点在于提高关节的灵活性和驱动效率，以支持更复杂的机器人动作。
深圳市小全科技文化有限公司,2,2,深圳市小全科技文化有限公司专注于智能仿生表情机器人的研发，主要技术方向包括通过柔性材料和驱动模组实现面部表情的自然模拟，以及利用面部肌肉神经网络控制系统精确控制表情变化，使机器人能够产生连续且细腻的表情动作。
上海非夕机器人科技有限公司,2,2,上海非夕机器人科技有限公司专注于提升机器人关节的性能，主要研究方向包括通过精确力矩补偿方法提高关节力矩检测的准确性和稳定性，以及设计紧凑型关节模组以优化机器人结构的空间利用率和整体紧凑性。
萨克米科技股份公司,2,2,萨克米科技股份公司的研究主攻方向是开发用于制造由压实陶瓷粉末制成的制品的系统和方法，重点在于通过自动化的供应、压实、切割、去毛刺/修整及检测控制过程提高生产效率和产品质量。
东莞市赛仑特实业有限公司,2,2,东莞市赛仑特实业有限公司专注于人形机器人用齿轮和齿轮减速机的研发，通过设计包含多组齿轮和可调节传动轴的结构，实现不同齿轮组间的灵活切换，从而提高机器人在复杂动作执行中的灵活性和效率。
郭秋泉,2,2,郭秋泉的研究主攻方向是仿人形机器人的折叠关节设计，特别是通过齿轮传动和减速器实现的复合关节运动。其技术重点在于提高关节的灵活性和控制精度，以实现更自然的人形机器人动作。
吴幼健,2,2,吴幼健的研究主攻方向是开发能够模仿人类行走动作的人形机器人，通过改进重心移动装置和踝关节设计，使机器人在行走时更加自然流畅，实现更逼真的拟人下肢动作。
深圳市创鑫激光股份有限公司,2,2,深圳市创鑫激光股份有限公司专注于具有PLE安全等级的激光设备电控系统，通过外控信号装置、安全电源电气装置、控制板和驱动板协同工作，实现双通道互锁和急停功能，提高故障检测能力和整体安全性。
中科璀璨机器人(成都)有限公司,2,2,中科璀璨机器人(成都)有限公司专注于人形机器人的四肢协同平衡控制技术，通过多源状态信息融合和运动协调模型，实现精确、鲁棒的平衡控制策略，包括后掠控制、跨越控制和虚拟模型控制，有效提升机器人在复杂环境中的运动稳定性和协调性。
大连交通大学,2,2,大连交通大学在人形机器人领域专注于多模态智能识别与行为控制技术，通过集成多种组件如信号控制调节、轴心角度调节及下肢架补偿等，实现精确的环境感知、导航控制和灵活智能的步态控制，提高系统的响应速度、稳定性和操作实用性。
福州百益百利自动化科技有限公司,2,2,福州百益百利自动化科技有限公司专注于多维度智能唤醒电子设备技术，通过自动生成多种唤醒词并设置与不同唤醒类型（应答、功能、交互）的对应关系，实现对指定电子设备的精准控制及用户交互体验优化。
深圳市华强电气技术有限公司,2,2,深圳市华强电气技术有限公司专注于人形焊接机器人技术，通过相机模拟人类视觉进行自主焊接作业及路径规划。其核心技术包括基于数据融合的位姿估计、视觉三维重建、障碍物识别以及改进RRT算法的路径规划，旨在提高焊接效率并降低成本。
北京唯迈医疗设备有限公司,2,2,北京唯迈医疗设备有限公司专注于微创血管介入手术领域，研发人形介入机器人的手部装置，通过左右手装置协同操作实现导管导丝的精准推送与旋转、造影剂注射及压力泵控制，并具备感知夹持力度和实时推送阻力的功能，以完成介入手术中的关键操作。
浙江三花智能控制股份有限公司,2,2,浙江三花智能控制股份有限公司专注于机器人热管理系统的优化与轻量化执行器的设计。在热管理系统方面，通过制冷剂和冷却液的高效热交换提升散热性能；在执行器设计上，采用塑料材质的螺纹配合部以减轻整体重量，提高机械效率。
重庆小智智能装备科技有限公司,2,2,重庆小智智能装备科技有限公司专注于可重构并连杆式轮腿机构的研发，通过模块化设计和伸缩结构，提高机器人的灵活性和适应性，使其能够快速装配、拆卸，并在复杂环境中有效运行。
南京续点通信科技有限公司,2,2,南京续点通信科技有限公司专注于光通信领域的技术创新，主要研究方向为光连接点的在线无损检测技术和光电复合缆的高效固紧与导电解决方案。
起亚株式会社,2,2,起亚株式会社在机器人领域主要研究方向为车辆安全控制技术，特别是通过图像处理和动态传感器来检测驾驶员对方向盘的操作状态，以及开发可调节长度的轮子基座及其控制方法。
苏州远昌智能科技有限公司,2,2,苏州远昌智能科技有限公司专注于人形机器人的遥操作控制技术，通过动作数据编码、时间戳及安全值验证确保机器人操作的安全性和流畅性，同时利用人体模型与机器人模型对比展示提高操作直观性和匹配度。
阿里巴巴(中国)有限公司,2,2,阿里巴巴(中国)有限公司在机器人领域主要研究方向为通过先进的传感器技术和机器学习算法提高实体设备的感知能力与交互精度，以及开发高效的视频处理模型以增强对视频内容的理解和处理能力。这些技术共同促进了智能设备更准确、高效地理解和响应外部环境。
魔法原子机器人科技(无锡)有限公司,2,2,该企业专注于机器人运动控制及伺服关节故障检测技术，通过优化关节间的通信机制降低控制器性能需求，并开发了高效准确的编码器故障诊断方法以提升系统可靠性。
上海馥逸医疗科技有限公司,2,2,上海馥逸医疗科技有限公司专注于手术机器人及其机械臂的设计与控制技术，特别是通过优化机械臂结构和运动路径规划来提高手术精度和效率。其研究重点在于改善机械臂的灵活性、定位准确性及自动化处理能力，以增强手术过程中的操作性能。
嘉兴大学,2,2,嘉兴大学在机器人技术领域专注于基于气动的仿人形机器人的研究，特别是腰关节的设计。通过将气缸与气动肌肉并联设置组成执行元件，既提供坚固的支撑又较好地适应环境需求，上下两组执行元件确保了腰关节的运动范围与负载能力。
中山大洋电机股份有限公司,2,2,中山大洋电机股份有限公司专注于研发用于机器人的驱控一体关节模组，通过集成驱动控制、力矩电机、减速传动及固定保持模块，简化传统关节系统结构，实现高效动力输出与分布式协同控制，特别适用于人形机器人关节的轻松部署。
维沃移动通信有限公司,2,2,维沃移动通信有限公司专注于开发具备分离式飞行组件的通信机器人技术，通过集成在机器人本体和飞行组件上的通信模组实现与基站的持续通信，增强机器人的灵活性和通信能力。
深圳市九天睿芯科技有限公司,2,2,深圳市九天睿芯科技有限公司专注于多模态感知与处理技术，结合事件相机、RGB相机、文字指令及激光雷达等多源数据，通过高效融合和深度学习方法，提升机器人在复杂环境下的感知能力和决策灵活性。
中北大学,2,2,中北大学在水凝胶制备领域有显著研究，专注于开发具有高导电性、压阻传感性能及可光固化3D打印特性的新型水凝胶材料。这些材料不仅具备优异的机械性能和透明度，还适用于柔性电子器件和储能装置的构建。
深圳市东方伺服数控技术有限公司,2,2,深圳市东方伺服数控技术有限公司专注于研发基于RL振荡电路的电感阵列式柔性触觉传感器，通过三明治结构设计实现对力的高灵敏度检测，并将电感变化转化为可测量的脉冲周期，适用于机器人及其他需要精确触觉反馈的应用场景。
深圳十沣科技有限公司,2,2,深圳十沣科技有限公司专注于多体系统动力学分析，通过构建子系统的内部约束关系和等效质心，并考虑外部连接关系的约束力或约束力矩，形成整体动力学平衡方程组，实现快速准确地计算出多体系统中各刚体单元的位置与姿态信息。
上海索辰仿真科技有限公司,2,2,上海索辰仿真科技有限公司专注于机器人结构设计，特别是具有高灵活性和适应性的腿脚部及手臂结构。其研究重点在于开发能够实现形态切换的机器人部件，以满足不同应用场景下的需求，如快速稳定行走与灵巧作业。此外，还致力于优化机器人腿部结构，通过创新设计减少惯性矩，提高运动效率。
四川航天烽火伺服控制技术有限公司,2,2,四川航天烽火伺服控制技术有限公司专注于行星滚柱丝杠的设计优化与加工技术，通过考虑界面接触润滑特性和在线监测方法，提升传动效率和加工精度，确保高性能、低成本及长寿命的产品设计。
重庆长安汽车股份有限公司,2,2,重庆长安汽车股份有限公司主要研究方向为智能车辆控制与电子电气架构优化，通过高效整合感知计算、运动控制及驱动执行组件，实现资源节约和成本降低；同时改进电子电气架构，简化线束布局，提高数据交互效率和电源分配精准度，促进软件复用。
东莞市智汇精密科技有限公司,2,2,东莞市智汇精密科技有限公司专注于人形机器人散热柔韧外壳结构的研发，通过在外壳上设置菱形散热孔和内置蛇形软管循环冷却液的方式，有效提高散热性能，减少风扇使用量，降低工作噪音，并防止灰尘堆积，从而延长机器人内部元件的使用寿命。
南昌大学,2,2,南昌大学在机器人领域主要研究方向包括高效双向自锁行星滚柱丝杠副设计和基于扩散模型的机器人模仿学习方法，通过优化机械结构和提升视觉处理与动作生成能力，增强机器人在复杂环境下的性能和鲁棒性。
蔡明芳,2,2,蔡明芳的研究主攻方向是开发高强度、耐腐蚀的石墨烯复合材料及其制备方法，特别适用于工业人形机器人和高强度医疗器械领域。通过优化材料成分和工艺流程，显著提升材料的机械性能和抗腐蚀性。
嘉兴赛感智能科技有限公司,2,2,嘉兴赛感智能科技有限公司专注于3D扫描激光雷达技术的研发，通过创新的多电机复合旋转结构和角动量抵消方法，提升激光雷达的点云密度、目标识别能力和运行稳定性，实现无人叉车等设备的高效自动避障与作业。
长沙银汉空间科技有限公司,2,2,长沙银汉空间科技有限公司专注于分体式人形机器人的研发，通过将电池模块独立并配备驱动轮，显著提升了机器人的续航能力和灵活性，同时优化了整体性能和换电便捷性。
广州市拓璞电器发展有限公司,2,2,广州市拓璞电器发展有限公司专注于基于人工智能的智能梳头技术，通过集成头发养护AI大模型与多种传感器模块，实现个性化、自动化的健康梳头方案。该技术结合用户的具体需求和生理特征，提供定制化的梳头方法，提升用户体验并促进头皮及发质健康。
深圳职业技术大学,2,2,深圳职业技术大学在机器人领域主要研究增材制造技术与电机驱动控制技术，具体包括基于增材制造制备具有低弹性模量的NiTiFe合金以提高材料机械性能，以及构建无电解电容电机驱动系统的智能稳压调控策略。
溧阳智行飞远检测技术有限公司,2,2,溧阳智行飞远检测技术有限公司专注于人形机器人四肢躯干驱动器及其控制方法的研发，通过创新的电机、齿柱和内齿圈组合结构实现仿生肌肉收缩和躯干支撑功能。其核心技术在于紧凑高效的机械设计及基于BP神经网络自适应整定PID参数的高精度扭矩控制方法。
珠海一微科技股份有限公司,2,2,珠海一微科技股份有限公司专注于机器人运动控制技术，特别是在防跌落和环境感知方面。其研究主攻方向包括通过多传感器融合实现机器人在复杂环境下的安全导航与避障，以及利用激光扫描技术精确识别并绘制家具底部结构以优化清扫路径。
上海期智研究院,2,2,上海期智研究院专注于人形机器人在复杂地形下的抬脚移动训练技术，通过结合动作网络、策略网络和关节响应控制器生成目标关节位置集和力矩集，以提高机器人在粗糙地面的移动稳定性和电机位置控制性能。
东莞普莱特传动设备有限公司,2,2,东莞普莱特传动设备有限公司专注于人形机器人用行星减速电机的研发，通过设计包含多级行星减速机和锁止组件的结构，实现对输出减速比的灵活调节，以满足不同应用场景下的动力传输需求。
北京钢铁侠科技有限公司,2,2,北京钢铁侠科技有限公司专注于机器人运动控制与人形机器人设计。其核心技术在于通过多传感器融合进行三维建模和运动规划，以提高机器人的路径规划准确性、灵巧操作能力和运动平衡性，同时注重人形机器人的外观设计。
宁波东方理工大学(暂名),2,2,宁波东方理工大学(暂名)专注于基于大语言模型的人形机器人多模态交互技术，通过高精度低延迟的实时语音识别和解析，实现与用户情境匹配的文本生成及语音输出，并结合虚拟人体与实际机器人之间的尺寸差异和关节角度误差，选择并映射最匹配的动作序列，以提高人机交互的自然度和流畅性。
济南大学,2,2,济南大学在人形机器人控制领域主要研究基于动作映射的控制方法及系统，通过人体可视化动捕数据和人形机器人动画模型进行关节级动作映射，结合逆动力学求解关节力矩，实现高效、连贯的拟人化动作生成。
北京姬械机科技有限公司,2,2,北京姬械机科技有限公司专注于具身智能技术领域，特别是在IMU传感器数据校准和基于多模态感知的运动估计方面。通过优化IMU传感器的数据准确性和结合柔性形变传感器信息，实现更精确的目标对象位姿估计。
威泊(上海)新能源科技股份有限公司,2,2,威泊(上海)新能源科技股份有限公司专注于人形机器人无线充电系统的研发，通过集成压力传感器、光电传感器、视觉相机等设备，实现对机器人位置姿态和电池状态的实时监测，并动态调控无线电磁流束发射单元，为站立或行进中的机器人提供全工况下的高效无线充电。
中移物联网有限公司,2,2,中移物联网有限公司专注于基于多模态数据的人工智能辅助技术，通过分析用户的音频、视频和传感器数据，结合大模型处理和情感识别模型，实现精准的用户状态监测与情感分析，提升人机交互体验。
启智(芜湖)智能机器人有限公司,2,2,启智(芜湖)智能机器人有限公司专注于人形机器人的温控热耗均衡技术，通过集成数字化温度传感器、主动与被动散热装置及高效风道设计，结合数据采集与处理系统，提高温度预测准确性，预防设备损坏，确保机器人稳定运行。
宁波数字孪生(东方理工)研究院,2,2,宁波数字孪生(东方理工)研究院专注于基于大语言模型的人形机器人多模态交互技术，通过高精度低延迟的实时语音识别和解析，实现与用户情境匹配的文本生成及语音输出，并结合虚拟人体与实际机器人的尺寸差异和关节角度误差，选择并映射最匹配的动作序列，以提高人机交互的自然度和响应速度。
华院计算技术(上海)股份有限公司,2,2,华院计算技术专注于人形机器人控制方法的研究，通过预处理专家动作数据、在仿真环境中配置机器人关节参数及构建策略表征方法，实现机器人动作与专家动作的最小化差异，提升机器人的拟人化程度和学习效率。
北京智视远眸科技有限公司,2,2,北京智视远眸科技有限公司专注于双足人形机器人的防抖语义SLAM技术，通过基于开放词汇表的语义分割和三维空间高斯球构建，优化机器人位姿估计和三维场景语义地图生成，提升定位精度和地图构建质量，增强机器人在复杂环境中的灵活性和泛化能力。
纳宝株式会社,2,2,纳宝株式会社专注于机器人关节装置的研发，主要致力于设计能够实现多自由度旋转和高效传动的关节结构，通过创新的连杆单元和缆绳系统来提高机器人的灵活性和稳定性。
美敦力瓦斯科尔勒公司,2,2,美敦力瓦斯科尔勒公司专注于开发用于经皮冠状动脉介入治疗的医疗系统和技术，利用机器学习和人工智能算法处理术前、术中和术后数据，以优化手术计划并提高治疗效果。
台州清智数字科技有限公司,2,2,台州清智数字科技有限公司专注于人形机器人一体化关节的抗扰动控制技术，通过优化电流环矢量控制算法，采用查表辅助的数值拟合方法提高三角函数求解速度和精度，减少硬件资源占用，实现高动态性能。
济南科亚电子科技有限公司,2,2,济南科亚电子科技有限公司专注于研发防水防尘的人形机器人执行器，通过细管滤网和驱动组件设计，提高执行器在复杂环境下的防护性能和作业安全性。
宁波韦尔德斯凯勒智能科技有限公司,2,2,宁波韦尔德斯凯勒智能科技有限公司专注于人形机器人一体化关节的抗扰动控制技术，通过优化电流环矢量控制算法，采用查表辅助的数值拟合方法提高三角函数求解速度和精度，减少硬件资源占用，实现高动态性能。
北京载诚科技有限公司,2,2,北京载诚科技有限公司专注于开发高性能水凝胶材料及其在电子皮肤和传感器中的应用，通过优化配方设计和制备方法，实现材料的高力学强度、耐拉伸性、自愈能力和优异的传感性能，适用于健康监测等领域。
岳阳市聚丰信息技术股份有限公司,2,2,岳阳市聚丰信息技术股份有限公司专注于开发基于特定自然人数据的个性化虚拟三维智能机器人，应用于互联网三维电子地图中。这些机器人具备语音聊天功能，并通过专属个性化程序支持思考、决策和交流，实现用户需求与信息的智能匹配。
绍兴君功机器人有限责任公司,2,2,绍兴君功机器人有限责任公司专注于人形机器人搬运抓手的研发，设计了一种包含抓手掌部、托底和穿插器的抓手结构。通过铰链、扭簧、电机和齿轮等机械组件实现对货物的灵活抓取与搬运，适用于多种搬运场景。
广东省载诚新材料有限公司,2,2,广东省载诚新材料有限公司专注于开发高性能水凝胶材料及其在电子皮肤和传感器中的应用，通过优化配方设计与制备工艺，实现材料的高柔韧性、自愈合性及优异的传感性能，适用于健康监测等领域。
南通大学,2,2,南通大学在机器人领域的研究主攻方向为基于状态与扰动观测器的仿人机器人复杂地形平衡控制方法，通过建立简化模型和设计实时观测控制器，提升机器人在复杂环境下的鲁棒性和任务执行能力。
浙江老鹰半导体技术有限公司,2,2,浙江老鹰半导体技术有限公司专注于点激光模组的研发，通过优化整形镜组或透镜的设计，提高光斑的点亮度和光线利用率，同时实现长焦距和短后焦距，以提升智能移动设备中激光应用的性能。
中国科学院上海微系统与信息技术研究所,2,2,中国科学院上海微系统与信息技术研究所在机器人领域主要研究方向为视觉感知与交互技术，包括模拟眼球的自然视线生成和基于多相机装置的动态目标检测，以提高机器人在复杂环境中的感知能力和交互自然度。
北京控制工程研究所,2,2,北京控制工程研究所主要研究方向为全自主具身智能移动机器人的系统架构设计与多自由度机械手的创新机构设计，专注于提升机器人在复杂环境下的自主导航、任务规划及精细操作能力。
北京交通大学唐山研究院,2,2,北京交通大学唐山研究院主要研究关节耦合驱动的人形机器人腿部结构及其控制方法，通过创新性设计增强运动协调性、减少控制复杂性和降低能耗，实现跳跃等动作，并利用雅可比矩阵优化电机输出力矩，进一步降低系统功耗。
南京图漾科技有限公司,2,2,南京图漾科技有限公司专注于人形机器人的研发，特别是通过集成深度相机实现环境感知与反馈的智能控制技术。其核心技术在于依据不同应用场景需求，动态调整深度相机的工作模式以优化机器人移动和操作性能。
中航电测仪器(西安)有限公司,2,2,中航电测仪器(西安)有限公司专注于机器人用高精度力传感器的研发，特别是针对灵巧手远节指的测力传感器及应变计设计，以提高检测组件对力的敏感性、测量精度和抗偏载能力。
成都微精电机股份公司,2,2,成都微精电机股份公司专注于机器人关节模组和无框力矩电机的研发，主要技术方向包括一体化关节模组设计以实现高效重心调节与稳定传动，以及通过创新散热机制提高无框力矩电机的运行效率和可靠性。
绵阳巨星永磁材料有限公司,2,2,绵阳巨星永磁材料有限公司专注于钕铁硼永磁材料的制备与性能优化，通过双合金法和双主相技术提高磁体的力学性能和磁性能，增强晶粒间的扩散效果，实现高性能钕铁硼磁体的工业化生产。
视瑞(北京)机器人技术有限公司,2,2,视瑞(北京)机器人技术有限公司专注于利用多智能体系统和大语言模型进行复杂环境下的空间关系推理与逻辑推理，通过智能体间的辩论及基于提示的自然语言处理方法提升机器人的感知能力和决策质量。
江苏新晟智领科技有限公司,2,2,江苏新晟智领科技有限公司专注于人形机器人用无框力矩电机及控制器的研发，通过创新的嵌套连接机构和表面散热组件设计，实现多层永磁材料转子环板的磁场叠加与协同作用，以产生更大转矩并提高散热性能。
厦门钨业股份有限公司,2,2,厦门钨业股份有限公司在机器人技术领域主要研究人形机器人的可通行区域生成方法，通过散焦恢复处理和深度图像分析，实时准确地确定并导航可通行区域，确保机器人安全高效移动。
库卡机器人自动化(广东)股份有限公司,2,2,库卡机器人自动化(广东)股份有限公司专注于研发具有高灵活性和稳定性的机械臂及机器人，通过优化驱动机构设计和连接方式，实现减少安装空间需求、扩大运动范围以及增强结构刚度，从而提高机器人在作业时的精度与稳定性。
北京柏惠维康科技股份有限公司,2,2,北京柏惠维康科技股份有限公司专注于人形机器人手术系统，通过集成机械臂、移动机构和生成式手术大模型，实现自动化手术操作。该系统能够根据患者病历和影像数据构建三维生理结构模型，制定手术路径，并控制机械臂进行精准手术。
青岛海信电子技术服务有限公司,2,2,青岛海信电子技术服务有限公司专注于机器人技术领域，主要研究方向包括提高机器人配置过程中的数据安全性和增强点云数据处理能力以提升机器人的环境感知与任务执行效率。通过创新的二维码解密配置方法和基于先验形状的点云补全技术，该公司致力于开发更加安全、智能且适应性强的机器人解决方案。
北京东土科技股份有限公司,2,2,北京东土科技股份有限公司专注于具身机器人的控制系统和模型生成技术，通过弹性微内核、时间敏感总线网络和多模态神经网络模型，实现高度集成、灵活可扩展的控制方案，并支持机器人在复杂环境中的连贯动作执行。
上海玺摩光电科技有限公司,2,2,上海玺摩光电科技有限公司专注于研发康复训练机器人，通过集成可移动支撑主体、承托件、多传感器组件及机械臂等部件，实现对吞咽功能障碍患者的个性化和智能化康复训练。其技术核心在于提供全自动、多疗法联合的康复方案。
索罗曼(常州)合金新材料有限公司,2,2,索罗曼(常州)合金新材料有限公司专注于钕铁硼磁体的制备及其应用，通过多主相加工技术、粉末精炼、润滑剂添加和含氢烧结等方法，实现低Co、低重稀土元素、高耐温性钕铁硼永磁材料的研发，广泛应用于人形机器人电机、高温电机及各类电气设备。
江苏六洽传动科技有限公司,2,2,江苏六洽传动科技有限公司专注于开发具有抓取功能的人形机器人，通过集成保护模块和预抓模块，提高机器人在抓取物品时的稳定性和安全性，减少意外状况下的物品损坏，增强整体系统的可靠性和成本效益。
北京他山科技有限公司,2,2,北京他山科技有限公司专注于开发仿生体触觉感知技术，通过集成半导体晶片、微纳结构阵列和电容式传感机制，实现高灵敏度的触觉感知。其研究重点在于设计具有仿生特性的柔性触觉装置，适用于机器人及其他仿生应用。
广州众山新材料股份有限公司,2,2,广州众山新材料股份有限公司专注于钕铁硼磁体的制备与应用，通过多主相加工技术、粉末精炼、润滑剂添加和含氢烧结等方法，研发低Co、低重稀土元素、高耐温性的钕铁硼永磁材料，广泛应用于人形机器人电机、高温电机、电动驱动系统等领域。
四川新工绿氢科技有限公司,2,2,四川新工绿氢科技有限公司专注于固态氢能系统及氢动力人形机器人的研发，通过热交换技术实现氢燃料电池与固态储氢器之间的热量高效利用，解决氢燃料电池散热问题的同时，确保固态储氢器平稳释放氢气。
广东云邦智能装备有限公司,2,2,广东云邦智能装备有限公司专注于人形机器人的控制技术，特别是在复杂环境下通过卷积神经网络模型实现物品的精确识别、稳定抓取和高效搬运。其核心技术包括图像信息处理、姿态匹配及末端执行器的精准控制。
江西唐炬科技有限公司,2,2,江西唐炬科技有限公司专注于基于路径规划的人形农业机器人的研究与开发，通过多传感器数据融合、视觉感知和智能控制系统实现精准的农作物识别、定位及采摘作业。
瞿国平,2,2,瞿国平的研究主攻方向是开发具有柔性电子触摸屏皮肤的人形机器人，通过集成柔性触摸屏、变色显示材料、传感器技术和防水涂层，提升机器人的触感反馈、外观模拟和防水性能，使其在复杂多变的环境中高效稳定运行。
贺永,2,2,贺永的研究主攻方向是人形机器人快拆连接机构，通过球面轴承实现手腕的万向摆动，并采用锥面定位与斜面锁紧结构实现快速连接与拆卸，同时解决线路连接和信号传输问题，适用于多种机器人及工业应用场景。
成都微岛科技有限公司,2,2,成都微岛科技有限公司专注于基于RGB图像的人形机器人灵巧手控制技术，通过对手部连续动作图像的处理和3D模型计算，实现高精度、实时性强且适应性好的灵巧手关节角度映射与控制。
智瞰深鉴(北京)科技有限公司,2,2,智瞰深鉴(北京)科技有限公司专注于机器人领域的多源感知与多维像素融合技术，通过集成多种传感器数据并进行高效处理和融合，以生成精准的行为操作指令，提升人机交互体验；同时在智能人形机器人的外观设计方面也有所创新。
北京中智核安科技有限公司,2,2,北京中智核安科技有限公司专注于无人化γ谱实验室的自动测量和分析技术，通过无人机器人读取样品二维码信息，自主输送至适配γ谱仪进行检测，并自动完成数据分析、报告生成及样品处理，显著提高放射性核素识别的精确度和效率。
宁波工程学院,2,2,宁波工程学院在人形机器人领域主要研究复合运动手腕及其控制方法，通过多组件协同工作实现手腕的快速、复杂和精细动作。
深圳市琪智科技有限公司,2,2,深圳市琪智科技有限公司专注于人形机器人和具身智能机器人的行为安全控制技术，通过结合全局与局部避障方法提升路径规划效率、灵活性和安全性，并在检测到异常行为时实现紧急制动，确保机器人在复杂环境中的高效安全运行。
四川省人工智能研究院,2,2,四川省人工智能研究院主要研究人形机器人足式行走的抗扰动导航方法，通过容忍模型不确定性并采用瓦瑟斯坦距离模糊集约束的EKF算法，显著提高非线性系统状态估计精度和导航定位精度。
深圳市亿森桦科技有限公司,2,2,深圳市亿森桦科技有限公司专注于基于动作数据分析的人形机器人运动控制技术，通过多模态数据采集、关键特征提取和运动状态识别，构建关节运动模型并优化运动轨迹，结合能量最优控制方法，确保机器人在复杂环境中实现平稳且高效的运动。
刘燕海,2,2,刘燕海的研究主攻方向是人形机器人快拆连接机构，通过球面轴承实现万向摆动，并采用锥面定位与斜面锁紧结构实现快速连接与拆卸，同时解决线路连接和信号传输问题，适用于多种机器人及工业应用场景。
王振军,2,2,王振军的研究主攻方向为模块化仿生关节与动态平衡控制的人形机器人系统，通过多模态传感器、仿生策略和智能算法实现高效鲁棒的步态优化和实时动态平衡控制。
安徽千诺互联科技发展有限公司,2,2,安徽千诺互联科技发展有限公司专注于人形机器人的智能控制技术，通过多维度信息融合实现精确导航和自动化货架商品管理。其核心技术包括室内定位、图像识别和实时路径修正，旨在提高机器人在复杂环境中的导航精度和商品管理效率。
卢登斯智能科技(深圳)有限公司,2,2,卢登斯智能科技(深圳)有限公司专注于机器人的人机交互技术，特别是在动作模仿和跟随用户移动方面。其核心技术包括基于感知数据的用户位姿和位置估计，以及生成相应的机器人控制指令，以实现自然流畅的人机互动。
赵晨琅,2,2,赵晨琅的研究主攻方向为仿生智能的高速公路抛洒物一体化回收基站，通过在绿化隔离带中设置固定基站小屋，集成抛洒物发现识别、清理及安全警示功能，实现高效、无人值守的公路清扫和养护。
山东贝亿特科技有限公司,2,2,山东贝亿特科技有限公司专注于锂离子电池负极材料的规模化制备技术，特别是高首效、高克容量和低膨胀率硅碳材料的连续生产系统及工艺方法，通过优化反应器设计和气体供给控制，提高生产效率和产品质量，降低制造成本。
本末动力(北京)科技股份有限公司,2,2,本末动力(北京)科技股份有限公司专注于机器人领域的高动态性能与高效散热技术，主要研究方向为六自由度轮足机器人的全身动力学建模与优化控制方法，以及轴向磁通关节电机的全域喷油循环冷却系统设计。
安徽工程大学,2,2,安徽工程大学专注于基于织物触觉传感器的表面纹理识别和盲文识别技术，通过导电材料改性纱线编织微结构织物传感电极，结合机器学习实现高精度、低延迟的触觉感知与识别。
江阴兴澄特种钢铁有限公司,2,2,江阴兴澄特种钢铁有限公司专注于研发适用于机器人关键部件的高性能轴承钢，特别是针对RV减速机行星架和行星丝杠滚柱的应用。通过优化化学成分与生产工艺，提高钢材纯净度、硬度及疲劳强度，以满足高精度、长寿命的需求。
广东海泓科技发展有限公司,2,2,广东海泓科技发展有限公司专注于人形机器人与环境互动的物理力觉反馈系统，通过物体受力和变形分析，结合控制模块和捉握力度判断模块，实现对机器人抓握力度的精准控制，提高机器人在复杂环境中的交互能力和安全性。
北京太和纵横科技有限公司,2,2,北京太和纵横科技有限公司专注于油气输送系统的智能化监控技术，通过结合人工智能算法与先进的管道材料设计，提升油气输送的安全性和效率。其核心技术在于利用AI生成多维特征图以实现对输送设备状态的精准监测与分析。
星尘智能(深圳)有限公司,2,2,星尘智能(深圳)有限公司专注于机器人灵巧手及张紧机构的设计与控制技术，通过创新的传动机制和张紧力调节方法，提升机器人手部的灵活性和操作精度。
合肥中科国瑞智能科技有限公司,2,2,合肥中科国瑞智能科技有限公司专注于人形机器人的路径规划系统，通过多源环境数据融合、动态障碍物规避、强化学习和非线性规划技术，实现高实时性、强适应性和精确环境感知的最优路径生成。
深圳市晴高科技有限公司,2,2,深圳市晴高科技有限公司专注于开发可飞行救援的人形机器人，该机器人配备涡轴发动机、螺旋桨和摄像头等设备，能够在高层火灾等复杂环境中进行高效救援，有效替代救援人员，提高救援成功率。
湘江实验室,2,2,湘江实验室专注于快速分散式人形机器人状态估计技术，通过结合IMU传感器数据、视觉测量数据和物理约束，采用非线性姿态估计和线性移动视窗估计方法，并利用边缘化优化技术，提高状态估计的准确性和鲁棒性，同时降低计算复杂度。
深圳市嘉宇顺科技有限公司,2,2,深圳市嘉宇顺科技有限公司专注于开发柔性压敏纤维织物及其传感器，通过创新的导电材料与基体材料混合技术，结合先进的编织工艺，实现高机械强度、良好导电性和舒适性的压力感应解决方案。
南通天承光电科技有限公司,2,2,南通天承光电科技有限公司专注于智能交通和机器人技术领域，主要研究方向为离线导航系统及方法，通过车载设备实时调整路径和信号灯控制以提高出警效率和安全性，同时开发用于安防巡逻和交通隔离的人形机器人。
上海联紫智能科技有限公司,2,2,上海联紫智能科技有限公司专注于高精度齿轮减速机的研发，特别是多级行星齿轮和偏心支架齿轮减速结构的设计与优化，以实现高效、紧凑的传动系统。通过创新的齿轮啮合方式和集成设计，提高输出扭矩和速比，同时减小体积和误差。
六安永达机械股份有限公司,2,2,六安永达机械股份有限公司专注于机器人关节驱动技术，特别是集成在关节部位的少差齿减速器。该技术通过优化输入、输出及反馈系统，实现体积小、扭矩密度高的性能，适用于人形机器人及辅助医疗设备。
北京无问智汇科技有限公司,2,2,北京无问智汇科技有限公司专注于多任务处理下的人形机器人智能调度系统，通过分析、控制、排序和调度模块实现任务的高效管理和执行。
苏州东山精密制造股份有限公司,2,2,苏州东山精密制造股份有限公司专注于机器人技术领域，特别是人形手的设计与开发。其核心技术在于利用空间并联连杆机构实现多自由度、高负载能力和动态响应性好的仿人手结构，适用于人形机器人或人体假肢，能够执行多种灵巧的对指运动。
广东炫丽新材料科技有限公司,2,2,广东炫丽新材料科技有限公司专注于人形机器人仿生皮肤模具设计，通过三维建模、动态优化传感器布局、高精度分块模腔注塑和多尺度表面重构算法，提升仿生皮肤的力学性能和感知真实性。
李建业,2,2,李建业的研究主攻方向是基于量子计算赋能的AI太阳能人形机器人，通过多模态感知、仿生能源系统和强化学习算法实现多场景自适应和动态控制。
广东电网有限责任公司广州供电局,2,2,广东电网有限责任公司广州供电局主要研究方向为电力管廊巡检管理，通过结合数字孪生机器人技术和空间结构信息，实现对电力管廊的高效巡检、故障预测及预警，显著提升了巡检工作的灵活性与智能化水平。
广东金牌电缆集团股份有限公司,2,2,广东金牌电缆集团股份有限公司专注于人形机器人柔性动力电缆的抗疲劳设计仿真技术，通过多场耦合仿真、跨尺度损伤建模、多目标优化及虚拟验证，提高电缆在复杂工作环境下的疲劳耐久性。
安徽舟之航电池有限公司,2,2,安徽舟之航电池有限公司专注于机器人用可穿戴和可换电电池系统的设计与研发，通过创新的背心式和卡片式电池设计，提升机器人的能量储备、续航能力和使用效率。
江苏征途电气科技有限公司,2,2,江苏征途电气科技有限公司专注于电力设备智能巡检优化，通过多源数据融合、联盟链网络和联邦学习自适应模型，实现变电站巡检数据的分布式安全存储与跨站可信共享，提升模型泛化能力和运维效率，解决数据孤岛、隐私泄露及响应延迟问题。
深圳市奥芯数据算法创新研究院,2,2,深圳市奥芯数据算法创新研究院专注于开发智能化、自动化的中医理疗机器人，主要研究方向包括高精度的针灸和烯灸机器人。这些机器人通过集成视觉识别、压力传感、柔顺控制及石墨烯发热等技术，实现精准定位与安全治疗，同时提升用户体验和适用场景。
中铁工程装备集团隧道设备制造有限公司,2,2,中铁工程装备集团隧道设备制造有限公司专注于无人智能化隧道施工技术，通过自动化和智能化手段实现隧道施工全过程的无人参与。其核心技术包括根据施工图纸制定工序、匹配施工设备、自动控制设备按预设参数施工，并在施工过程中智能调整相关设备参数以提高工序完成度。
福建龙溪轴承(集团)股份有限公司,2,2,福建龙溪轴承(集团)股份有限公司专注于研发具有限位功能的杆端关节轴承，通过在内圈外球面设置环形限位槽并与杆端体上的限位销配合，限制内圈特定方向的摆动自由度，提高人形机器人脚踝部位的行走稳定性。
永生时空人工智能科技(北京)有限公司,2,2,永生时空人工智能科技(北京)有限公司专注于开发通过握手磁化人体磁场的人形量子机器人，结合磁疗交互与多模态感知技术，利用量子计算处理器和云端服务器分析用户意图并生成相应反馈，提升人机交互的趣味性和科技感。
特斯拉公司,2,2,特斯拉公司在机器人领域专注于基于视觉的路径规划与环境感知技术，利用人工智能模型处理自体周围空间的图像数据，预测体素占用情况并生成3D模型，以实现精准定位和导航。
江苏蜂吉智能科技有限公司,2,2,江苏蜂吉智能科技有限公司专注于工业机器人协作优化系统，通过实时采集关节状态数据并进行多约束分析和多目标优化，实现关节力矩的最优分配。该技术有效减少关节磨损，增强任务适应性和能效优化。
江苏欧特精工科技有限公司,2,2,江苏欧特精工科技有限公司专注于研发适用于人形机器人的高密封性轴承结构，通过创新的润滑油挤压组件设计，利用离心力优化润滑油分布，确保滚筒体充分润滑，提高轴承的使用寿命和性能。
浙江智森动力科技有限公司,2,2,浙江智森动力科技有限公司专注于人形机器人关节模组电机及关节组件的设计与优化，通过引入固定件和润滑系统等创新结构，实现高效、低磨损的关节调节功能。
深圳玄源科技有限公司,2,2,深圳玄源科技有限公司专注于机器人控制技术，特别是在任务冲突处理和动作幅度控制方面。其研究主攻方向包括通过优先级调整和路径规划解决多任务冲突，以及通过动态调节动作幅度提升人机互动的自然性和用户体验。
齐鲁工业大学(山东省科学院),2,2,齐鲁工业大学(山东省科学院)的研究主攻方向是基于动作捕捉的机器人实时远程控制技术，通过关节动作信息的坐标校正、拓扑建模与比例映射，结合平滑处理，实现高效的人体动作到机器人动作的转换，提升人形机器人远程操控的实用性和易用性。
琅琛信息技术(上海)有限公司,2,2,琅琛信息技术(上海)有限公司专注于人形机器人的控制方法及系统，采用ViT结合CNN的混合模型进行环境感知，利用强化学习进行运动规划，提高环境感知精度和自主决策能力，实现机器人在复杂动态环境中的安全、高效和自主运动。
无锡辰星时代技术有限公司,2,2,无锡辰星时代技术有限公司专注于双臂人形机器人的研发，通过全向轮底盘实现全域移动，并结合双侧异构机械臂协同作业，突破了传统固定基座机械臂的空间限制和仿人双足机器人的稳定性缺陷，集成了移动与多功能操作能力，拓展了工业应用前景。
上海科技大学,2,2,上海科技大学在机器人领域主要研究方向为基于动态点云的人体行为理解与多模态触觉反馈技术，通过优化三维人体点云处理和实时触觉模拟提升人机交互体验。
深圳市踩点智慧科技有限公司,2,2,深圳市踩点智慧科技有限公司专注于智能机器人运动控制技术，通过多传感器融合和混合注意力神经网络实现环境和自身状态的智能感知，结合能耗与稳定性多目标优化算法，提升复杂环境下的运动效率，并采用中央控制器与本地控制器协同工作的边缘计算架构，降低通信延迟，提高系统响应速度。
太原市威格传世汽车科技有限责任公司,2,2,该企业专注于谐波减速器的设计与优化，特别是在空间啮合齿面和凸轮波发生器廓形设计方面，通过引入新的计算方法和参数考虑，提高了谐波减速器的啮合性能、应力分布及整体寿命。
黄石市腾蛟网络信息科技有限公司,2,2,黄石市腾蛟网络信息科技有限公司专注于基于AI智能教学的人形机器人控制技术，通过实时获取和处理教室内的调度数据，动态调整机器人的路径规划和服务策略，以适应不同人员间距和帮助需求，从而优化教学辅助效果。
苏州可安可智能科技有限公司,2,2,苏州可安可智能科技有限公司专注于基于动态规划的机器人摆臂轨迹优化技术，通过构建中央模式发生器模型和姿态扰动输入向量，结合能控周期轨道调整算法和动态规划模型，实现摆臂动作的稳定性优化与动态自适应控制。
杭州动悟机器人科技有限公司,2,2,杭州动悟机器人科技有限公司专注于开发基于图像识别技术的超市理货用人形机器人，通过集成图像识别模块和夹持力控制模块，实现对货物的智能识别与精准抓取，有效避免了传统机器人因夹持力度不当导致的货物损伤问题。
黑子信息科技(广东)有限公司,2,2,黑子信息科技(广东)有限公司专注于人形机器人的受扰恢复控制技术，通过实时检测和处理外力干扰，结合线性倒立摆模型计算运动发散量，并根据受扰程度分级采用相应的恢复策略，实现机器人在外部干扰下的自适应稳定控制。
中交特种工程有限公司,2,2,中交特种工程有限公司专注于人行桥动力特性测试技术，利用多个人形机器人进行激振，通过控制步频、步幅和移动路径来真实模拟行人激励，结合数据采集与分析模块及监测装置，实现对人行桥尤其是大跨度人行桥的振动加速度与位移的准确监测，提高试验结果的可靠性和安全性。
云港陪伴新智人(廊坊)科技有限公司,2,2,云港陪伴新智人(廊坊)科技有限公司专注于仿人腿部骨骼肌肉结构的双足人形机器人研发，通过优化髋关节、膝关节和踝关节的自由度设计，实现灵活多样的运动功能如行走、跑步、扭髋及下蹲等，并在减少零件使用的同时提升了机器人的能效与续航能力。
德清格物园区运营管理有限公司,2,2,德清格物园区运营管理有限公司专注于人形机器人直线执行机构的研发，通过优化驱动结构、螺旋弹簧结构和附件结构，减少传动部件，提高效率，减轻重量，降低成本，并实现减震、储能、限位及主动行程、刚度、阻尼调节功能。
中交基础设施养护集团有限公司,2,2,中交基础设施养护集团有限公司专注于人行桥动力特性测试技术，利用多个人形机器人进行激振，通过控制终端调节机器人的步频、步幅和移动路径，结合数据采集与分析模块及监测装置，实现对人行桥尤其是大跨度桥梁的精确振动测试，提高试验结果的准确性和可靠性。
追觅创新科技(苏州)有限公司,2,2,追觅创新科技(苏州)有限公司专注于人形机器人的腿部机构设计与优化，以及智能机器人路径规划算法的研究。在腿部机构方面，通过简化零部件和增强结构强度来提高组装效率和耐用性；在路径规划上，则致力于开发高效的采样策略以减少计算复杂度，提升机器人在复杂环境中的自主导航能力。
江苏品德机电科技有限公司,2,2,江苏品德机电科技有限公司专注于具有自动避障功能的人形机器人技术，特别注重通过自动清洁模块来保持环境感知设备的清洁，从而提高避障的准确性和安全性。
迪恒技术股份有限公司,2,2,迪恒技术股份有限公司专注于开发投影互动方法及系统，通过调节人形机器人的手臂参数和投影交互界面的投影参数，实现更灵活、动作幅度更小的互动效果，无需机器人移动或转向即可完成投影调整。
泉州市存心网络科技有限公司,2,2,泉州市存心网络科技有限公司专注于基于体感控制的智能人形机器人系统，通过可穿戴设备采集人体动作数据并无线传输至机器人，实现动作同步映射与智能反馈。系统具备视觉反馈、智能学习和行为预测功能，提高控制智能化水平。
广西益江环保科技股份有限公司,2,2,广西益江环保科技股份有限公司专注于开发污水处理厂的智能巡检维护系统，利用机器人进行自动化巡检和日常维护。该系统通过集成数据收发、处理与存储模块，结合地图校正、路线规划及深度学习预测技术，实现对污水处理工艺和设备运行状态的智能化监控与管理。
浙江欣立电器科技有限公司,2,2,浙江欣立电器科技有限公司专注于开发适用于人形机器人的减速伺服电机，通过创新的锁定机制实现可变传动比，以适应不同负载需求。
湖南华菱线缆股份有限公司,2,2,湖南华菱线缆股份有限公司专注于研发适用于人形机器人的超柔性电缆及其制备方法，通过优化铜箔丝和芳纶纤维柱的绞合结构及改性芳纶纤维的应用，显著提升电缆的柔软度、抗拉强度和耐弯曲疲劳性能，适用于复杂、狭小空间及频繁弯曲的应用场景。
极研(福建)信息科技有限公司,2,2,极研(福建)信息科技有限公司专注于开发高性能橡胶材料及其制备方法，用于人形机器人的防护应用。该材料以多种橡胶基体和功能性填料复配，通过先进工艺确保其优异的力学性能、阻燃性、抗静电性和环境耐受性，广泛适用于工业和医疗领域的人形机器人防护。
成都瑞迪智驱科技股份有限公司,2,2,成都瑞迪智驱科技股份有限公司专注于机器人关节模组和制动控制组件的研发，主要致力于实现多自由度、轻量化及高稳定性的机器人动力部件设计。通过创新的结构设计与磁力应用技术，提升机器人的灵活性和可靠性，同时降低生产成本。
上海傲晔物流科技有限公司,2,2,上海傲晔物流科技有限公司专注于利用搬运机器人和航班信息优化货运询盘任务分配，通过计算预估运输时长和服务人员匹配，提高货物运输的时效性和准确性。
深圳市爱智慧科技有限公司,2,2,深圳市爱智慧科技有限公司专注于基于认知反馈机制的人形机器人动作生成技术，通过多模态感知、意图识别与天牛须搜索算法优化动作参数，实现智能感知、自适应动作生成与动态优化，提升人机交互的智能性和安全性。
常州市艾诺电子科技有限公司,2,2,常州市艾诺电子科技有限公司专注于机器人关节模组的高效散热技术，通过三维随形均热板和优化设计提高散热效果，降低能耗并简化内部结构排布。
金力永磁(包头)科技有限公司,2,2,金力永磁(包头)科技有限公司专注于钕铁硼永磁材料的制备与性能优化，通过调控重稀土元素分布和创新氢碎工艺，提高磁体的抗热减磁能力和整体性能，实现低稀土含量下高性能烧结钕铁硼磁体的制备。
重庆电生科工程设计有限公司,2,2,重庆电生科工程设计有限公司专注于智能机器人技术领域，特别是动态稀疏注意力机制和多模态时空约束的控制方法。通过优化计算方法和推理引擎，显著提高系统计算效率和响应速度，使机器人在复杂多变的任务场景中能够快速完成推理、决策和动作调整。
深圳市正德智控股份有限公司,2,2,深圳市正德智控股份有限公司专注于研发适用于人形机器人的大内孔高密度关节电机，通过优化定子和转子的结构设计，采用18槽20极配合及内置热电阻监控温度，实现高效散热与轻量化，确保电机在高负载下的稳定运行。
安东,2,2,安东专注于人形机器人与机器狗的合体技术及模式切换方法，通过AI控制实现两者在不同应用场景下的灵活转换，以优化运算、减轻重量、降低能耗和成本，从而推动人形机器人的商业化应用。
广东赣达电气有限公司,2,2,广东赣达电气有限公司专注于开发用于家政服务的人形机器人，其核心技术在于设计一种具备多功能拿取机构的双臂机器人。该机器人能够通过切换夹爪和吸盘的工作模式来适应不同物品的抓取需求，同时配备有行走机构和承载装置以实现高效的家庭辅助功能。
国投融合(杭州)科技有限公司,2,2,国投融合(杭州)科技有限公司专注于人形机器人的虚拟调试技术，通过构建生产场景和运动学仿真模型，并结合控制系统生成动作控制信号，在虚拟环境中高效完成调试任务，显著降低实物场景搭建成本并提高调试效率。
国投融合科技股份有限公司,2,2,国投融合科技股份有限公司专注于人形机器人的虚拟调试技术，通过构建生产场景和运动学仿真模型，并结合机器人控制系统生成动作控制信号，在虚拟环境中进行高效调试，以降低实物场景搭建成本并提高调试效率。
应急管理部上海消防研究所,2,2,应急管理部上海消防研究所专注于开发消防人形机器人在无人化工厂中的巡检方法与系统，通过精准识别火灾风险节点和动态调整巡检路径，提高消防巡检的效率与准确性。
中核装备技术研究(上海)有限公司,2,2,中核装备技术研究(上海)有限公司专注于基于连续学习的行人轨迹预测技术，通过采集行人的运动数据和任务场景信息，利用主模型和社会生成模型生成真实和伪样本，共同参与训练以提高模型的适应性和资源利用率，减少遗忘性。
上海灵枢智肤电子科技有限公司,2,2,上海灵枢智肤电子科技有限公司专注于柔性传感器技术领域，特别是高分辨和主动防护离子皮肤的制备与应用。其核心技术在于通过独特的材料配方和结构设计，实现离子皮肤在保持高柔性和大感知范围的同时，具备精细触觉传感、材质识别及温度响应的主动防护功能，显著提升机器人灵巧手的抓取感知能力和使用寿命。
米卡斯密封科技(苏州)有限责任公司,2,2,米卡斯密封科技(苏州)有限责任公司专注于人形机器人关节轴承油封的压装装置研发，通过集成移动轨道、注脂组件和压装组件，实现高效精准的轴承注脂与压装作业。
东莞东舜自动化有限公司,2,2,东莞东舜自动化有限公司专注于智能型多功能贴插机的研发，通过集成XYZ轴运动装置、PCB板输送装置、多物料供料装置和智能检测装置，实现电子物料的高效、精准组装。其技术核心在于智能化识别与组装，提高生产效率和通用性，满足多样化需求。
青岛虎薇创新科技有限公司,2,2,青岛虎薇创新科技有限公司专注于人形机器人控制技术，通过分析压力分布数据和计算合力大小及方向，实现人机协作过程中的力度精准匹配和动作自然同步，提高协作任务的安全性和效率。
湖北三丰智能装备有限公司,2,2,湖北三丰智能装备有限公司专注于人形机器人在垃圾分拣领域的应用，通过设计柔性抓取式动态垃圾分拣工作站，实现快速替换收集箱中的盛放筒，减少停机等待时间，提高垃圾分拣效率。
广东力科新能源股份有限公司,2,2,广东力科新能源股份有限公司专注于人形机器人模块化电池包的研发，通过设计可拆卸连接的外壳模组、电池包模组和上盖模组，提升电池包的安全性和可靠性，同时降低维护成本和更换难度。
上海云骥智行智能科技有限公司,2,2,上海云骥智行智能科技有限公司专注于具身智能机器人技术，特别是在高信号完整性印刷电路板设计和多功能洗车机的开发上。其研究重点在于通过优化硬件结构和控制方法来提升机器人的性能与应用范围，如增强域脑处理能力及实现高效自动化的车辆清洁解决方案。
广州市敏嘉制造技术有限公司,2,2,广州市敏嘉制造技术有限公司专注于内螺纹车磨复合加工技术，通过创新的设备和工艺，实现对长径比大的深孔零件及长螺母两端内螺纹的高效、高精度加工，显著提升加工效率和精度，同时降低成本。
上海申富信息技术有限公司,2,2,上海申富信息技术有限公司专注于开发继承式网络生成操作系统和训练方法，通过图形用户界面简化动力机器人姿态控制模型的搭建与训练过程，实现高效直观的模型优化，适用于不同使用场景。
迈幸智能机器人(苏州)有限公司,2,2,迈幸智能机器人(苏州)有限公司专注于机器人柔性关节的高精度控制技术，通过结合动力学模型、双编码器、关节力矩传感器和高斯过程模型，实现对扰动转矩的实时观测与补偿，利用强化学习优化控制策略，提高人形机器人的运动精度和稳定性。
捷米(重庆)机器人有限公司,2,2,捷米(重庆)机器人有限公司专注于人形机器人关节旋转平移一体机构的研发，通过紧凑结构设计，减少体积和占用空间，满足多关节高密度布局需求。
墨现科技(东莞)有限公司,2,2,墨现科技(东莞)有限公司专注于机器人精准控制与力敏传感技术，通过解析接触面压力数据生成矢量信息以实现执行机构的精确运动，并研发适用于曲面基架的高精度力敏层，提升机器人的交互能力和环境适应性。
西安文理学院,2,2,西安文理学院在机器人领域主要研究基于人形机器人的道德行为示范系统，通过道德生成对抗网络和执行网络模块实现个性化道德行为示范，并利用进化云脑模块保护儿童隐私数据。
昀厨智能制造工程(烟台)有限公司,2,2,昀厨智能制造工程(烟台)有限公司专注于机械手技术领域，特别是三自由度一体化关节的设计与优化。通过嵌套式的中空驱动轴和紧凑的动力系统布局，实现手掌横摆、弯曲和轴转动的高效控制，显著减小了机械手及人形机器人的体积。
杭州道和通泰机器人有限公司,2,2,杭州道和通泰机器人有限公司专注于智能巡检技术，通过任务拆分与设备竞价机制优化巡检效率，同时利用AI智能体识别异常区域并动态调配照明资源，提高设备续航能力和巡检效果。
内蒙古御网科技有限责任公司,2,2,内蒙古御网科技有限责任公司专注于人形机器人的多关节协同运动控制技术，通过步态相位数据和气动人工肌肉的迟滞补偿，实现行走、奔跑及急停等多模态运动的无缝切换，提升机器人运动的灵活性与稳定性。
中国人民解放军总医院,2,2,中国人民解放军总医院的研究主攻方向是基于人形机器人的医疗服务系统和方法，通过控制平台与人形机器人的协同架构，实现查房、送药等常规医疗任务，并通过仿人交互提升服务体验，为智慧医疗提供高效实用的解决方案。
广州市科益精密机械设备有限公司,2,2,广州市科益精密机械设备有限公司专注于机器人灵巧手技术，采用伺服电缸驱动和优化的机械连杆设计，实现多自由度、高负载能力和精准运动控制，显著提升仿人手结构的性能和可靠性。
杭州墨攻科技有限公司,2,2,杭州墨攻科技有限公司专注于基于深度学习的具身智能人形机器人手臂轨迹规划技术，通过多模态数据构建三维环境地图，并利用深度强化学习生成初始路径，结合碰撞概率和人工势场法进行局部重规划和平滑处理，提高机器人在复杂动态环境中的避障能力和自适应性。
新疆科技学院,2,2,新疆科技学院的研究主攻方向是基于虚拟现实技术的人形机器人远程控制方法，通过提取手臂末端动作特征并进行时间差预测和反馈，提升机器人动作的精准度和实时性。
上海宇航系统工程研究所,2,2,上海宇航系统工程研究所专注于月球探测领域的变构型月面人形机器人研究，重点开发具备轮足切换与收拢展开功能的机器人。该机器人采用L形主承力结构，集成头部、躯干、背包、腰部、机械臂和复合式机械腿等组件，以适应复杂的月面环境。
苏州辰瓴信息技术有限公司,2,2,苏州辰瓴信息技术有限公司专注于人形机器人电池模组的散热优化技术，通过在电池模组中引入中心散热柱，并将电池模块呈放射状排列于散热柱周围，以提高整体散热效率。
南京宇叠智能科技有限公司,2,2,南京宇叠智能科技有限公司专注于机器人灵巧手的抓取控制与软体机器人的触觉交互技术，通过结合压力传感器、图像识别及柔性传感实现对目标物的精准抓取与自然交互，致力于提升机器人在复杂环境下的适应性和互动体验。
青岛蓝海软通信息技术有限公司,2,2,青岛蓝海软通信息技术有限公司专注于人形机器人导航技术，特别是在不同照明条件下的路径规划与修正。通过划分标准照明区、弱照明区和暗区，并采用相应的传感器数据及处理方法，实现机器人在复杂环境中的稳定导航和高精度路径跟踪，提升物料搬运效率。
苏州阿威垦智能科技有限公司,2,2,苏州阿威垦智能科技有限公司专注于人形机器人关节电机的电液混合驱动技术，特别是采用摆线副结构的永磁复合电机。该技术通过将传统定转子圆周运动改为摆线运动，实现液压能和电磁能的集成，提高关节电机的效率和性能。
宁波拓克传动有限公司,2,2,宁波拓克传动有限公司专注于人形机器人关节模组的研发，特别在行星减速器结构优化和材料应用方面具有创新。通过在行星架上设置受力区与非受力区，并采用形状记忆合金的楔形衬套，实现高效、紧凑且适应温度变化的关节设计。
青岛理工大学,2,2,青岛理工大学在人形机器人领域主要研究实时定位与建图技术，通过改进Fast LIO2算法并融合足端正运动学与IMU数据，提升机器人在复杂动态环境下的定位鲁棒性和建图精度。
北京长兴动力机器人科技有限公司,2,2,北京长兴动力机器人科技有限公司专注于研发高负载能力和运动灵活性的机械臂及机器人。其核心技术在于通过创新的肩部组件设计和行星减速器的应用，提升机械臂的输出载荷能力和机器人的承载能力，同时降低抗倾覆风险。
武汉蒙楷特科技发展有限公司,2,2,武汉蒙楷特科技发展有限公司专注于机器人轮式和足式复合移动结构的研发，通过创新的异形切换件和动力轮设计，实现机器人在不同姿态下的高效移动模式切换，提高机器人在复杂环境中的适应性和移动效率。
烟台睿创微纳技术股份有限公司,2,2,烟台睿创微纳技术股份有限公司专注于机器人关节模组的高精度位置检测与定位技术，通过优化霍尔传感器布局及数据处理方法，在确保定位准确性的同时降低成本和空间占用，推动轻量化、低成本机器人的规模化应用。
来安县科来兴实业有限责任公司,2,2,来安县科来兴实业有限责任公司专注于人形机器人骨架的整体铸造结构，通过集成承载、势能储存与释放、仿生步态及动态平衡机构，实现低能耗、高环境适应性和良好平衡性能的机器人步行系统。
北京大学南昌创新研究院,2,2,北京大学南昌创新研究院在人形机器人领域主要研究具备自主导航的融合系统，通过设置风险指标对障碍物进行分析，优化避障路径，减少计算复杂度，提高导航效率和安全性。
上海如身机器人科技有限公司,2,2,上海如身机器人科技有限公司专注于开发基于人形机械臂控制的轮椅机器人，通过七轴机械臂和独立驱动车轮底盘实现高自由度、自然交互和安全柔顺的移动系统。该系统利用关节位置传感器和力反馈传感器感知用户意图并生成相应的运动命令，适用于需要高度空间适应性的应用场景。
工博士机器人技术有限公司,2,2,工博士机器人技术有限公司专注于特种人形机器人的研发，特别在清洁维护功能方面具有显著创新。其核心技术在于通过复杂的机械结构设计，实现对触屏表面灰尘的有效清除，展示了在精密运动控制和自动化清洁领域的深厚积累。
深圳市雷赛智能控制股份有限公司,2,2,深圳市雷赛智能控制股份有限公司专注于机器人关节模组和灵巧手抓握系统的研发，致力于提高电机与传动结构的集成度和稳定性，减少装配复杂度，同时通过基于电机电特性的控制方法实现对不同对象物的精确、稳定抓握。
海克斯康机器人有限公司,2,2,海克斯康机器人有限公司专注于开发用于工厂环境中多台机器维护信息提供的移动机器人系统，特别是人形机器人。这些机器人能够进行高精度的现实捕获和几何测量，支持基础设施监控及计量领域的工作流程，同时保持高精度并克服移动现实捕获中的缺陷。
上海工博士人工智能科技有限公司,2,2,上海工博士人工智能科技有限公司专注于特种人形机器人的研发，特别是在机器人清洁维护技术方面，通过设计复杂的机械结构和驱动组件，实现对触屏表面灰尘的高效自动清理。
湖南五号智能新能源有限公司,2,2,湖南五号智能新能源有限公司专注于人形机器人的动力管理技术，通过实时监测和分析电流、电压数据及异常噪声，实现高效、精准且抗干扰的能量管理系统。
灵童机器人(上海)有限公司,2,2,灵童机器人(上海)有限公司专注于智能人形机器人的多模态人机交互优化，通过集成多种大语言模型、提示工程、自然语言处理和个性化角色配置等技术，提升人机交互的灵活性、适应性和个性化水平，实现高度自然且沉浸的用户体验。
深圳市格松科技有限公司,2,2,深圳市格松科技有限公司专注于机器人结构设计与优化，特别是在滑盖结构和头部组件方面。其研究主攻方向包括提升机器人的功能模组布局合理性、结构强度及运动部件的高效驱动机制，以实现更优的功能表现和用户体验。
昆明冶金高等专科学校,2,2,昆明冶金高等专科学校专注于研发用于地下矿山的智能化疏通装置，通过集成遥控操作、AI视觉识别与精准爆破技术，实现对溜井堵塞和出矿口卡斗的安全高效处理，显著提升矿山作业的安全性和自动化水平。
成都专知利乎数字科技有限公司,2,2,成都专知利乎数字科技有限公司专注于基于多维度融合的机器人健康状态认证技术，通过采集和处理多源数据，估算17种健康维度并生成综合健康指数，利用算法模型替代昂贵的物理传感器，并结合区块链技术存储认证报告，实现全面的机器人健康状态监测与管理。
河北顺时智能机器人科技有限公司,2,2,河北顺时智能机器人科技有限公司专注于研发适用于商超环境的双臂轮系人形机器人，通过底盘、躯干部和可升降上肢节的设计，结合多功能机械手，实现对不同种类货物的全自动补货操作，优化货架管理效率。
武汉华威科智能技术有限公司,2,2,武汉华威科智能技术有限公司专注于开发结合压阻式和磁传感技术的三维触觉传感器，通过检测柔性层形变及磁场变化实现高灵敏度、高精度的三维力测量，并提供相应的标定方法以提高力检测准确性。
上汽通用动力科技(上海)有限公司,2,2,上汽通用动力科技(上海)有限公司专注于开发多用途可互动人形机器人，集成视觉引导和机械动作实施装置，具备扫描读码、视觉识别、精确定位和协同抓取功能，适用于多种工业和民用场景。
江苏博谷智能科技有限公司,2,2,江苏博谷智能科技有限公司专注于人形机器人反向长螺母的硬车削加工技术，通过优化夹持组件和车削方法，提高加工精度和效率，减少刀具颤振和损坏。
中兴通讯股份有限公司,2,2,中兴通讯股份有限公司主要研究方向为模型量化处理技术及扩展现实XR视频传输方法，专注于提高模型的生态适应性与XR视频多角度渲染及高效传输。
广州瞬擎智合技术有限公司,2,2,广州瞬擎智合技术有限公司专注于开发基于通用命令和可扩展命令库的机器人控制技术，实现对不同厂家和类型的机器人的统一管理和控制，通过语义理解和命令识别提高人机交互效率。
四川奥渤新能源技术有限公司,2,2,四川奥渤新能源技术有限公司专注于基于电池组的地面集中式热管理充电系统，通过集成充电设备与热管理机组，实现电池在充电过程中的高效温度控制，提升电池的安全性、循环寿命及环境适应性。
欧菲微电子(南昌)有限公司,2,2,欧菲微电子(南昌)有限公司专注于高精度深度感知技术的研发，结合双目视觉与TOF技术提升图像生成质量，并通过集成线激光、面阵激光及惯性测量单元的双模深度相机减少测量盲区，增强深度测量精度。
常州海毅欧智能科技有限公司,2,2,常州海毅欧智能科技有限公司专注于机器人关节技术的研发，特别是在高效散热和精密操作方面。其核心技术包括液冷散热系统以提高高功率密度关节的性能，以及通过创新设计实现多关节灵巧手的高效驱动与灵活抓取。
芜湖飞龙汽车电子技术研究院有限公司,2,2,芜湖飞龙汽车电子技术研究院有限公司专注于人形机器人热管理技术，特别是液冷冷却架构系统及方法。通过优化水箱、泵液机构、水路连接机构和主散热机构的设计，提高整机稳定性和冷却效率，实现按需调节冷却效果，显著降低散热电耗。
安徽航逸科技有限公司,2,2,安徽航逸科技有限公司专注于人形机器人热管理技术，特别是液冷冷却架构系统及方法。通过优化水箱、泵液机构、水路连接机构和主散热机构的设计，提高整机稳定性和冷却效率，实现按需调节冷却效果，显著降低散热电耗。
捷和电机制品(深圳)有限公司,2,2,捷和电机制品(深圳)有限公司专注于关节电机定子的研发，通过优化基座和轭部材料的配比及粒径分布，采用铁硅粉与铁粉的复合材料，显著提升电机定子的机械强度和磁导率，以满足人形机器人对高性能导磁部件的需求。
北京字跳网络技术有限公司,2,2,北京字跳网络技术有限公司在机器人领域主要研究方向为姿态确定与物体操作技术，通过关节旋转数据和末端部位位置信息优化执行器的姿态调整，并利用传感器和结构数据分析提高可移动设备对物体操作的准确性和效率。
飞龙汽车部件股份有限公司,2,2,飞龙汽车部件股份有限公司专注于人形机器人热管理技术，特别是液冷冷却架构系统及方法。通过优化水箱、泵液机构、水路连接机构和主散热机构的设计，提高整机的稳定性和冷却效率，实现按需调节各器件的冷却效果，从而显著降低散热电耗。
陕西艾迪斯工程技术研发有限公司,2,2,陕西艾迪斯工程技术研发有限公司专注于气柜控制和气瓶搬运技术，通过自动化和智能化手段提高气瓶更换和搬运的安全性和效率。其核心技术包括气柜门的自动控制方法及系统、双重校验机制以及智能化气瓶搬运机器人的设计与应用。
北京太空链科技有限公司,2,2,北京太空链科技有限公司专注于基于人工智能的互动交流人形机器人表情模拟技术，通过采集和分析用户脑电波信号，结合情绪分类模型和仿生肌肉控制，实现高拟真度的机器人微表情生成，并利用用户面部反馈数据进行表情优化。
中山市天图精细化工有限公司,2,2,中山市天图精细化工有限公司专注于研发机器人专用护理气雾剂及其制备方法，通过特定成分组合实现对人形机器人的降温、润滑、清洁、保护、抗静电和防尘等多种功能，简化维护流程，提高维护效率，延长使用寿命。
昆明理工大学,2,2,昆明理工大学在机器人领域的研究主要集中在视觉伺服控制与高通过性变形机器人技术。具体表现为开发了能够动态估计深度并实现精确控制的单目手眼视觉伺服方法，以及设计了一种结合仿人行走和小车模式、具备良好地形适应性的变形人形机器人。
陕西中医药大学,2,2,陕西中医药大学的研究主攻方向为仿生机械手在中医推拿领域的应用，通过设计具有协同手指和对握拇指的灵巧手，结合驱动机构与联动机构实现多种按摩动作，配合理疗功能组件，以低成本推广中医推拿智能化技术。
精一微感(上海)技术有限公司,2,2,精一微感(上海)技术有限公司专注于研发适用于人形机器人的拉压力传感器及直线关节，通过嵌入式结构设计实现传感器与被测组件的一体化，确保不破坏原有结构完整性和承力路径，同时提高外观一体性和传感器保护性。
石狮市百亿科技有限公司,2,2,石狮市百亿科技有限公司专注于开发具有多级缓冲结构的仿生膝关节机构及人形机器人，通过设置缓冲机构和二级缓冲机构，有效吸收冲击力并减少晃动，提升机器人的稳定性和缓冲效果。
江苏亨通线缆科技有限公司,2,2,江苏亨通线缆科技有限公司专注于研发适用于具身智能机器人的高性能电缆，主要技术方向包括提升线缆的柔性、抗扭曲及抗电磁干扰性能。通过创新材料与结构设计，如改性纳米氧化铝增强绝缘性能、石墨烯改性聚酯带实现高效屏蔽，确保机器人在复杂动态环境下的信号稳定性和机械耐久性。
苏州荣智成健康科技有限公司,2,2,苏州荣智成健康科技有限公司专注于仿生机械手技术，特别是三指灵巧手的设计与应用。其核心技术在于通过协同手指和对握拇指的驱动机构及联动机制，实现多种精细动作，如揉捏、挤按、顶按等，以低成本方式应用于中医推拿领域，推动中医推拿智能化发展。
宁波科田磁业股份有限公司,2,2,宁波科田磁业股份有限公司专注于无重稀土添加的钕铁硼磁体的研发，通过成分、晶界及热处理工艺的协同控制，显著提升磁体的矫顽力和温度稳定性，为风力发电、新能源汽车、工业伺服及人形机器人等领域提供高性能、低成本的磁性材料解决方案。
深圳华为云计算技术有限公司,2,2,深圳华为云计算技术有限公司在机器人领域主要研究基于相机和惯性测量组件IMU的数据处理方法，以提高具身导航数据获取的效率和降低成本，无需依赖传统里程计和人形机器人，扩展了使用场景。
安徽康佳电子有限公司,2,2,安徽康佳电子有限公司专注于人形机器人智能插装自检线序系统及方法的研究，通过激光引导、SIFT特征识别、六维力传感器和DTW算法实现高精度自动对准与过程监控，结合扫频信号检测和形状记忆合金修复技术，显著提升装配准确性和效率，降低返工率和制造成本。
上海傲意信息科技有限公司,2,2,上海傲意信息科技有限公司专注于人形机器人智能抓取控制系统的研发，通过肌电感应和远程控制技术实现精准高效的物体抓取与操作。该系统集成了手势姿态获取、动作捕捉及AR辅助等功能模块，显著提升了人机交互的自然度与任务执行效率。
沈阳安登创新科技有限公司,2,2,沈阳安登创新科技有限公司专注于人形机器人领域的绳驱欠驱动机械手技术，通过多杆联动和仿人手指设计，实现高效抓取与捏取动作，同时减少驱动数量以降低整体重量和成本。
无锡隆盛科技股份有限公司,2,2,无锡隆盛科技股份有限公司专注于机器人关节模组的优化设计与人形机器人的外观设计。在关节模组方面，通过集成磁性编码器芯片和多级磁钢，实现小型化、低成本化和高集成化的电机端编码器，有效减小谐波减速器关节模组的尺寸和成本。同时，该公司还致力于开发具有人类外形特征和行动能力的人形机器人，适用于工业环境。
西湖机器人科技(杭州)有限公司,2,2,西湖机器人科技(杭州)有限公司专注于人形机器人的实时全身远程遥操控制系统，通过运动指令生成子系统和本体运动控制子系统的协同配合，实现多模态输入指令的解析与转换，自适应生成协调全身运动控制信号，确保机器人在不同条件下的鲁棒性、灵活性和可靠性。
江苏隆盛唯睿具身智能机器人创新中心有限公司,2,2,江苏隆盛唯睿具身智能机器人创新中心有限公司专注于开发高效紧凑的机器人关节模组和设计具有人类外形特征的人形机器人。其核心技术在于通过优化编码器结构实现电机的小型化、低成本化和高集成化，同时在外观设计上注重人形机器人的实用性和拟人化。
衢州市浙工大生态工业创新研究院,2,2,衢州市浙工大生态工业创新研究院主要研究方向为柔性电子与传感技术及机器人控制技术，专注于开发基于激光诱导石墨烯的多模态柔性传感器及其制备方法，以及通过电流特征分析实现人形机器人关节零位自动标定的方法。这些技术在医疗健康监测、工业设备诊断及智能机器人等领域具有广泛应用前景。
北京启物科技有限责任公司,2,2,北京启物科技有限责任公司专注于开发蘑菇自动采收人形机器人，通过集成移动操作台、采摘模块、切根模块和收集模块，实现全流程自动化采收。该技术显著提升采收效率，确保高效采摘和精准切根，同时保护蘑菇菇体。
上海交通大学医学院附属第九人民医院,2,2,上海交通大学医学院附属第九人民医院在牙科医疗机器人领域，专注于基于真实世界识别的口腔智能机器人定位系统。该系统通过集成AI图像识别、空间距离计算和轻量化硬件架构，实现对真实手术场景的感知与识别，自动规避危险结构，简化操作流程，提升手术的安全性和效率。
郭岳潘,2,2,郭岳潘的研究主攻方向是基于帕尔贴效应与形状记忆材料结合的柔性仿生肌肉技术，通过电信号控制实现伸缩运动，为机器人及其他设备提供无噪音、灵活可控的动力元件，推动小型化、智能化及灵敏化发展，尤其在仿生制造、机器人表情肌和断肢再造领域具有广泛应用潜力。
北京中薪科技有限公司,2,2,北京中薪科技有限公司专注于基于多协同智能算法的仿人形机器人及其控制方法，通过集成多种传感器和智能分析单元，提高机器人对环境的感知精度和避障能力，增强其在复杂环境中的移动安全性和准确性。
北京极佳视界科技有限公司,2,2,北京极佳视界科技有限公司专注于机器人视觉语言动作模型的训练方法及自视角训练数据生成技术，通过多模态数据集和视角转换技术提升机械臂在复杂操作场景下的策略学习能力和任务执行成功率。
苏州一诺机器人有限公司,2,2,苏州一诺机器人有限公司专注于研发具有保护功能的人形机器人关节，通过设计独特的锁合机构和外护机构，实现对关节异常状态的有效监测与及时响应，确保在异常情况下能够迅速解除关节间的相对驱动，从而保护驱动装置免受损害，提升整体实用性。
海南元宇宙生态俱乐部有限公司,2,2,海南元宇宙生态俱乐部有限公司主要研究基于区块链技术的二元逻辑组织架构系统，通过基础元和拓展元双层结构，结合DID身份标识、智能合约治理和声誉驱动激励机制，实现链上链下融合的组织协同架构，适用于去中心化商业组织和DAO孵化等场景。
浙江冠宇电池有限公司,2,2,浙江冠宇电池有限公司专注于二次电池技术的研发，特别是通过优化电解液成分和正极材料来提高电池的安全性和性能。其研究重点在于采用特定的环状碳酸酯溶剂和线性溶剂组合，以及调整正极材料中Ni元素的比例，以抑制高温产气、减少热失控风险，并提升低温安全性。
河南省睿卡机器人制造有限公司,2,2,河南省睿卡机器人制造有限公司专注于人形机器人用直线驱动器的研发，通过集成力传感器、多级减速组件和高扭矩输出结构，实现对大负载关节如髋关节、膝关节等的精确控制与高效驱动。
深圳市集和诚科技开发有限公司,2,2,深圳市集和诚科技开发有限公司专注于边缘计算服务器的任务动态分配方法和系统，通过分析人形机器人足底压力分布数据和计算负载数据，结合预测模型生成最优任务分配决策，以实现高效计算和物理实体的及时有效控制。
湖北珞珈实验室,2,2,湖北珞珈实验室专注于机器人技术与人工智能的结合，特别是在基于深度强化学习的机器人控制方法上具有显著研究，通过构建教师-学生模型框架解决机器人控制中的状态表征对齐及信号耦合问题。同时，在人形机器人的设计方面也有所涉猎，特别是针对测绘应用的人形机器人外观设计。
杭州同瓴信息科技有限公司,2,2,杭州同瓴信息科技有限公司专注于人形机器人的情绪识别技术，通过多模态传感器获取用户语音、面部图像及生理信号，结合深度学习模型和动态权重调整，实现高精度、实时的情绪识别，并根据情绪值调整机器人对话响应策略，提升人机交互的真实性和适应性。
北京绿多新材料科技有限公司,2,2,北京绿多新材料科技有限公司专注于人形机器人脚板结构设计，通过平开合页和对称焊接弹簧部件提高脚趾部分的灵活性与自由度，增强脚板的稳定性、高精度及抓地力，实现更优的运动控制技术。
广东省水利水电科学研究院,2,2,广东省水利水电科学研究院专注于开发基于多态融合的水利工程人形机器人巡检与隐患排查系统，通过整合多种数据类型和智能算法优化巡检路径，实现对水利工程潜在风险的智能诊断、预警及全生命周期风险管理。
广州德恒智能装备股份有限公司,2,2,广州德恒智能装备股份有限公司专注于开发使用人形机器人的双工位弧焊系统，通过自动化上下料和精准定位技术，实现高效、高精度的焊接作业，满足汽车车身异形部件的规模化和柔性化生产需求。
上海觅迹科技有限公司,2,2,上海觅迹科技有限公司专注于人形机器人的无线充电技术，主要研究方向为开发能够实现自主定位、移动至充电基站并进行高效安全的无线充电系统。该系统通过动态调节充电功率和实时监测充电状态来优化充电过程，并具备智能离开机制。
北京理工华汇智能科技有限公司,2,2,北京理工华汇智能科技有限公司专注于高转矩密度电机及一体化机器人关节模组的研发，通过创新的磁路设计、散热结构和控制方法，提升电机性能与稳定性，实现紧凑高效、高精度的机器人关节解决方案。
智泰新能源(东台)有限公司,2,2,智泰新能源(东台)有限公司专注于开发适用于人形机器人的高能量密度锂硫电池，通过在电芯层级设计可变形隔离组件、绝缘流体填充及可动电连接部件等创新结构，实现主动快速断电功能，显著提升电池的安全性和可靠性。
广东省科学院智能制造研究所,2,2,广东省科学院智能制造研究所专注于机器人灵巧操作与控制技术，通过强化学习和优化算法实现全局性能最优的控制策略，提高机器人在复杂任务中的操作精度与灵活性。
北京航空航天大学合肥创新研究院,2,2,北京航空航天大学合肥创新研究院专注于开发基于类人动作的人形机器人无人驾驶控制系统，通过多模态感知、类人动作库、任务规划与决策以及机械臂控制等技术，实现对车辆的智能操控。
中国工商银行股份有限公司,2,2,中国工商银行股份有限公司主要研究方向集中在利用机器人流程自动化技术提升金融服务效率，特别是在信用卡发放和基于机器人的身份验证方面，通过智能机器人实现客户识别、交互及证件验证等功能，以解决人力资源紧缺问题并提高业务处理的准确性和速度。
东莞市东鸿自动化科技有限公司,2,2,东莞市东鸿自动化科技有限公司专注于人形机器人滤波电感的自动化生产设备及方法，通过多工位转盘组件和多个涂胶、上料组件实现电感底板与线圈的高效精准组装。
广州鹿山新材料股份有限公司,2,2,广州鹿山新材料股份有限公司专注于开发高性能柔性电子材料，特别是用于智能可穿戴设备的高灵敏度、宽检测范围及快速响应时间的复合纳米纤维电子皮肤和具有良好柔性和机械强度的柔性聚酰亚胺薄膜。
苏州肌动科技有限公司,2,2,苏州肌动科技有限公司专注于开发具有感知功能的人工肌肉驱动灵巧手结构，通过在仿生手指表面集成感知与驱动一体化的人工肌肉带，实现灵活的指关节运动、手势动作执行及物体抓取与识别。
宇构(浙江)科技有限公司,2,2,宇构(浙江)科技有限公司专注于研发提高操作安全性的智能机械手，通过在机械臂末端设置浮动连接座，并利用霍尔芯片和磁铁的配合实现精确感知与控制。
上海共进微电子技术有限公司,2,2,上海共进微电子技术有限公司专注于人形机器人末端执行模块的电气通信接口及其连接方法，通过设计机械手臂、腕部偏摆机构和定位插接机构，结合储能旋转机构实现机械手掌与机械手臂的稳定连接。
南京默凯尼克机电有限公司,2,2,南京默凯尼克机电有限公司专注于人形机器人灵巧手的双电机绳驱结构及控制方法，通过优化舵机、关节连接座和绳驱盘安装座的布局与驱动方式，提高灵巧手的控制精度和灵活性。
上海云瞳绿能科技有限公司,2,2,上海云瞳绿能科技有限公司专注于开发基于人形机器人的电力巡检装置及方法，通过集成多种传感器和智能控制模块，实现电力设备的移动化自适应巡检和预测巡检，替代传统的固定式监测系统。
上海迪捷通数字科技有限公司,2,2,上海迪捷通数字科技有限公司专注于基于多模态感知融合的人形机器人具身智能协同控制系统，通过多源数据融合构建环境感知图，动态调整动作顺序与细节，优化轨迹和任务分配，实现高效精准的协同控制。
陈延峰,2,2,陈延峰的研究主攻方向是智能移动式机器人电视机，通过集成导航与避障、视觉目标识别与追踪、语音与手势交互等模块，实现自主移动、实时用户追踪和多模态交互，提供最佳观影视角和用户体验。
陈天乐,2,2,陈天乐的研究主攻方向为智能移动式机器人电视机，通过集成导航与避障、视觉目标识别与追踪、语音与手势交互等技术，实现自主移动、用户跟踪和多模态交互，提供最佳观影视角和良好用户体验。
陕西赛特智数科技有限公司,2,2,陕西赛特智数科技有限公司专注于人形机器人关节减速器的跑合测试技术，通过中控单元、测试执行单元和传感器实现自动化测试，提高测试效率和准确性，满足高效批量测试需求。
深圳市深红亿科技有限公司,2,2,深圳市深红亿科技有限公司专注于人形机器人散热柔韧外壳结构的研发，通过动态自调节组件实现根据关节弯曲角度自适应调节散热孔间隙，提升机械手在复杂动作中的散热效率。
东阳市济沛先进材料与器件研究院,2,2,东阳市济沛先进材料与器件研究院专注于开发高灵活性和紧凑型的灵巧手结构，通过优化手指和拇指的驱动、连杆及旋转组件设计，提高仿生手的整体紧凑性和小型化，同时增强其稳定性和耐用性。
艾图(浙江)智能缝制科技有限公司,2,2,艾图(浙江)智能缝制科技有限公司专注于人形机器人的研发，特别是具有灵活上身组件和多自由度腰部结构的设计。其技术重点在于实现机器人上身的旋转和俯仰动作，提高整体动作灵活性。
无锡邦承工业设计有限公司,2,2,无锡邦承工业设计有限公司专注于人形机器人本体设计，通过构建交互动力学数字孪生体和利用分布式视觉传感器网络，在虚拟环境中模拟并优化机器人的自适应运动轨迹。结合强化学习模型，实时调整运动规划参数以最小化动能损耗，同时满足任务约束和动力学限制。
丁红祥,2,2,丁红祥的研究主攻方向是通过采集实际应用场景的孪生数据，利用多传感器同步采集和多模态融合技术生成数据集，并结合模仿学习和逆向强化学习算法，优化人形机器人的任务规划与决策能力，提升其在实际场景中的适应性和执行效率。
东莞市久顺精密科技有限公司,2,2,东莞市久顺精密科技有限公司专注于研发可快速拆分的人形机器人用减速电机，通过创新的锁舌和锁块结构设计，实现电机组件与减速腔组件的便捷拆卸，便于检修和维护，提高实用性和工作效率。
万金林,2,2,万金林的研究主攻方向为智能移动式机器人电视机，通过集成自主导航、避障、视觉目标识别与追踪、语音及手势交互等技术，实现显示终端实时朝向用户，提供最佳观影视角和良好使用体验。
江西奥基德信精密制造有限公司,2,2,江西奥基德信精密制造有限公司专注于人形机器人关节旋转驱动装置的研发，通过采用四个摆线轮并联传动结构和载荷均载分配技术，实现高扭矩密度输出，满足极端工况下的高扭矩需求。
苏州灵猴机器人有限公司,2,2,苏州灵猴机器人有限公司专注于研发自身自动换电的具身人形机器人及其换电方法，通过集成底盘组件、立柱、手臂组件和手组件，并由控制单元协调各部分动作，实现机器人在无人干预情况下的自主换电，从而提高自动化水平并降低成本。
成都锦慧恒瑞科技有限公司,2,2,成都锦慧恒瑞科技有限公司专注于人形机器人在装修施工领域的自主规划与执行系统，通过多模态感知、柔性执行、高效移动及闭环控制技术，结合人工智能和数字孪生，实现施工的自主化、精准化和智能化。
广东金雁电工科技股份有限公司,2,2,广东金雁电工科技股份有限公司专注于人形机器人用耐电晕漆包铜扁线的固化工艺控制技术，通过实时多源数据采集与动态调控，实现漆膜固化过程的在线诊断与自适应闭环优化，提升固化均匀性和一致性，减少质量波动与人工干预。
万鑫精工(湖南)股份有限公司,2,2,万鑫精工专注于人形机器人关节模组的研发，通过优化外转子电机设计和集成编码、驱控模块，提高扭矩密度和槽满率，实现更高效、紧凑的关节驱动解决方案。
壹捌伍机器人(苏州)有限公司,2,2,壹捌伍机器人(苏州)有限公司专注于人形机器人的全身动力学实时在线优化，通过融合历史数据和实时关节信号，利用预训练的层级化动力学优化模型生成并调整关节力矩分配方案，结合运动仿真反馈和环境约束，实现跨关节力矩耦合优化，提升机器人运动性能。
北京箩卜的壳科技有限公司,2,2,北京箩卜的壳科技有限公司专注于机器人控制技术，通过视觉语言模型和三维空间特征分析提升机器人对复杂指令的理解能力和任务执行成功率，增强其环境感知精度与实时交互能力。
武汉工程大学,2,2,武汉工程大学在机器人领域的研究主攻方向是开发用于人形机器人电子鼻芯片的高选择性气敏涂层组合物，通过优化成膜基体、气敏填料、导电剂和相容性调节剂的配比及二元溶剂体系，实现对痕量气体的高灵敏度检测，并具备良好的机械强度和抗湿性能。
浙江经贸职业技术学院,2,2,浙江经贸职业技术学院的研究主攻方向是基于强化学习与Sim2Real迁移的人形机器人运动控制方法，通过构建物理引擎模型、PPO算法学习、奖励函数设计和参数扰动引入，实现轻量级、自适应的运动控制，提高对不确定环境的适应能力和降低现实部署中的摔倒风险。
深圳地瓜机器人有限公司,2,2,深圳地瓜机器人有限公司专注于机器人控制技术，通过视觉语言模型和三维空间特征分析提升机器人对复杂指令的理解能力和环境感知精度，增强任务执行的实时交互性和成功率。
华戎技术有限公司,2,2,华戎技术有限公司专注于基于仿生关节与多模态感知的人形机器人技术，通过动态自适应、多目标协同的智能能耗管理，实现高效节能和持续优化，确保机器人在复杂工况下的运动性能与操作安全。
秦皇岛市雅豪新材料科技有限公司,2,2,秦皇岛市雅豪新材料科技有限公司专注于开发适用于金属注射成型（MIM）工艺的高性能不锈钢和低合金钢粉末。其核心技术在于通过特定成分设计与表面处理技术，制备出无需热处理即可具备优异力学性能、耐磨性和耐腐蚀性的材料，同时降低烧结温度以提高生产效率和零件精度。
北京航天自动控制研究所,2,2,北京航天自动控制研究所专注于人形机器人手臂末端机构的路径实时规划方法，采用牛顿欧拉法通过迭代计算优化关节角度，实现高精度的位置控制。
中国人民解放军海军大连舰艇学院,2,2,该单位专注于船舶摇荡环境中的人形机器人步态控制技术，通过融合船舶运动数据和建立动态闭环控制框架，利用PID控制器和基于S-LIPM模型的质心轨迹求解方法，实现机器人在复杂环境下的稳定行走。
宿迁兴速自动化科技有限公司,2,2,宿迁兴速自动化科技有限公司专注于开发基于多阶段训练模型的人形机器人羽毛球回球控制系统，通过图像采集和形态梯度分析预测羽毛球轨迹，结合热紧迫度指数和雅可比矩阵优化关节控制，实现精准击球与平滑回位。
北京面壁智能科技有限责任公司,2,2,北京面壁智能科技有限责任公司专注于人形机器人多模态感知融合技术，通过动态稀疏化激活策略和卡尔曼滤波算法，实现对多模态数据流的高效处理与状态评估，优化机器人在复杂任务中的行为控制。
浙江同星科技股份有限公司,2,2,浙江同星科技股份有限公司专注于仿人形机器人手臂的控温技术，通过设计特殊的壳体结构和相变物料，结合外部散热方式，有效管理空心杯电机产生的热量，减少内部空间占用并降低噪音，提高整体使用效果。
揭阳市乐不奢电子商务有限公司,2,2,揭阳市乐不奢电子商务有限公司专注于开发适用于人形机器人的仿真皮肤及其制备方法，通过在基底层表面设置拱形凸筋部并覆盖硅胶层，解决了硅胶与其他材质难以稳定贴合的问题，提升了机器人外观的真实感和耐用性。
安徽斯格特信息系统有限公司,2,2,安徽斯格特信息系统有限公司专注于具身智能人形机器人的遥操作数采与数据闭环系统，通过时序协同模块和时间敏感网络技术实现指令、动作、采集的三元同步，结合时空对齐算法和评估模块，提升数据一致性和优化效率，适用于高精度操作场景。
宿迁学院,2,2,宿迁学院在机器人控制技术领域专注于开发基于多阶段训练模型的人形机器人羽毛球回球控制系统，通过图像采集、形态梯度分析、动态调节阻力系数和关节温度监测等技术，实现精准击球点预测与平滑的关节运动控制。
无锡学院,2,2,无锡学院在机器人技术领域主要研究基于磁流变液的轮式人形机器人，通过创新的缓冲机构和辅助支撑设计，提高机器人在颠簸路面上的稳定性和减振效果，防止侧翻。
济宁学院,2,2,济宁学院在人形机器人动态编队控制领域进行研究，利用液态神经网络和强化学习技术提升编队稳定性、响应速度及灵活性。
西湖大学,2,2,西湖大学在机器人领域主要研究方向包括：基于视觉和自然语言处理的自主泛化控制技术，以及面向康复医疗的下肢外骨骼步态策略训练与评测系统。
深圳荣耀智能机器有限公司,2,2,深圳荣耀智能机器有限公司专注于开发高效的设备标定技术，通过设计自动化标定系统和方法提高传感器标定的精度与效率，减少人工操作，适用于多种类型的传感器及应用场景。
珠海市沐彤科技有限公司,2,2,珠海市沐彤科技有限公司专注于基于强化学习的人形机器人控制技术，通过构建动态更新的可达状态空间和多源传感闭环反馈机制，实现安全、自适应的运动控制，并支持多机器人间的协同训练与经验共享。
厦门港引航站,2,2,厦门港引航站主要研究基于人形机器人和姿态映射技术的智慧引航系统，通过5G通信实现低延迟传输和闭环控制，消除引航员登离轮的安全风险，提升港口引航的安全性、连续性和效率。
浙江锐鹰传感技术股份有限公司,2,2,浙江锐鹰传感技术股份有限公司专注于研发高精度力矩检测与角度测量集成系统，利用逆磁致伸缩材料的应变片和非接触式感应耦合技术，实现对机械部件受力及旋转状态的精确监测，提升传感器在复杂环境下的稳定性和抗干扰能力。
集美大学,2,2,集美大学的研究主攻方向是基于人形机器人和姿态映射技术的智慧引航系统及方法，通过多视角姿态捕捉、5G通信和分层映射策略实现远程控制和实时反馈，提升港口引航的安全性、连续性和效率。
中认尚动(上海)检测技术有限公司,2,2,中认尚动(上海)检测技术有限公司专注于开发用于教室光环境检测的人形机器人，通过集成化传感器模块与可升降人形结构，实现多参数同步采集和标准测量姿态的自动复现，提升照明检测的效率和规范性。
国家康复辅具研究中心,2,2,国家康复辅具研究中心专注于开发仿生下肢机器人假肢测试系统及方法，通过人形机器人模拟人体下肢行走，结合负载模块、支撑模块和数据采集模块，实现对假肢多维度性能的精准检测。
上海统缆科技有限公司,2,2,上海统缆科技有限公司专注于光电复合电缆的制造方法，通过引入在线光学状态监测机制和闭环控制系统，实现对关键参数的自动调节。采用抗压垫片、反向双层绞合及分区温控挤出工艺，显著提升电缆在严苛动态工况下的信号稳定性和结构可靠性。
河北大学,2,2,河北大学在机器人领域的研究主攻方向为高性能荧光材料及其制备方法，特别是在纳米级荧光静电纺丝和自恢复型力致发光荧光粉方面，通过创新的材料设计和制备工艺，显著提升了触觉传感器件的灵敏度、响应速度和循环稳定性。
凌云工业股份有限公司,2,2,凌云工业股份有限公司专注于人形机器人用力传感器的标定技术，通过设计包含多种施力和定位组件的装置，提高力传感器标定的效率和精度。
江苏龙蟠新材料科技有限公司,2,2,江苏龙蟠新材料科技有限公司专注于研发适用于机器人关节的高性能润滑脂，通过优化配方和制备方法，降低摩擦系数，提高耐高低温性能，确保机器人在-40~150℃环境下长时间稳定运行。
昆山佰德龙精密自动化科技有限公司,2,2,昆山佰德龙精密自动化科技有限公司专注于开发具有高度灵活性和适应性的机械手及人形机器人，通过集成固定手指与可同步滑动的活动手指，并结合旋转驱动功能，实现无需更换物理部件即可动态调整抓取布局和夹持姿态，以满足多种工件抓取需求。
青岛艾普智能仪器有限公司,2,2,青岛艾普智能仪器有限公司专注于人形机器人关节电机的高动态、高精度鲁棒控制技术，通过模型预测控制方法解决高速运动时电压饱和和模型扰动问题，实现物理边界约束下的高效控制。
江苏龙蟠科技集团股份有限公司,2,2,江苏龙蟠科技集团股份有限公司专注于研发高性能润滑脂，通过优化配方和制备方法，降低摩擦系数，提高耐高低温性能，以适应机器人关节在宽广温度范围内的精准运行需求。
东莞市亚马电子有限公司,2,2,东莞市亚马电子有限公司专注于人形机器人领域的固态电池技术，包括快速更换电池系统和高性能固态电池材料及其制造工艺，以提升机器人的自主运行能力和能源效率。
中国移动通信有限公司研究院,2,2,中国移动通信有限公司研究院主要研究智能体接入认证技术，通过数字钱包模块和分布式数字身份标识符实现安全可靠的身份注册与认证授权，确保智能体在网络中的安全接入。
天津博诺智创机器人技术有限公司,2,2,天津博诺智创机器人技术有限公司专注于肌腱驱动具身智能人形机器人的研发，通过动态调整驱动信号和自适应控制算法，实现关节运动的柔顺性和精确控制，优化多关节协同任务执行效率，增强动作流畅性和稳定性，使机器人能够灵活适应不同任务场景和负载条件。
山东中科伺易智能技术有限公司,2,2,山东中科伺易智能技术有限公司专注于伺服电机控制系统的创新，特别是在基于云端License的分布式控制架构和适用于人形机器人的高集成度、可维护性伺服电缸设计方面。其技术旨在提升系统实时响应能力、灵活性及可靠性，同时降低用户成本。
广汽零部件有限公司,2,2,广汽零部件有限公司专注于人形机器人自主换电系统及方法的研发，通过集成移动底盘、机械臂和智能控制技术，实现复杂环境下无人自动换电，提升系统的智能化程度、适应性和连续运行能力。
山东格橹特康复器具有限公司,2,2,山东格橹特康复器具有限公司专注于机械关节技术，特别是脚踝关节的设计与优化。其研究主攻方向为开发能够适应复杂地面、具备角度调节功能的脚踝关节，以提高人形机器人的稳定性和实用性。
重庆御传新能源科技有限公司,2,2,重庆御传新能源科技有限公司专注于人形机器人关节技术，主要研究方向包括高效散热的关节模组驱动机构和能够同时承受轴向力与径向力的双锥轴承设计，以提高设备使用寿命和性能。
杭州鑫柳树机器人科技有限公司,2,2,杭州鑫柳树机器人科技有限公司专注于开发适用于多种场景的轮式人形机器人及其相关组件，特别注重机器人的外观设计与模块化视觉嵌入支架的研发，以提升其在自动化实验、工业制造及家庭服务等领域的应用灵活性和功能性。
上海宝信软件股份有限公司,2,2,上海宝信软件股份有限公司专注于人形机器人视觉系统的自动标定技术，通过CSV配置文件控制机械臂移动至预设位姿，并同步采集相机图像、末端执行器位姿和关节角度数据，利用手眼标定算法计算相机与机械臂末端的变换矩阵，实现手眼标定数据的全自动批量采集。
杭州谱析光晶半导体科技有限公司,2,2,杭州谱析光晶半导体科技有限公司专注于人形机器人的外观设计，特别针对服务业应用，旨在通过优化机器人形状来替代人工处理家庭日常琐事。
江苏御传新能源科技有限公司,2,2,江苏御传新能源科技有限公司专注于人形机器人关节技术的研发，主要研究方向为高效散热的关节模组驱动机构和能够同时承受轴向力与径向力的双锥轴承设计，以提高设备使用寿命和润滑效果。
天津市商久盛源科技股份有限公司,2,2,天津市商久盛源科技股份有限公司专注于智能人形机器人的设计与开发，其产品广泛应用于家庭、小区、农业、工业、医疗、海域及航空航天等多个领域的服务、监控及安防。设计重点在于整体造型的创新。
航天智联(海南)科技有限公司,2,2,航天智联(海南)科技有限公司专注于人形机器人的外观设计与应用，特别注重机器人在智能助手、家庭服务及危险环境作业中的实用性与美观性结合。其设计强调独特的形状特征，以满足不同应用场景的需求。
广东女子职业技术学院,2,2,广东女子职业技术学院在机器人领域主要专注于人形机器人的外观设计，特别是其形状方面的创新。通过独特的设计理念，开发出具有特定主题和功能的人形机器人产品。
上海仙工智能科技股份有限公司,2,2,上海仙工智能科技股份有限公司专注于轮式人形机器人的外观设计与研发，注重机器人整体形状的创新和优化，以提升其智能化应用和用户体验。
宁波阿特曼传动有限公司,2,2,宁波阿特曼传动有限公司专注于高精度零侧隙减速器的研发，特别针对人形机器人关节应用。通过采用锥齿轮行星轮结构和创新的侧隙调节技术，实现高传动比、高承载能力和高传动精度，解决了现有减速器在机器人领域中的传动精度低及可重复性差的问题。
青岛里奥机器人技术有限公司,2,2,青岛里奥机器人技术有限公司专注于商用服务型人形机器人的研发，特别是在外观设计和内部结构优化方面。其代表性技术包括适用于银行、餐厅等商业场景的服务机器人外观设计，以及具有全封闭式安全结构的双足行走机器人，强调了结构简化与使用安全性。
合肥哈工慧拣智能科技有限公司,2,2,合肥哈工慧拣智能科技有限公司专注于智能双臂人形机器人的研发，重点在于提升机器人外观设计、网络连接能力及安全性。通过集成信息传输接口和急停保护机制，实现远程控制与调试，并确保在异常情况下能够迅速响应以保障操作安全。
河南摩西机械制造有限公司,2,2,河南摩西机械制造有限公司专注于研发压井机器人装置，主要通过设计单缸和双缸结构的压井机构，结合仿人形机器人技术，实现高效、自动化的出水功能。其核心技术在于利用主动驱动机构和多关节运动臂，提高出水效率并简化结构形式。
北京赛曙科技有限公司,2,2,北京赛曙科技有限公司专注于人形机器人的外观设计，特别是在科研教学和展示用途方面。其设计重点在于机器人的形状，以满足教育和演示的需求。
華夏技術學院,2,2,华夏技术学院专注于人形机器人的仿真科技，特别是在眼部动态模块系统方面。其核心技术在于利用轻量级遥控伺服马达实现眼球的2D运动和眼皮的上下摆动，以模拟真实情绪表达，增强机器人与环境或人物的互动性。
韩端国际教育科技(深圳)有限公司,2,2,韩端国际教育科技(深圳)有限公司专注于开发具有高度可定制性和互动性的多关节人形机器人，通过创新的伺服电机模块和可更换盔甲设计，实现多样化颜色变换与外观自定义，增强用户体验和教学应用价值。
东莞市博思电子数码科技有限公司,2,2,东莞市博思电子数码科技有限公司专注于人形机器人关键部件的创新设计，主要研究方向为提高马达结构的连接稳定性和传动可靠性，以及优化机器人内部布线的固定与管理方式，确保组件间的稳固连接和线路的安全布局。
龍華科技大學,2,2,龍華科技大學在机器人领域的研究主要集中在基于视觉的物体识别与交互技术，通过开发先进的图像处理算法使机器人能够准确识别并理解周围环境中的物体形状、颜色及位置信息，进而实现更自然的人机或机机互动。
黃成東,2,2,黃成東的研究主攻方向集中在开发具有高度互动性和可操控性的机器人系统，特别是通过集成微电脑控制板、传感器和多轴驱动技术来实现人形机器人的精确控制与自动化操作。其创新点在于设计了能够响应预设动作剧本并支持手动或自动模式切换的操作模块，以及无需穿戴即可远程操控的多轴人形机器人结构。
江苏晨光数控机床有限公司,2,2,江苏晨光数控机床有限公司专注于人形机器人关节驱动部件的高精度加工技术，主要研究方向为开发具备自动上下料功能的高效数控螺纹磨床和精密螺母车削中心，以提高生产效率和加工精度。
深圳市非凡三十工业设计有限公司,2,2,深圳市非凡三十工业设计有限公司专注于人形机器人移动充电电源及支架结构的设计与研发，通过内置无线充电线圈和可转动支架实现灵活多变的充电方式，提高充电稳定性和使用便捷性。
辛勒肯工业技术(上海)有限公司,2,2,辛勒肯工业技术(上海)有限公司专注于人形机器人伺服驱动器的高精度位置控制与高效节能技术，通过优化安装结构和定位机制，提高伺服驱动器在复杂环境下的稳定性和能效。
安徽云蛟科技有限公司,2,2,安徽云蛟科技有限公司专注于人形机器人的关节和执行器技术，主要研究方向为开发高自由度、自适应性强的线性执行器及高效散热的关节结构，以提升机器人动作灵活性和降低能耗。
安徽深谷科曼机器人技术有限公司,2,2,安徽深谷科曼机器人技术有限公司专注于人形机器人的结构优化与安全防护技术，主要研究方向包括提升机械臂的润滑系统以增强其运行流畅性，以及设计防碰撞机制来提高机器人在复杂环境中的耐用性和安全性。
牧川传动科技(浙江)有限公司,2,2,牧川传动科技专注于人形机器人关节及传动系统的技术创新，特别是反置式行星滚柱丝杆的设计与优化，旨在提高生产加工便捷性、简化操作流程并增强实用性。
河南交通职业技术学院,2,2,河南交通职业技术学院在机器人领域的研究主攻方向为人形机器人测试用的脚部固定装置，通过步进电机驱动导轨丝杆和移动块实现快速、稳定的夹紧与定位，确保测试过程中的稳定性和可靠性。
浙江光大普特通讯科技股份有限公司,2,2,浙江光大普特通讯科技股份有限公司专注于人形机器人用高性能线缆的研发，特别在数据传输和膝关节应用方面。其技术重点在于通过优化材料选择与结构设计，如使用FEP绝缘、Kevlar抗拉元件及PUR护套等，提升线缆的柔韧性、耐磨性及信号传输稳定性，以适应机器人复杂运动环境下的高要求。
众德迪克科技(北京)有限公司,2,2,众德迪克科技(北京)有限公司专注于研发人形机器人的搬运装置，主要通过设计可拆卸的支撑组件和提拉组件，实现方便省力且安全的机器人搬运。这些装置在非使用状态下可以独立存放，在使用时能够快速组装并通过紧固装置固定，有效保护机器人免受损坏。
上海鑫君传动科技有限公司,2,2,上海鑫君传动科技有限公司专注于人形机器人灵巧手关节的高精度减速模组研发，主要通过优化RV减速机和谐波减速机的设计，实现关节模组在保证传动精度和负载能力的同时，显著减小轴向尺寸。
铃木武敏,1,1,铃木武敏的研究主攻方向是视觉检查技术，特别是通过设计包含多种视标的图表来实现对视觉障碍、变视症及色觉异常等的高效检测。
株式会社安川电机,1,1,株式会社安川电机专注于开发用户友好的示教盒，通过提供可定制的文字大小和配色功能，优化工业机器人的操作界面，提升操作人员的使用体验和效率。
株式会社国际电气通信基础技术研究所,1,1,该企业专注于通过周期性运动和相位控制技术实现机器人姿态的稳定调节，利用相位发生器与物理系统的交互诱导来优化机器人的动态性能。
菲利普莫里斯生产公司,1,1,菲利普莫里斯生产公司的研究主攻方向是模块化卷烟包装系统，通过可重新配置的模块和机器人实现灵活高效的包装处理。该系统支持不同组装流程的快速切换，减少了转换时间和成本。
陕西九立机器人制造有限公司,1,1,陕西九立机器人制造有限公司专注于开发具有仿生嗅觉功能的机器人系统，通过设计独特的仿生鼻腔结构和集成气体传感器，实现对环境气味的高灵敏度检测与分析。该技术方向旨在提升机器人在复杂环境下的感知能力，特别是在需要进行气味识别的应用场景中。
应广科技股份有限公司,1,1,应广科技股份有限公司专注于开发高效的多重伺服马达控制系统，通过串联多个伺服马达并设置独立开关和ID，实现对各马达的精准控制与协调运作。
大叶大学,1,1,大叶大学在机器人领域的研究主攻方向为结合机械手臂与无线射频识别技术的数据搜集装置，通过灵活的底座移动和机械臂高度调整，实现对不同位置和高度的电子标签数据的高效读取。
上海中为智能机器人有限公司,1,1,上海中为智能机器人有限公司专注于模块化便携式移动机器人的研发，通过集成控制、驱动、移动平台、翻转臂、能源及传感器等模块，实现多功能扩展和简便控制。该系统具备防水性能，适用于军用、公共安全、民用及教育研究等多个领域。
白冰,1,1,白冰的研究主攻方向是开发高度仿真人肌体外形、生物构造及生理特征的机器人，通过硬质活动骨架和弹性软体材料的结合，实现与人类相似的身体结构和外观，以提高机器人的接受度和服务能力。
株式会社多美,1,1,株式会社多美专注于机器人玩具的组装与控制技术，特别是通过伺服机构实现精确的位置控制和动作同步，以简化机器人玩具的基本始动位置与伺服机构零点位置的一致性调整。
冯光道,1,1,冯光道的研究主攻方向为结合移动通讯终端和台式电脑的优势，通过远程计算控制设备、服务器及家用电器间的网络通信，实现家电的信息化管理和智能控制。同时利用智能机器人的移动执行能力，增强对家庭事务的实时管理干预。
迪肯大学,1,1,迪肯大学在机器人领域的研究主攻方向为触觉控制技术，专注于开发具有触觉反馈的远程操作接口和仿真运动装置，以增强用户对受控设备的操作体验。
北京远大超人机器人科技有限公司,1,1,北京远大超人机器人科技有限公司专注于机器人语音动作控制技术，通过语音信号处理、特征提取与声学模型匹配等方法实现对机器人的智能控制。其研究重点在于提高语音识别精度及响应速度，以增强人机交互体验。
王慧娟,1,1,王慧娟的研究主攻方向为跳跃机器人的运动优化，特别是通过惯性匹配方法提升机器人跳跃性能。研究重点在于利用变约束动力学和空间浮动基建立动力学模型，并采用五次多项式规划跳跃轨迹，以实现最优的起跳姿态和负载匹配。
戴维·阿龙·贝内特,1,1,戴维·阿龙·贝内特的研究主攻方向为可变形机器人表面技术，通过控制点和连接器的相对移动实现覆盖物的动态变化，以增强机器人的适应性和灵活性。
郭超,1,1,郭超的研究主攻方向是开发模块化、可灵活组合的机器人形体组件，通过标准化接口和串行连接方式提高机器人的适应性和维护性，降低研发和升级成本。
北京天宇科创科技发展有限公司,1,1,北京天宇科创科技发展有限公司专注于仿人机器人足部系统的创新设计，特别是开发具有多自由度的柔性足部系统。通过集成可独立调节的脚底板、弹簧阻尼系统和微电机驱动，实现足部与复杂地面环境的良好适应性，提升机器人在不同地形中的稳定性和灵活性。
乐宝比特株式会社,1,1,乐宝比特株式会社专注于开发作战机器人系统，特别关注通过旋转构件防止电源线缠绕的技术，以确保在机器人运动过程中持续稳定供电。
法特尼克基金会,1,1,法特尼克基金会专注于研发辅助行走和身体平衡支撑设备，特别针对感觉运动残疾人群。其核心技术在于设计可调节刚度的支撑系统，通过部分承载用户体重减轻腿部负担，适用于神经疾病康复及术后恢复锻炼。该设备强调适应不同用户体型与伤残程度的灵活性。
莫韦公司,1,1,莫韦公司的研究主攻方向是开发用于自主系统的关节链运动信息测定技术，通过测量装置间距离并计算相关数据来表征关节链的运动状态。
行田电线株式会社,1,1,行田电线株式会社专注于开发具有高伸缩性和低信号损耗的信号传输电缆，适用于需要形态变形随动性的高速数据传输场景。
豪雅机器人有限公司,1,1,豪雅机器人有限公司专注于开发具备地形适应能力的小型移动机器人，通过内置可伸缩辅助轮克服地形高度差异，结合障碍物检测、无线通信定位及环境信息传递功能，实现高效灵活的自主导航与移动。
桦晟科技股份有限公司,1,1,桦晟科技股份有限公司专注于开发具有高伸缩性和低信号损耗特性的信号传输电缆，特别适用于需要随机械运动而变形的应用场景。其核心技术在于通过弹性圆筒体和缠绕导体线的结构设计，实现电缆在保持良好信号传输性能的同时具备优异的伸缩性。
小卡运动科技(南通)有限公司,1,1,小卡运动科技(南通)有限公司专注于开发具有柔性关节的机器人脚部机构，通过引入柔性铰链、弹簧板和减振装置等设计，提高仿人机器人行走时的稳定性和自然性，增强足部冲击吸收效果。
株式会社尼康,1,1,株式会社尼康在机器人领域的研究主攻方向为开发先进的马达装置及其控制技术，特别是通过传递构件和移动部实现转子的精确驱动与复位，适用于需要高精度运动控制的应用场景。
原子能和辅助替代能源委员会,1,1,该专利主要研究方向为开发自主系统，通过测量和计算关节链中各实体元件间的相对距离来获取表征其运动的信息，适用于机器人及其他需要精确控制多关节运动的领域。
林其禹,1,1,林其禹的研究主攻方向是机器人系统的教示方法，通过对象模型库和操作模块库的结合，实现对真实对象的虚拟定义及操作规划，以提高机器人处理任务的灵活性和准确性。
旭化成株式会社,1,1,旭化成株式会社在机器人领域专注于开发具有高伸缩性和低光传输损耗的光信号传输缆线，适用于需要反复伸缩和弯曲的应用场景。
雷神公司,1,1,雷神公司的研究主攻方向为仿生机器人技术，特别是在开发具有可变扭矩的仿生机械关节方面。通过采用可变半径滑轮和柔性腱索等创新设计，实现更加灵活、自然的运动控制，提升仿生机器人的性能和适应性。
台达电子工业股份有限公司,1,1,台达电子工业股份有限公司在机器人领域专注于开发具有断电自锁功能的磁控式机器臂关节制动器，利用内外层动子与定子间的永久磁铁相吸产生的顿转效应，在断电时自动切换至高顿转扭矩状态，实现对机器臂关节的有效锁定。
王晨升,1,1,王晨升的研究主攻方向为仿人形结构的机器人设计，特别是用于音乐演奏的自动化系统。其核心技术在于通过精确控制多关节伺服舵机，实现对木琴等乐器的自动演奏，融合了机械工程、电子控制及音乐艺术等多个领域的知识。
国立成功大学,1,1,国立成功大学在机器人领域专注于开发具有断电自锁功能的磁控式机器臂关节制动器，利用永久磁铁的顿转效应，在断电时自动切换至高顿转扭矩状态，确保机器臂关节的安全锁定。
河南科技大学,1,1,河南科技大学在机器人领域主要研究模块化多功能控制器，通过集成多种可扩展接口模块和电源管理技术，实现灵活配置、简便编程及底层开发，适用于不同应用场景的机器人系统。
精海智能装备有限公司,1,1,精海智能装备有限公司专注于机器人仿生技术领域，特别是基于仿生机理的头眼协调运动控制方法。通过数学模型动态调整头颈和眼球的转动角度，以扩大视觉范围并增强人机交互的自然性。
刘仁志,1,1,刘仁志的研究主攻方向为机器人电磁手技术，通过在手套式乳胶手内安装电磁铁和铁吸片，利用电磁原理实现手指的抓握动作，并通过分电器控制各手指依次完成动作。
辰星(天津)自动化设备有限公司,1,1,辰星(天津)自动化设备有限公司专注于仿生机器人技术，特别是四足动物爬楼机器人的设计与开发。其核心技术在于采用并联腿部机构，通过增强结构刚度来提高机器人的运动速度和加速度，适用于复杂地形的高效移动。
IWALK股份有限公司,1,1,IWALK股份有限公司专注于开发智能假体和矫形器，特别是通过传感器预测步行速度并据此调整设备的转矩输出，以优化不同步行速度下的能量消耗和功率需求。其核心技术在于利用传感器数据和控制器动态调节马达转矩，提高假肢或矫形器的适应性和能效。
梅塔伯里克智喂解决方案有限公司,1,1,梅塔伯里克智喂解决方案有限公司专注于开发智能化家畜饲养技术，通过监测和分析家畜的实时参数与生长曲线，实现对进餐量和频率的精准控制，以优化饲养效率和动物健康。
昆山市工业技术研究院有限责任公司,1,1,昆山市工业技术研究院有限责任公司专注于智能机器人领域，特别是自平衡摇摆行走机器人的研发。其核心技术在于利用电机驱动旋转物体产生的径向反力实现机器人的动态平衡与自主行走，并通过实时监控和反馈机制确保稳定性和精确控制。
青岛海艺自动化技术有限公司,1,1,青岛海艺自动化技术有限公司专注于拟人机器人控制系统的研发，采用集散式控制系统架构，结合蓝牙无线通信、高性能单板电脑及ARM控制器实现对数字舵机的精准控制。该系统集成度高、功耗低且易于升级，适用于多种机器人应用。
新乡学院,1,1,新乡学院在机器人领域的研究主攻方向为煤矿搜救机器人的结构设计与移动方式，特别关注双履带式结构和多电机驱动技术，以提高机器人在复杂环境中的通过性和灵活性，增强搜救效率和准确性。
万代股份有限公司,1,1,万代股份有限公司在机器人领域的研究主攻方向为开发适用于复杂形状表面的贴纸黏贴工具，通过设计与目标区域形状匹配的前端面，确保贴纸能够准确、便捷地粘贴到指定位置。
深圳中智卫安机器人技术有限公司,1,1,深圳中智卫安机器人技术有限公司专注于开发具有创新颈部机构的机器人，通过优化万向节和连杆机构设计，实现紧凑结构和高效驱动，减少径向尺寸并利用头部和身体空间增大力臂，从而降低功率密度要求和成本。
萨克米伊莫拉机械合作社合作公司,1,1,萨克米伊莫拉机械合作社合作公司专注于开发用于分配松散固体材料的装置和方法，通过振动元件和压电装置实现材料的精确分配，并结合加热装置提高分配效率和可靠性。
深圳北航新兴产业技术研究院,1,1,深圳北航新兴产业技术研究院专注于基于无人机平台的三维环境自主探索方法，通过优化传感器数据处理和边缘检测算法提高计算效率，适用于危险场景下的无人化作业。
卡皮公司,1,1,卡皮公司的研究主攻方向是基于用户终端浏览器类型选择性提供易于操作的验证码技术，通过网络服务器和认证服务器协同工作，生成并验证适合不同设备的验证码，以提高用户体验和安全性。
东洋橡胶工业株式会社,1,1,东洋橡胶工业株式会社专注于开发低成本、高效率且灵敏度高的触觉和弯曲传感器，通过在弹性体中添加磁性填料并利用磁性传感器检测变形引起的磁性变化，实现高性能的传感技术。
南京阿凡达机器人科技有限公司,1,1,南京阿凡达机器人科技有限公司专注于移动机器人的多方位避障技术，通过集成超声波、红外和热释电等多种传感器，并结合模拟信号调理电路与中央控制单元，实现对环境障碍物的实时、全面检测，从而优化机器人的行进路线并快速避障。
塞弗拉合作社,1,1,塞弗拉合作社专注于开发用于在大致平坦部件上施用涂料的高效喷涂技术，特别是通过设计具有半圆筒形通风室的喷涂室来优化喷涂过程中的空气流动和涂料分布，以提高喷涂质量和效率。
深圳岱仕科技有限公司,1,1,深圳岱仕科技有限公司专注于开发具有位置反馈功能的多面可级联舵机，通过中心出轴设计和模块化连接方式，实现高几何稳定性和灵活的机械臂组装方案。
德克萨斯州大学系统董事会,1,1,德克萨斯州大学系统董事会的研究主攻方向是开发基于纳米纤维纱线和聚合物纤维的人造肌肉技术，这些驱动器通过电、光、化学或热能等方式供能，实现扭转和拉伸动作。研究重点在于利用卷曲和非卷曲的加捻纳米纤维纱线以及插捻聚合物纤维来制造高效的人造肌肉，并探索其在多种设备中的应用。
欧若拉运营公司,1,1,欧若拉运营公司的研究主攻方向为多传感立体视觉技术，通过结合立体摄像机、激光测距仪和高效处理器实现高精度的三维环境感知与定位，适用于机器人导航、机器视觉及制造业等领域。
张耀伦,1,1,张耀伦的研究主攻方向是机器人在笛卡尔空间中的轨迹规划方法，通过运动学建模和向量几何法优化关节角度计算，实现高效、无奇异路径的轨迹规划，并能够处理任务空间中的障碍物，确保末端执行器的姿态连续性和可达性。
重庆电子工程职业学院,1,1,重庆电子工程职业学院在机器人领域的研究主攻方向为三自由度行走机器人的设计与控制，通过创新的无杆液压缸和摆动装置组合，实现机器人的灵活移动和姿态调整。
阿米妮斯开发方法和工业过程研究协会,1,1,阿米妮斯开发方法和工业过程研究协会专注于移动元件的方向偏差估计技术，通过图像处理与分析实现对移动元件相对于参考方向的角偏差的精确测量。该技术主要应用于需要高精度定位与导航的机器人及自动化设备领域。
西门子医疗股份公司,1,1,西门子医疗股份公司的研究主攻方向是开发用于医学检查和治疗过程中的辅助装置及其交互方法，通过采集、处理输入信息并生成交互指令，以优化与医学设备、操作人员及患者的互动流程。
上海能力风暴机器人有限公司,1,1,上海能力风暴机器人有限公司专注于开发机器人的动作执行算法，通过优化多舵机协同工作流程，简化了机器人动作的执行与调试过程，提高了效率和易用性。
精工爱普生株式会社,1,1,精工爱普生株式会社在机器人领域专注于减少噪声干扰的技术，特别是通过使用扼流线圈和寄生电容形成带阻滤波器来抑制电力传输过程中产生的噪声向柔性基板外部泄漏。
张小花,1,1,张小花的研究主攻方向是基于人体行为分析的智能交互系统，通过图像采集和分类技术实现对智能装置的精准控制，并扩展了人机交互中的表情识别种类以提高交互精度。
斯平玛斯特有限公司,1,1,斯平玛斯特有限公司专注于可重新配置的机器人系统，通过模块化设计和中央控制器实现灵活组装与编程。该系统支持多种编程模式，包括学习运动、用户运动捕捉及动画生成，以简化机器人人物的动作编程过程。
武汉纺织大学,1,1,武汉纺织大学在柔性传感器领域研究了一种基于纳米纤维的电子皮肤及其制备方法，该技术通过导电化处理的柔性纳米纤维膜实现高灵敏度、低功耗和良好的生物相容性，适用于可穿戴设备。
詹尼斯机器人移动技术加拿大公司,1,1,詹尼斯机器人移动技术加拿大公司专注于开发先进的致动器技术，通过控制致动区域的通电状态来改变牵引面与接触面之间的接触状态，从而实现对移动生产设备输出部件的精确控制和连续调节。这项技术为机器人提供了更灵活、高效的运动能力。
倍耐力轮胎股份公司,1,1,倍耐力轮胎股份公司的研究主攻方向是开发用于轮胎性能检测与控制的先进设备和技术，特别是通过精确测量轮胎侧向部分在不同条件下的响应数据来优化轮胎的设计和使用性能。
林宏韬,1,1,林宏韬的研究主攻方向为柔性触觉传感技术，特别是在三维物体表面的压触力感测及定位方面。其发明能够以低成本、大面积覆盖复杂形状的机器人肢体，实现精准的触觉感知。
山东明源智能装备科技有限公司,1,1,山东明源智能装备科技有限公司专注于外骨骼机器人肩关节的设计，通过创新的四连杆机构实现肩关节与锁骨的自然联动，无需额外动力部件，提升了外骨骼机器人的运动灵活性和自然度。
诺依曼(山东)物联网研究院有限公司,1,1,诺依曼(山东)物联网研究院有限公司专注于外骨骼机器人肩关节的设计，通过四连杆机构实现肩关节与锁骨的联动运动，无需额外动力部件，提高外骨骼机器人的自然性和灵活性。
覃秋萍,1,1,覃秋萍的研究主攻方向是人形智能机器人的设计与工作方法，重点在于模拟人体结构并集成视觉、听觉和语音功能模块，以实现辅助日常生活的任务执行。
深圳市华讯方舟光电技术有限公司,1,1,深圳市华讯方舟光电技术有限公司专注于机器人头部关节舵机的位置校准技术，通过姿态传感器数据的比对与调整，减少机器人头部在特定自由度方向上的误差，提高机器人的精度和稳定性。
哈尔滨伟方智能科技开发有限责任公司,1,1,哈尔滨伟方智能科技开发有限责任公司专注于基于机器视觉和机器学习的机器人导航技术，通过模仿学习和自主导航相结合的方法，使机器人能够利用视觉特征信息进行实时环境感知与决策，无需依赖复杂环境或运动控制模型，广泛适用于各类移动机器人、人形机器人及无人机等。
日本电产三协株式会社,1,1,日本电产三协株式会社专注于工业用机器人的维护效率提升，通过开发动作履历管理系统和方法，实时收集并管理机器人指令、位置及伺服数据，以优化设备监控与故障排查流程。
厦门快商通科技股份有限公司,1,1,厦门快商通科技股份有限公司专注于仿脑机器人技术，特别是通过构建包含反应层、认知层和元认知层的控制模块，结合递归定义的信息存储机制，实现机器人的自适应学习与行为模式生成，以满足个性化需求并强化执行能力。
株式会社KDM,1,1,株式会社KDM专注于开发用于部件组装的人类协作双臂辅助装置，旨在减轻工人在工业现场的疲劳感，特别是在中小制造业中。该装置通过支持作业人员的上肢运动，提高其操作灵活性和舒适度，适用于不同能力的操作者，包括普通人和残疾人。
李在丘,1,1,李在丘的研究主攻方向为开发用于部件组装的人类协作双臂辅助装置，旨在减轻工人在工业现场的疲劳感，特别是针对中小制造业。该装置能够支持作业人员的上肢运动，提高工作效率和舒适度。
韩国科学技术研究院,1,1,韩国科学技术研究院在机器人领域的研究主攻方向为开发具有高灵敏度和机械柔韧性压力传感器的可穿戴装置，通过电阻变化实现对压力的精确测量。
上海禹昌信息科技有限公司,1,1,上海禹昌信息科技有限公司专注于机器人无线关节系统的研究与开发，主要通过集成电池、无线充电接收单元及无线通讯单元于每个关节中，以提升机器人的活动范围和结构设计灵活性。
皇家飞利浦有限公司,1,1,皇家飞利浦有限公司在机器人领域专注于开发用于管理可旋转器械中线缆的解决方案，特别是通过设计线缆间隔件来确保线缆在扭转或运动过程中保持适当间距，从而提高设备的可靠性和安全性。
广东瀚川智能装备有限公司,1,1,广东瀚川智能装备有限公司专注于开发具有娱乐和观赏功能的机器人，特别是通过创新的斜轴旋转机械传动结构实现踢边腿动作的机器人技术，以简化传统复杂的传动机构并降低制造成本。
南京南邮信息产业技术研究院有限公司,1,1,南京南邮信息产业技术研究院有限公司专注于移动机器人的目标跟随控制技术，通过结合三角摄像机组、云服务器特征匹配及自动化路径规划，实现对特定目标的高效识别与自动跟随。
杭州如雷科技有限公司,1,1,杭州如雷科技有限公司专注于开发基于动作示范的实时驱动系统与方法，通过动作示范装置采集原始数据，并利用数据处理模块将这些数据转换为适用于不同关节结构的控制指令，从而实现对机器人或其他被控对象的精准动作控制。
涂超,1,1,涂超的研究主攻方向是基于头部运动的机器人远程控制技术，通过将手机作为头部佩戴的控制器，利用手机传感器和视频画面实现对机器人移动的直观、精细控制，从而解放双手进行更复杂的操作。
北京可以科技有限公司,1,1,北京可以科技有限公司专注于模块化机器人的智能控制技术，通过开发高效的构型控制信息处理方法及装置，实现模块机器人在不同连接配置下的自动变形与重构，增强其灵活性、可操作性和用户友好性。
江苏瑞伯特视觉科技股份有限公司,1,1,江苏瑞伯特视觉科技股份有限公司专注于智能控制直立行走机器人的研发，通过优化机械结构设计和传动机制，实现单伺服电机驱动下的高效运动控制。其技术重点在于简化机器人腿部结构，提高活动范围与承载能力，同时便于装配。
北京一品飞天高科技有限公司,1,1,北京一品飞天高科技有限公司专注于研发结构简单、易于加工装配的单自由度仿人形展示机器人，采用单电机驱动以确保运行稳定。其产品外形新颖、可靠性高，适用于物品展示和促销宣传等领域。
泾县麦蓝网络技术服务有限公司,1,1,泾县麦蓝网络技术服务有限公司专注于多模态智能仿人运动机构的研发，主要研究方向为设计结构简单、布局合理且承载能力强的仿人腿部运动系统，通过优化动力源、小腿、大腿及脚掌机构间的连接与配合，实现高效稳定的仿人行走功能。
中国水产科学研究院渔业机械仪器研究所,1,1,中国水产科学研究院渔业机械仪器研究所专注于船舶安全技术，特别是防止非法登船和攀援的系统。其代表性技术包括在船舷设置可转动横杆和刀片，结合传感器和报警系统，实现物理阻止与实时警报双重防护。
汉阳大学校ERICA产学协力团,1,1,汉阳大学校ERICA产学协力团专注于开发用于机器操作杆的无人驾驶系统，通过可拆装的操作单元和远程控制技术实现对操作杆的精确操控，提高系统的稳定性和直观性。
友信宏科新能源(徐州)有限公司,1,1,友信宏科新能源(徐州)有限公司专注于机器人运动机构的设计与优化，特别在单伺服电机驱动的腿部结构方面具有显著研究。其技术重点在于通过合理布局和简化结构，提高机器人的承载能力和装配便捷性。
佛山博文机器人自动化科技有限公司,1,1,佛山博文机器人自动化科技有限公司专注于服务机器人的仿生头部设计，通过集成眼球、嘴部、点头和转头等多自由度运动机构，结合逼真的面罩，实现高度灵活和形象的头部动作。
保罗·埃卡斯,1,1,保罗·埃卡斯的研究主攻方向集中在机器人机械操纵器的连杆结构和组件设计，特别是通过线缆和弹簧实现精确控制和运动范围优化的技术。
绍兴龙飞针织有限公司,1,1,绍兴龙飞针织有限公司专注于研发行走式运输机器人，主要技术方向为设计和优化机器人的腿部结构，包括小腿、大腿及脚掌机构的联动机制，以实现结构简单、布局合理且承载能力强的运输机器人。
辽宁工程技术大学,1,1,辽宁工程技术大学在机器人领域主要研究仿生机械臂及其控制方法，通过动作捕捉设备和无线通信技术实现对人体手臂动作的实时模仿，应用于高空作业以替代人工操作，提高安全性并减轻劳动强度。
揭东县富利盛工艺玩具有限公司,1,1,揭东县富利盛工艺玩具有限公司的研究主攻方向为服务机器人头部的多自由度运动设计，通过集成眼球、嘴部、点头及转头机构，结合仿生面罩技术，实现高度灵活且逼真的头部动作，专注于提升仿生机器人的交互体验。
深圳量旌科技有限公司,1,1,深圳量旌科技有限公司专注于替身机器人的行为模式学习系统，通过智能终端和机器人交互系统的协同工作，利用神经网络等学习算法对用户的动作、语言和表情习惯进行深度学习，使机器人能够在用户离线时模仿其行为特征，提高拟人化程度和亲和力。
广东富利盛仿生机器人股份有限公司,1,1,广东富利盛仿生机器人股份有限公司专注于开发具有高度拟人化特征的服务机器人头部，通过集成多种运动机构实现多自由度的面部动作，包括眼球转动、嘴部张合、点头和转头等，以提升机器人的互动性和逼真度。
山东众妙智能科技有限责任公司,1,1,山东众妙智能科技有限责任公司专注于基于红外感应技术的智能娱乐机器人研发，通过集成机械结构与电路系统实现人形机器人的舞蹈学习与表演功能。
中国工程物理研究院激光聚变研究中心,1,1,中国工程物理研究院激光聚变研究中心在机器人领域主要研究基于多相机系统的六自由度对接位姿检测技术，通过图像处理和坐标转换实现高精度的位姿偏差检测。
金阳娃,1,1,金阳娃专注于仿真人机器人的动作映射与实现技术，通过采集和分析人体手臂的运动数据，建立单关节的速度和角度模型，并将其应用于机器人手臂，以实现流畅且高度逼真的仿人动作。
深圳市阿西莫夫科技有限公司,1,1,深圳市阿西莫夫科技有限公司专注于机器人控制技术，特别是通过解析用户输入信息中的表情符号来触发预设行为的方法。该技术简化了机器人肢体行为的控制过程，降低了开发成本。
游尔(北京)机器人科技股份有限公司,1,1,游尔(北京)机器人科技股份有限公司专注于服务机器人的头颈结构设计，采用轻质材料和紧凑结构以实现低成本、低重量的头部与颈部组件。其技术特点在于通过触控显示屏和显示块增强情感表达，并利用简单机构实现点头与摇头动作，提升用户体验。
北京虚拟动点科技有限公司,1,1,北京虚拟动点科技有限公司专注于智能机器人在演讲场景中的应用，通过多模态数据解析和深度学习算法，提供实时的演讲指导和反馈，增强机器人的交互能力和用户体验。
卡斯坦宁堡有限公司,1,1,卡斯坦宁堡有限公司专注于机器人机械臂的智能控制技术，特别是在基于传感器检测外部力的条件下实现安全模式切换。其研究重点在于通过实时监测与环境交互产生的力-时间曲线，动态调整机械臂的移动速度和方向，以确保操作的安全性和适应性。
中国科学院西安光学精密机械研究所,1,1,中国科学院西安光学精密机械研究所专注于紧凑型机器人头部设计，通过优化关节结构和采用谐波减速器，实现小型化、高精度及自锁功能，提升机器人头部的俯仰与回转性能。
广西图灵星科技有限公司,1,1,广西图灵星科技有限公司专注于智能机器人领域的多模态信息处理与语义理解技术，通过高效解析用户语音输入并转化为文本，实现精准的备忘录生成与管理功能，提升人机交互体验。
华南师范大学,1,1,华南师范大学在机器人领域的研究主攻方向为基于云平台的机器人远程控制和管理系统，通过将计算和存储任务转移至云端，实现对机器人的实时数据处理与指令传输，特别适用于自闭症儿童的实验研究和干预治疗。
佛山市顺德区公安局,1,1,佛山市顺德区公安局主攻方向为开发自助接报案笔录机器人及其相关方法，通过自动化系统替代传统人工笔录工作，旨在提高公安部门的工作效率并减轻工作人员负担。
佛山市三水区希望火炬教育科技有限公司,1,1,佛山市三水区希望火炬教育科技有限公司专注于开发适用于青少年国防科技研究的人形哨兵机器人，该机器人具备长时间工作、高隐蔽性和准确性等特点，能够执行保安巡逻任务。通过结合多种传感器和仿生设计，该公司旨在推动军事现代化及国防教育的发展，为未来军事机器人技术的应用奠定基础。
孟祥敦,1,1,孟祥敦的研究主攻方向为机器人教育应用平台，通过模块化设计和智能软件支持，实现任意构型与尺寸机器人的搭建及自动求解，结合虚拟设计与实际操作，激发用户创造力。
湖北文理学院,1,1,湖北文理学院在机器人领域的研究主攻方向为自主移动送餐机器人的设计与开发，重点在于提高机器人在餐饮运送过程中的稳定性和效率，通过桁架式机械手和全向行走底盘实现大范围、无污染的自动化送餐服务。
深圳银星智能集团股份有限公司,1,1,深圳银星智能集团股份有限公司专注于移动机器人的研发，特别在碰撞传感技术方面有显著创新。其核心技术在于通过环绕机器人主体的碰撞传感装置实现全方位碰撞检测，并据此调整机器人的行动路径，增强机器人的环境适应性和安全性。
广东伊雪松机器人设备有限公司,1,1,广东伊雪松机器人设备有限公司专注于开发自助接报案笔录机器人及其相关方法，通过自动化系统替代传统人工进行案件信息录入，旨在提高公安部门的工作效率并减轻工作人员负担。
深圳市天益机器人技术有限公司,1,1,深圳市天益机器人技术有限公司专注于开发多功能智能机器人，其核心技术在于通过集成语音识别、无线通信和运动控制等模块，实现机器人的远程操控及人机交互功能。该公司的研究重点是提升机器人在娱乐、安全监控以及智能家居控制等方面的应用体验。
真实系统有限公司,1,1,真实系统有限公司专注于开发能够与专家（包括人、虚拟角色、机器人或其他设备）协同工作的智能系统。其核心技术在于通过设备搜索并连接合适的专家，以解决超出设备自身能力范围的问题或请求，从而提高系统的响应能力和灵活性。
哈佛大学校长及研究员协会,1,1,哈佛大学校长及研究员协会专注于开发高灵敏度的弹性应变传感器，用于人工皮肤中实现对弯曲、接触和压强的多维度传感。通过设计独特的蛇形通道结构和堆叠不同方向的传感器，提高其在柔性电子皮肤中的应用性能。
陶洋,1,1,陶洋的研究主攻方向为汽车涂装机器人领域的新型球面并联机构设计，通过优化固定平台与运动平台间的连接方式及分支链结构，实现高效、灵活且易于维护的机器人运动控制。
X开发有限责任公司,1,1,X开发有限责任公司专注于基于手势的机器控制技术，特别是在使用触摸屏和图形用户界面（GUI）实现对机器人等设备的安全操作与控制方面。通过特定的手势识别和持续接触要求，确保了机器在失去用户控制时能够自动停止，从而提高操作安全性。
歌尔科技有限公司,1,1,歌尔科技有限公司专注于机器人领域的传动机构设计，特别是通过引入弹性装置实现自动调整和矫正的紧接触传动技术，以提高机械结构的自适应性和减少人工干预需求。
小船信息科技(上海)有限公司,1,1,小船信息科技(上海)有限公司专注于开发具有模块化设计的组装机器人，特别是通过热插拔式的头部装置实现多功能集成与快速更换，适用于多种应用场景，以提高产品灵活性和降低研发成本。
青岛海信移动通信技术股份有限公司,1,1,青岛海信移动通信技术股份有限公司专注于通过结合摄像头影像与MIC阵列技术，实现对语音源的智能预判和灵敏度调节，以提高语音指令接收的准确性和抗干扰能力。
扬州制汇互联信息技术有限公司,1,1,扬州制汇互联信息技术有限公司专注于开发能够独立于固定终端并与之通信的对话机器人系统，该系统通过多媒体处理和信息匹配技术实现与多个聊天程序的交互，旨在减少客户服务人员成本并提高用户需求响应效率。
山东航空学院,1,1,山东航空学院在机器人领域的研究主攻方向为足球机器人的设计与控制，重点在于优化感应系统、控制系统和行走机构的协同工作，通过多电机联动控制和创新的撞击平台设计，实现快速响应、灵活移动及长时间带球运动。
深圳力合精密装备科技有限公司,1,1,深圳力合精密装备科技有限公司专注于机器人控制方法的研究，特别是通过优化关节和连杆的坐标系分解及广义力计算，实现高效实时控制。该技术旨在减少计算量，提高机器人运动控制的实时性和精度。
南京野兽达达网络科技有限公司,1,1,南京野兽达达网络科技有限公司专注于开发类人多自由度机器人的动作训练方法，通过光学设备捕捉人体动作并转化为机器人关节角度数据，实现高精度的动作还原。该技术在智能服务、物流仓储及娱乐表演等多个机器人应用场景中具有广泛应用潜力。
北京搜狗科技发展有限公司,1,1,北京搜狗科技发展有限公司在机器人领域主要研究具有近似人类眼睛外形的眼部装置设计，通过倾斜放置的显示组件，在有限空间内实现更自然的眼睛交互效果，增强机器人的拟人化表达能力。
四川文理学院,1,1,四川文理学院在机器人教育领域主攻智能教学方法与装置，通过机器学习和专家系统等技术实现个性化教学、互动交流及自我优化，以替代教师授课并提升教学质量，尤其适用于教育资源匮乏地区。
南京乐朋电子科技有限公司,1,1,南京乐朋电子科技有限公司专注于开发集成了视觉识别、智能决策与动作执行的人工智能交通机器人，旨在通过自动化手段实现交通指挥和违章处理，以提高道路管理效率并减轻人工负担，同时注重产品的环保节能特性。
深圳市行者机器人技术有限公司,1,1,深圳市行者机器人技术有限公司专注于机器人足部结构的创新设计，采用气压检测技术实现对地面接触数据的高精度实时监测与处理，以优化机器人的行走姿态。其研究重点在于提升机器人在复杂环境下的适应性和稳定性。
谜米机器人自动化(上海)有限公司,1,1,该企业专注于机器人舵机控制技术，特别是在示教模式下通过实时调整舵机输出扭矩和位置反馈，实现更便捷的动作编程。
北京大瑞集思技术有限公司,1,1,北京大瑞集思技术有限公司专注于利用深度学习技术进行医院病历信息的智能编码，通过构建病历编码规则模型实现对病历信息的自动编码，提高医疗数据处理效率和准确性。
广州映博智能科技有限公司,1,1,广州映博智能科技有限公司专注于开发高效的手势识别技术，结合计算机视觉和机器学习方法，实现对手势的精准分割与识别，并应用于服务机器人的实时控制。
长沙志唯电子科技有限公司,1,1,长沙志唯电子科技有限公司专注于研发能够实现轮式与腿式变形的多功能机器人，通过集成多舵机和驱动轮设计，使机器人能够在不同环境下灵活切换行走模式，提高其环境适应能力和工作效率。
陈思佳,1,1,陈思佳的研究主攻方向为基于ROS平台的机器人肌电控制系统，通过结合肌电信号和姿态传感器数据，实现用户对机器人及其机械臂的精准控制，并支持自动跟随功能。该系统利用STM32终端设备处理信号并通过WIFI网络发送指令，同时具备图像反馈机制。
北京融快线科技有限公司,1,1,北京融快线科技有限公司专注于开发面向金融服务的聊天机器人及系统，通过集成金融数据采集、知识库管理、人机交互、业务处理、用户画像构建和订单生成与跟踪等功能模块，提升金融服务效率和用户体验。
波尔多大学,1,1,波尔多大学在机器人领域的研究主攻方向为双足行走机器人的下肢关节设计，特别是通过串联连接装置和势阱引导机制来实现稳定和可控的步态。
杨斌,1,1,杨斌的研究主攻方向为模块化机器人系统，专注于开发能够通过不同功能子模块与主框架对接来实现多功能应用的机器人。其设计强调了系统的封闭性和基于外周边的操作模式，以增强机器人的灵活性和适应性。
卡特彼勒公司,1,1,卡特彼勒公司的研究主攻方向为无线认证技术，特别是在具有传感器的设备与机器之间的安全连接和交互。通过物理参数的感测和无线信号的传输实现设备的认证，确保只有经过验证的设备能够与机器进行数据交换或操作。
周志昌,1,1,周志昌的研究主攻方向为遥控驱动的机器人技术，特别专注于设计能够通过无线或红外信号控制进行多方向移动并执行击球动作的机器人。其创新点在于利用独立驱动轮和支撑轮实现机器人的灵活转向与稳定运动，结合可编程的驱动电路及远程操控机制，使机器人能够在特定场景下完成精准的物体撞击任务。
因思创新有限责任公司,1,1,因思创新有限责任公司专注于机器人定位技术，特别是通过利用相机捕获环境图像并检测边缘，结合3D模型和姿态估计来实现高精度的机器人定位。
百度在线网络技术(北京)有限公司,1,1,百度在线网络技术(北京)有限公司在机器人领域主要研究方向为通过分析用户历史操作信息，特别是文件名称和类型，来获取用户的兴趣信息，以提高用户与机器人之间的信息交互效率。
波尔多理工学院,1,1,波尔多理工学院在机器人领域的研究主要集中在双足行走机器人的下肢关节设计，特别是通过创新的关节机构和定位引导装置来提高行走稳定性和效率。这些技术改进了传统双足机器人的运动性能，使其更适应复杂地形。
李丽萍,1,1,李丽萍的研究主攻方向是基于光纤传感技术的机器人仿生皮肤，旨在通过模拟人类皮肤的力与温度感知能力，提升机器人的触觉敏感度和环境适应性，实现更自然的人机交互。
重庆柚瓣家科技有限公司,1,1,重庆柚瓣家科技有限公司专注于开发基于户外引导型行走机器人的老人出行辅助系统，通过集成处理、无线通信、GPS定位、信息存储及云端地图更新等功能模块，并结合行走驱动、语音提示和图像采集等外置子系统，为老年人提供全面的出行支持。
应用致动器瑞典有限公司,1,1,该企业专注于流体致动器设备的研发，特别是通过创新的活塞和缸壳体设计来实现对多个活塞杆运动的精确控制。其核心技术在于利用接合及断开接合装置实现活塞杆的独立操作，从而提高致动器的灵活性和功能性。
深圳市零度智控科技有限公司,1,1,深圳市零度智控科技有限公司在机器人领域专注于创新展示架设计，通过独特的仿水滴形轮廓和透明防护罩增强展示效果与趣味性，吸引消费者。
淮阴师范学院,1,1,淮阴师范学院在机器人领域主要研究方向为行走机器人的多自由度踝关节机构设计，通过优化调节结构和隐藏效果，提高机器人的灵活性、可靠性和适应性。
辽宁沈抚辽港智能技术创新研究院有限公司,1,1,该企业专注于基于图像识别和深度学习的情绪识别技术，通过分析面部表情来感知和理解人类情绪，旨在提升机器人在人机交互中的情感理解和响应能力，增强用户体验。
千叶工业大学,1,1,千叶工业大学在机器人领域专注于开发具有缓冲机构的减速装置，旨在通过弹性体构成的缓冲部件减小外力影响，并能够可靠地测量动作中的负荷转矩。
株式会社神户制钢所,1,1,株式会社神户制钢所在机器人领域主要研究方向为通过分析距离图像中的像素特征，识别并去除干扰物，以提高测距传感器数据的准确性和可靠性。
北京电子工程总体研究所,1,1,北京电子工程总体研究所专注于可组装机器人的研发，通过设计灵活的关节装置和可更换组件，实现机器人在不同应用场景下的自由度和结构变化，适用于教育、娱乐、特种作业等多个领域。
毛文龙,1,1,毛文龙的研究主攻方向是开发多功能人形扫地机器人，通过集成地面清扫、低空吸尘、拖地及垃圾自动处理等功能，减少用户劳动量并提高清洁效率，同时增强机器人的续航能力和功能多样性。
神钢建机株式会社,1,1,神钢建机株式会社专注于开发用于识别和去除测距传感器数据中干扰物的技术，通过分析距离图像中像素的时间变化特征来检测并移除干扰物，提高传感器数据的准确性和可靠性。
安徽爱博智能科技有限公司,1,1,安徽爱博智能科技有限公司专注于机器人头部转动组件的研发，通过优化旋转支架、旋转臂及驱动件的设计，实现高效平稳的动力传递和空间利用，特别适用于需要点头动作的机器人。
纳博特斯克有限公司,1,1,纳博特斯克有限公司专注于开发具有缓冲机构的减速装置，旨在减小外力并可靠地测量动作中的负荷转矩。通过在输入和输出旋转轴之间设置弹性体构成的缓冲部件，并利用测量装置监测壳体位移量，实现更稳定和精确的扭矩控制。
上海无线电设备研究所,1,1,上海无线电设备研究所专注于开发柔性多功能传感器技术，特别是集成压力和温度传感功能的薄膜阵列传感器。其研究重点在于利用柔性铁电薄膜的压电与热释电效应，实现高集成度、高适应性和高可靠性的传感器设计，适用于多种表面结构。
魏相东,1,1,魏相东的研究主攻方向是开发基于电磁驱动的人工肌肉及其在仿真手臂中的应用，通过电磁铁和伸缩机构实现高效、简单的肌肉模拟，避免了传统离子型聚合物的使用及相关问题。
声音猎手公司,1,1,声音猎手公司的研究主攻方向是智能代理在人机对话中的参与管理，包括智能代理的自动参与和脱离机制、模态对话支持以及用户连续性维护。通过多模态传感器如麦克风阵列和摄像头实现对用户的持续跟踪与识别。
国立民用航空学院,1,1,国立民用航空学院的研究主攻方向集中在处理设备的输入输出接口延迟测量与校准技术，通过特定纹理和传感器实现端到端及部分延迟的精确测量，并根据硬件、软件配置及操作条件进行实时校准与补偿。
河北中晟易通科技有限公司,1,1,河北中晟易通科技有限公司专注于智能交互试衣镜技术，结合大数据分析和人脸识别等技术，为用户提供个性化服装推荐，革新购衣体验。
圣安娜高等研究学院,1,1,圣安娜高等研究学院的研究主攻方向是开发高效的机械扭矩传递系统，特别是通过创新的运动链设计，利用旋转元件和连接元件实现精确且灵活的旋转运动传递。
里尔大学,1,1,里尔大学在机器人领域专注于开发用于测量和校准处理设备输入输出接口间延迟的技术，特别是通过使用特定纹理的屏幕输出与光学传感器结合的方法，实现对硬件和软件配置及操作条件下的实时延迟校准与补偿。
大连东锐软件有限公司,1,1,大连东锐软件有限公司专注于人工智能交互领域，特别是在仿人表情自动生成技术方面。其研究主攻方向为基于人类面部表情的分区要素化方法，通过采集和分析面部表情数据，建立综合表情动作数据库，并根据情感参数生成逼真、灵活且多样的面部表情动作，以实现自然的人机交互。
朱森标,1,1,朱森标的研究主攻方向为中医按摩技术的机器人化，通过集成穴位识别和仿中医按摩手法，实现对用户的自动化、个性化按摩。
创盛(常州)称重系统有限公司,1,1,创盛(常州)称重系统有限公司专注于计算机视觉领域的颜色跟踪技术，通过设定颜色阈值和像素点匹配算法，实现对单色目标的精准识别与跟踪，提高多目标跟踪的准确性。
马苏德·阿姆里,1,1,马苏德·阿姆里的研究主攻方向为通过自然语言处理技术实现对系统的控制，具体涉及将自然语言表达转换成可执行的程序代码段，支持参数化输入以细化功能，从而构建一个能够理解并响应自然语言指令的程控系统。
IUVO公司,1,1,IUVO公司的研究主攻方向为开发先进的运动链技术，通过创新的连接元件和传动元件设计，实现高效、灵活的机械扭矩传递。其核心技术在于利用滚动摩擦和旋转约束来优化旋转运动的传输路径，适用于多种复杂应用场景。
尹岩,1,1,尹岩的研究主攻方向是基于模拟语义理论的自然语言处理与动作规划技术，通过构建知识库和软件系统，实现从简单自然语言到复杂动画动作序列的自动生成与扩展。
瑞可利有限公司,1,1,瑞可利有限公司专注于开发智能排号管理系统，通过集成服务器和终端设备实现对顾客排号的高效管理，并利用多样化的语音呼叫技术提升顾客体验。
南方电网科学研究院有限责任公司,1,1,南方电网科学研究院有限责任公司专注于开发基于人机协同系统的巡检机器人控制方法，通过结合人的规划决策能力和机器人的自主规划能力，实现对复杂环境的适应性巡检任务，提高机器人运动轨迹的准确性和智能化任务完成的可靠性。
天津西青区瑞博生物科技有限公司,1,1,天津西青区瑞博生物科技有限公司专注于智能教育机器人系统的研发，主要技术方向为集成中央处理器、电源管理模块及多种交互设备的教育辅助机器人，通过感应识别与信息输出功能实现儿童自主学习与互动学习的结合。
伊莱克斯公司,1,1,伊莱克斯公司在咖啡机领域专注于通过精确控制水流速和水量来优化咖啡冲泡过程，利用测量装置监测贮水器中的水量，并通过控制单元调整泵的工作状态以实现期望的流速，确保在预定时间内向容器提供准确的水量。
汕头大学,1,1,汕头大学在机器人领域主要研究方向为开发面向孕妇的个性化情感调节系统，通过人形机器人结合胎龄特征识别、生理参数处理及音乐推荐等技术，实现对孕妇心理情绪的有效缓解。
史学香,1,1,史学香的研究主攻方向为开发节能环保的皮带巡检机器人，通过集成光伏板和遮阳板等组件，实现太阳能的有效利用和设备保护，延长机器人的使用寿命并降低能耗。
河海大学常州校区,1,1,河海大学常州校区专注于基于树莓派的迎宾机器人研发，通过集成视觉传感器、LCD触摸屏和移动底座等组件，实现自主导航与人机交互功能，提升应对突发事件的能力，增强用户体验。
黄锡霖,1,1,黄锡霖的研究主攻方向是基于掩码的稀疏矩阵压缩技术，通过高效地识别和处理稀疏矩阵中的零元素与非零元素，实现数据的紧凑存储与快速运算。
王万强,1,1,王万强的研究主攻方向为模具设计与产品制备方法，特别关注于通过可拆卸固定线实现待浇注物体在模具腔室内的悬空固定技术，以优化表层浇注过程。
汇专机床有限公司,1,1,汇专机床有限公司专注于机器人控制技术的优化，特别是在基于低延迟输出反馈模型的预测控制方法上。通过结合观测器和传感器数据，有效降低系统噪声影响，提高控制实时性和稳定性。
富尔哈特机器人有限公司,1,1,富尔哈特机器人有限公司专注于开发具有可自定义身份和个性的机器人。通过可更换的面部件和显示技术，用户能够轻松改变机器人的外观及其相应的角色和行为特征，实现高度个性化的人机交互体验。
中原工学院,1,1,中原工学院在机器人领域专注于开发柔性高伸缩的纳米纤维包芯纱应力传感器，通过结合高性能弹性长丝、静电纺纳米纤维和导电聚合物聚吡咯，实现高灵敏度和宽范围的应力检测，适用于可穿戴电子皮肤及人体监测系统。
北京纳米能源与系统研究所,1,1,北京纳米能源与系统研究所专注于自驱动多级传感器的研发，利用极化压电材料作为介电层，在外界作用下实现自驱动传感，并通过上电极与介电层的接触/分离感应产生电压，适用于人体运动监测及可穿戴式电子器件。
广东南方职业学院,1,1,广东南方职业学院在机器人领域的研究主攻方向为智能类人形消防机器人，重点在于机器人的行走平衡、火灾检测与报警、以及救援功能的集成，特别是在复杂环境下的自主操作和人员安全保障。
江门市亿华消防工程有限公司,1,1,江门市亿华消防工程有限公司专注于智能类人形消防机器人的研发，主要技术方向包括行走平衡控制、火灾检测与报警、自动抓取消防开关以及紧急情况下的人员安全保护。
罗厚博,1,1,罗厚博专注于开发具有高灵活性和适应性的独轮双足行走机器人，通过结合仿生腿与可调节高度的轮腿设计，实现结构紧凑、成本低廉且能在多种环境下有效移动的机器人解决方案。
宁波智正伟盈信息科技有限公司,1,1,宁波智正伟盈信息科技有限公司专注于室内机器人方向感知技术，通过在环形支架上均匀布置双轴磁强计并结合人工神经网络，提供高精度的绝对方向信息，克服了传统方法在复杂室内环境下的局限性。
米亚创意有限责任公司,1,1,米亚创意有限责任公司专注于开发保护性眼罩系统，特别设计用于防止液体、蒸汽和高温对眼睛及周围区域的损害。其核心技术在于无孔圆顶形镜片与密封底座的结合，确保佩戴者在各种环境下的视觉清晰度和舒适度。
安徽省泰岳祥升软件有限公司,1,1,安徽省泰岳祥升软件有限公司专注于智能交互流程的管理和多轮对话技术，通过灵活设置触发条件、回复内容和后续动作，实现对复杂对话形式的有效引导和管理，提升对话系统的决策能力和用户体验。
湖北三江航天红峰控制有限公司,1,1,湖北三江航天红峰控制有限公司专注于提高尾段舵机测试系统的精度与稳定性，通过实时监测和补偿电流来修正舵机偏转角度，确保其在复杂工作环境下的高效运行。
深圳市商汤科技有限公司,1,1,深圳市商汤科技有限公司专注于智能机器人领域的照明控制技术，通过在低光照条件下自动进行补光处理，并结合深度神经网络对采集的视频图像进行智能分析，以提高图像质量和实现精准控制。
卡塔尔大学,1,1,卡塔尔大学在机器人领域的研究主要集中在开发智能机器人治疗学习玩具，特别是针对自闭症谱系障碍等儿童病症的辅助治疗。其代表性技术包括模块化设计、交互式LCD屏幕、气泡生成机构和机器人臂，旨在通过互动和娱乐促进儿童的发展和康复。
华纳兄弟娱乐公司,1,1,华纳兄弟娱乐公司的研究主攻方向是利用虚构作品或现实生活中的人物描绘来生成个性简档，并将其应用于社交机器人的控制，使机器人能够根据这些个性特质值集对环境刺激做出与源角色一致的社交响应。
蓝兆杰,1,1,蓝兆杰的研究主攻方向为线性串联弹性致动器，通过结合步进马达、螺杆组件及弹性部件实现高扭矩密度比和共轴输入输出，结构精简且能有效减少扭矩损耗，同时具备储能和冲击保护能力，适用于需要与人或环境互动的机器人领域。
佛山市顺德区亿卡尔医疗设备有限公司,1,1,佛山市顺德区亿卡尔医疗设备有限公司专注于开发辅助起床系统和方法，结合机械助力与生物传感技术，通过监测用户生理指征变化并自动调整支撑装置状态，确保用户安全、独立地完成起床动作。
广东乐心医疗电子股份有限公司,1,1,广东乐心医疗电子股份有限公司在机器人领域主要研究方向为通过识别和验证用户行为来建立安全通信的方法，以提高信息安全，防止诈骗和骚扰等不法行为。
蔡忠希,1,1,蔡忠希的研究主攻方向是个人计算机机箱的结构设计，特别是通过将机箱分割成多个可动部分来减少振动对硬件的影响，提高硬件连接的稳定性和可靠性。
深圳市祈飞科技有限公司,1,1,深圳市祈飞科技有限公司专注于开发智能果汁机器人系统，结合人脸识别与图像识别技术，实现个性化人机交互及食品安全控制。通过集成的控制系统，优化了从顾客识别到水果选择、抓取和传送的全流程自动化操作。
皮尔茨公司,1,1,皮尔茨公司的研究主攻方向为机器人无碰撞运动规划技术，特别是在多个交叠工作空间中通过动态路线图实现多机器人协调运动。
北京猎户星空科技有限公司,1,1,北京猎户星空科技有限公司专注于开发机器人示教系统，通过集成驱动层、指令接口层、ROS通信层和程序生成层，实现对机器人的便捷控制与编程。该技术方案能够基于示教过程中的状态信息自动生成控制指令及示教程序，提高机器人示教的效率与灵活性。
深圳市中科德睿智能科技有限公司,1,1,深圳市中科德睿智能科技有限公司专注于机器人领域的仿生灵巧手技术，特别是欠驱动多自由度机械手的设计与控制。通过优化手指关节结构和绳索传动机制，提高机械手的控制精度和灵活性。
深圳市共进电子股份有限公司,1,1,深圳市共进电子股份有限公司专注于开发具有高度自由度的运动关节块技术，用于构建能够通过身体姿态表达情感的机器人。该技术通过多方向旋转自由度的球铰关节设计，使机器人能够模仿人类的情感表达，增强人机交互体验。
阿里巴巴集团控股有限公司,1,1,阿里巴巴集团控股有限公司在机器人领域主要研究通过增设发光模块实现灯光交互模式，以优化人机交互空间布局，提高交互效率和安全性，避免人机碰撞。
台湾智能机器人科技股份有限公司,1,1,台湾智能机器人科技股份有限公司专注于开发具有双牌靴的发牌机器人装置，通过集成机械手臂、电动牌架和控制器实现自动化扑克牌分发与回收，提升娱乐场所的发牌效率和准确性。
空中客车西班牙运营有限责任公司,1,1,空中客车西班牙运营有限责任公司的研究主攻方向是利用3D打印技术结合石墨烯增强聚合物材料制造高精度定位控制工具，特别是通过表面声波和科里奥利力实现精确测量与控制的传感器系统。
株式会社普利司通,1,1,株式会社普利司通在机器人领域专注于开发关节力矩运算技术，通过分析骑乘者骨骼、构造及负荷数据，优化自行车车座位置以最大化骑行效率和舒适度。
康格尼博提克斯股份公司,1,1,康格尼博提克斯股份公司专注于开发先进的机器人控制系统，特别是通过沉浸式触觉界面实现主从机器人手臂之间的高精度交互与反馈。其核心技术在于利用动力学模拟提前预测并优化机器人的动作命令，以提高操作的准确性和实时性。
中国人民解放军火箭军工程大学,1,1,中国人民解放军火箭军工程大学专注于开发远程操作的穿戴式遥控平台，结合信息采集、显示、通信及移动控制技术，实现对机械臂和可移动平台的实时远程操控，强调人在回路的交互控制。
江苏思极科技服务有限公司,1,1,江苏思极科技服务有限公司专注于研发基于隐形定位码的高精度定位技术，通过利用不同红外光吸收能力的油墨和图像识别装置实现对特定区域的精确定位。
陕西爱尚物联科技有限公司,1,1,陕西爱尚物联科技有限公司专注于开发使机器胜任更多复杂工作的技术，通过构建功能单元间的规范接口或契约，形成智能处理系统，模拟人类思维过程和智能行为，实现学习、推理、思考及规划等功能，从而扩展机器的应用范围。
斯堪尼亚商用车有限公司,1,1,斯堪尼亚商用车有限公司专注于开发用于分析地面承载能力的技术，通过预测和实际测量车辆前方地形段的传感器数据来评估地形的可通行性，并据此进行路线规划以避免承载能力不足的区域。
优必选软件技术(深圳)有限公司,1,1,优必选软件技术(深圳)有限公司专注于图元可视化编程技术，特别是在移动终端平台上的Blockly技术优化。通过更新图元信息模块和优化图元对象的实例化过程，提高编程界面流畅性和用户体验，减少下载量并加快部署速度。
乐芒(广州)信息技术有限公司,1,1,乐芒(广州)信息技术有限公司专注于实物化编程技术，通过将编程指令实体化为可操作的模块，降低儿童学习编程的门槛。其核心技术在于利用主控、指令、功放和显示等实物模块实现程序的创建、检测及执行，并提供实时反馈，使编程过程更加直观和互动。
中锦龙投资有限公司,1,1,中锦龙投资有限公司专注于养老助残机器人的人机交互技术，通过集成语音、视觉和运动控制装置，实现高效准确的手势识别与智能化交互，提升残疾人士的生活质量和用户体验。
武汉交通职业学院,1,1,武汉交通职业学院在机器人控制技术领域主要研究竞技型机器人的控制系统及方法，重点开发了基于STM32和PI控制器的遥控与软件控制系统，实现精准的电机速度控制、物料发射、抓取动作以及全方位运动。
深圳市掌网科技股份有限公司,1,1,深圳市掌网科技股份有限公司专注于虚拟现实技术在旅游领域的应用，通过开发与旅游服务平台相连的虚拟现实设备，为用户提供沉浸式的景点游览体验及互动导游服务，增强用户交互性和体验感。
大国重器自动化设备(山东)股份有限公司,1,1,该企业专注于开发具有多自由度机械臂和智能控制系统的送餐机器人，通过矩阵控制模块实现精准送餐，提高服务效率和用户体验。
视力移动技术有限公司,1,1,视力移动技术有限公司专注于开发驾驶员监测系统，通过图像传感器捕捉驾驶员面部信息，分析其注视方向，并基于预定义的方向识别和提取眼睛特征，以提高驾驶安全性和智能化水平。
科力尔电机集团股份有限公司,1,1,科力尔电机集团股份有限公司专注于研发高效率、高性能的电机技术，特别是通过优化定子和动子单元的设计及永磁体组件的布局来提高电磁转矩和功率密度。
安徽东启电子科技有限公司,1,1,安徽东启电子科技有限公司专注于矿用带式输送机的无线自动巡检机器人技术，通过集成摄像头、传感器和无线通信模块实现对设备的远程监控与故障检测，旨在提高矿山作业的安全性和效率。
迪斯尼实业公司,1,1,迪斯尼实业公司在机器人领域专注于开发能够在飞行过程中实现自旋和其他受控运动的弹道机器人系统。通过集成机载和非机载传感器数据处理及适时控制信号发送，这些机器人能够在非动力飞行状态下调整姿态和取向，以达到预定目标。
声学音乐研究及调配研究院,1,1,声学音乐研究及调配研究院专注于通过频谱包络共振峰的频移动态修改语音音色的技术，主要研究在频域中对声音信号进行变换和调整，以实现音色的动态修改。
心韵恒安医疗科技(北京)有限公司,1,1,心韵恒安医疗科技(北京)有限公司专注于开发适用于胸部固定的带形装置，通过集成支撑结构和心电信号处理模块，提高心电监测设备的稳定性和设计灵活性。
西门子股份公司,1,1,西门子股份公司在机器人领域的研究主攻方向是开发自适应会话系统，通过自动检测、比较和生成会话片段来提高人机交互的自然度和效率。该技术能够根据交流内容动态调整对话策略，增强系统的灵活性和响应能力。
有限公司渥美文次商店,1,1,有限公司渥美文次商店专注于开发先进的搬送装置，通过利用多个绞盘和绳索体的组合实现主移动体在特定路径上的精确输送。其核心技术在于通过控制各绞盘驱动装置的动作来调整绳索体的位置，从而实现对主移动体位置的精准控制与输送。
法国国家科研中心,1,1,法国国家科研中心在机器人领域专注于语音信号处理技术，特别是通过频谱包络共振峰的频率修改来动态调整语音音色的方法。这项研究旨在实现更自然和多变的语音合成效果。
索邦大学,1,1,索邦大学在机器人领域专注于语音信号处理技术，特别是通过频谱包络共振峰的频率修改来动态调整语音音色的方法。这项技术能够实现对声音信号的精细控制和个性化调整，适用于语音合成、语音转换以及增强等领域。
廖伟华,1,1,廖伟华的研究主攻方向是开发具有变形功能的载人式通用机器人，该机器人采用多动力输出和可伸缩机械臂设计，具备优越的交通性能和攀爬能力，适用于多种生活场景。
卡西欧计算机株式会社,1,1,卡西欧计算机株式会社在机器人领域的研究主攻方向为开发集成多个人工智能的信息处理装置，通过AI识别单元和输出控制单元实现对特定人工智能的识别，并将识别结果反馈给用户。这表明其专注于提升人机交互体验及智能化信息处理技术。
河北务恩电力科技有限公司,1,1,河北务恩电力科技有限公司专注于智能机器人行走组件的研发，通过优化稳定盘、联动机构、行走机构和触地机构的设计，实现机器人的稳定行走和高效动力传递。特别注重在复杂地形下通过结构创新提升机器人的移动性能和稳定性。
克朗斯股份公司,1,1,克朗斯股份公司的研究主攻方向是开发用于容器处理设施的协作机器人技术，特别是在容器处理机组件更换过程中的机器人-机器人和机器人-人交互应用。
深圳市玖胜云智联科技有限公司,1,1,深圳市玖胜云智联科技有限公司专注于基于Linux系统的机器人AI多媒体交互技术，通过简化系统架构和利用内网穿透技术实现内网环境下的对等通信，从而有效传输多媒体数据并降低成本。
北京全路通信信号研究设计院集团有限公司,1,1,北京全路通信信号研究设计院集团有限公司专注于远程列车驾驶技术，通过多源数据综合处理和加密传输实现安全高效的列车操作指令执行，旨在提升紧急救援能力和减少对铁路网络的影响。
新世代机器人暨人工智慧股份有限公司,1,1,新世代机器人暨人工智慧股份有限公司专注于开发先进的机器人防碰撞技术，通过电场感测器实时监测环境变化并自动调整机械肢体动作以避免障碍物，从而提高机器人的自主导航能力和安全性。
意优智能科技(无锡)有限公司,1,1,意优智能科技(无锡)有限公司专注于机器人领域的一体化柔性智能关节执行器研发，通过高度集成电机、减速器、驱动器、控制器及多级角度检测单元，实现高精度位置反馈和力矩反馈，提升关节智能化程度，同时保证小体积和高功率密度。
国立大学法人东京大学,1,1,东京大学在机器人领域专注于开发先进的设备控制系统，通过结合实际传感器数据与虚拟仿真技术，实现对受控设备及其环境的精确建模和实时控制。该系统能够不断优化模拟条件以提高控制精度，适用于需要高度自适应性的复杂应用场景。
意识机械有限公司,1,1,意识机械有限公司专注于开发先进的设备控制系统，通过结合实际传感器数据与虚拟仿真技术来优化控制策略。其核心技术在于利用模拟环境和条件迭代更新，以生成更精准的控制信号，从而提高受控设备在复杂环境中的响应精度和适应性。
非夕机器人科技有限公司,1,1,非夕机器人科技有限公司专注于多轴力和力矩传感器的研发，通过创新的可变形部件与磁体-霍尔效应检测器组合设计，实现对多个方向上外力和力矩的高精度测量，提升机器人在复杂环境下的感知与交互能力。
湖南中矿金禾机器人研究院有限公司,1,1,该企业专注于开发适用于极端环境下的自动化巡检机器人系统，特别是针对皮带输送机的单轨巡检技术。通过集成牵引车和探测车，实现对输送带托辊状态的实时监测与故障预警，以提高生产安全性和降低维护成本。
深圳市优必选医疗机器人有限公司,1,1,深圳市优必选医疗机器人有限公司专注于手势识别技术，通过结合肤色区域提取、人手检测模型、特征点位置预测及遮罩图像生成等方法，实现高精度的手势识别，适用于机器人交互领域。
三菱重工制冷空调系统株式会社,1,1,三菱重工制冷空调系统株式会社专注于开发先进的空调系统和控制方法，特别是在声源定位技术方面。通过使用多个麦克风检测声音并计算到达时间差，结合预设的查找表来精确推定空间内声源的位置，以实现更智能、高效的环境控制。
纳宝实验室株式会社,1,1,纳宝实验室株式会社专注于开发具有高灵活性和自然运动能力的机器人手。其核心技术在于通过独立驱动的手指模块和可水平旋转的支架设计，实现类似人手的精细操作和适应不同物体形状的能力。
北京凡川智能机器人科技有限公司,1,1,北京凡川智能机器人科技有限公司专注于开发沉浸式双臂机器人远程操控技术，通过穿戴式外骨骼运动捕捉器实现操作员与机器人的同步动作，并利用力矩传感器和力反馈机制提供真实触感体验。
北京木甲天枢文化科技有限公司,1,1,北京木甲天枢文化科技有限公司专注于开发结合音乐演奏与舞蹈表演的机器人技术，特别是能够解析电子乐谱并生成控制指令以驱动多自由度机械臂进行箜篌弹奏及伴随音乐节奏舞动的智能演艺机器人。
哈尔滨工业大学芜湖机器人产业技术研究院,1,1,哈尔滨工业大学芜湖机器人产业技术研究院专注于仿生机器人领域，特别是基于连杆柔顺表情控制机构的仿人机器人头部设计，实现面部表情和语言的仿真。
南京邦鼎生物科技有限公司,1,1,南京邦鼎生物科技有限公司专注于开发用于制备高性能薄膜的组合物和方法，特别是通过优化多异氰酸酯、多元醇及增链剂等成分的比例与溶剂蒸发速率控制技术，以实现高质量聚氨酯薄膜的制备及其在不同基底上的应用。
桂林师范高等专科学校,1,1,桂林师范高等专科学校在机器人领域主要研究迎宾机器人的拟人化动作设计，特别是通过液压驱动和多转轴结构实现类似人类的鞠躬动作，以提升迎宾机器人的使用效果。
强森波尔(厦门)科技有限公司,1,1,强森波尔(厦门)科技有限公司专注于智能远红外热疗技术，通过集成图像采集、识别和移动单元，实现对人体特定部位的精准热疗，提高热疗过程的自动化和个性化水平。
深圳国信泰富科技有限公司,1,1,深圳国信泰富科技有限公司专注于机器人控制技术，特别是通过实时位置与标准动作轨迹对比来调整机器人上臂和下臂关节的位置和姿态，以实现精确的动作控制。
永嘉县信达智能设备制造有限公司,1,1,永嘉县信达智能设备制造有限公司专注于研发全封闭高能量密度的液压动力模组，通过集成油泵、动力电机和蓄能器等组件，实现体积小、集成度高且输出动力大的液压系统。
多伦多大学管理委员会,1,1,多伦多大学管理委员会在机器人领域的研究主攻方向为移动机械手的校准技术，特别是通过结合深度传感器和接触传感器生成的点云图，并利用迭代最近点算法实现外部参数恢复，以提高机械手与外部传感器之间的精确对准。
阿莫善斯有限公司,1,1,阿莫善斯有限公司专注于开发适用于旋转连接部的无线电力传输系统，通过优化磁芯与线圈配置实现高效稳定的电力传输，特别适用于需要相对旋转运动的应用场景。
兰斯大学,1,1,兰斯大学在机器人领域主要研究方向为机器人间的互连通信技术，特别是通过程序化方法实现不同机器人之间的消息转换与传输，支持多种消息类型和发送模式，以增强多机器人系统的协作能力。
库卡德国有限公司,1,1,库卡德国有限公司专注于开发具有高精度和稳定性的机器人臂技术，特别是在通过集成变形元件来优化关节间隙管理方面，以提高机器人在承载和移动负载时的性能与安全性。
德罗蒙特股份公司,1,1,德罗蒙特股份公司专注于开发用于预装容器中流体产品加工的自动化生产线，特别是针对覆盖物和/或盖子的开闭操作。其技术重点在于通过高效、自动化的操纵器和运送系统实现流体产品的处理与封装，适用于需要精确控制和卫生条件的生产环境。
苹果公司,1,1,苹果公司在机器人领域的研究主攻方向集中在合成现实(SR)技术，特别是通过创建和操控具有条件关联性的内容线程来增强用户体验。具体涉及在SR环境中实例化并控制多个目标实现器(OE)，使其能够根据预设属性执行特定动作，并将这些动态交互以视觉形式呈现给用户。
北京圆海传智科技有限公司,1,1,北京圆海传智科技有限公司专注于高转矩密度机器人驱动关节模组的研发，通过集成大减速比行星减速机构和电机，提高传动效率和反向驱动能力，满足机器人高动态性能需求。
酷至家(广州)智能科技发展有限公司,1,1,酷至家(广州)智能科技发展有限公司专注于开发人形机器人司机，结合人工智能和物联网技术，实现自动驾驶功能，适用于家庭、货场、港口等多种场景，解决长途驾驶疲劳及固定线路运输问题。
陕西闪现智能科技有限公司,1,1,陕西闪现智能科技有限公司专注于智能语音对话技术，特别是在语音识别与交互控制方面，通过优化语音接收和处理流程，提高对话装置在复杂声音环境下的响应准确性和稳定性，避免了信息重叠导致的误操作问题。
广州极天信息技术股份有限公司,1,1,广州极天信息技术股份有限公司专注于多模态融合交互技术，通过整合多种信息感知设备采集的数据，进行分析和融合，以实现更个性化、多样化的人机交互方式，提升用户体验。
唯慕思解决方案株式会社,1,1,唯慕思解决方案株式会社专注于利用强化学习和模拟技术优化工厂内部的调度方法，通过构建马尔可夫决策过程并应用强化学习算法，实现对生产任务的有效分配与管理。
江苏奇捷机器人智能科技有限公司,1,1,江苏奇捷机器人智能科技有限公司专注于机器人头部旋转结构的研发，通过平转马达和俯仰轴实现多角度旋转，并利用红外对射器进行限位保护，确保机器人头部在灵活转动的同时避免损坏。
索尼电子公司,1,1,索尼电子公司在机器人领域主要研究基于环境信息和行动成本的自主决策技术，通过机器学习构建行动模型，使机器人能够在特定环境中进行智能决策和行动。
辽宁大学,1,1,辽宁大学在机器人领域主要研究方向为开发适用于机器人足部的压力感知装置，通过创新设计的液压传导系统和柔性密封结构，实现对不同路面环境的高度适应性及精准的压力反馈，提升机器人的运动稳定性和环境适应能力。
天津卡雷尔机器人技术有限公司,1,1,天津卡雷尔机器人技术有限公司专注于开发适用于机器人的辅助平衡装置及方法，通过创新的驱动装置和支撑腿部设计，结合动态调整的平衡组件，确保机器人在各种动作中保持稳定，防止侧翻，提升站立稳定性。
张玉奇,1,1,张玉奇的研究主攻方向为智能机器人的多系统集成与控制技术，包括双腿行走、双手执行、头部运动及散热保护等开链机构设计，适用于多种复杂环境下的任务执行。
张井泉,1,1,张井泉的研究主攻方向为智能机器人的多系统集成设计，包括行走、执行、头部运动及散热保护等开链机构，适用于多种复杂环境任务。
郑州捷安高科股份有限公司,1,1,郑州捷安高科股份有限公司专注于动作识别技术领域，主要研究方向为通过骨骼点识别和匹配算法实现动作的自动评估与培训。其核心技术在于利用预设标准动作模板对比分析待匹配动作，以提高培训考核的质量和一致性。
昕诺飞控股有限公司,1,1,昕诺飞控股有限公司专注于开发智能空间感知技术，通过结合便携式传感器数据和无线通信信号分析，实现对空间内对象的精准检测与行为模式识别，并据此触发相应动作，提升环境互动性和智能化水平。
王元知,1,1,王元知的研究主攻方向为多功能智能机器人，特别专注于具备复杂运动能力和多种应用场景的值守和协警机器人。这些机器人能够执行交通管理、安全监控以及娱乐表演等任务，同时具有高度的灵活性和互动性。
谙布尔(北京)科学技术有限公司,1,1,谙布尔(北京)科学技术有限公司专注于机器人关节执行器及其模组的研发，通过集成电机、控制处理器和以太网通信技术实现高效、同步的多关节控制与通信。
电子湾有限公司,1,1,电子湾有限公司专注于开发机器人安全护送系统，通过定制化路线规划和安全授权管理，确保访客在企业设施内的安全访问，防止未经授权进入敏感区域。
河南工业大学,1,1,河南工业大学在机器人领域主要研究基于可穿戴设备的动作捕捉与肌肉训练技术，通过动作信号转换、指令生成和外骨骼执行，实现高效的动作学习与肌肉记忆形成。
河南大学,1,1,河南大学在机器人领域的研究主攻方向为多关节机器人的动力学仿真技术，通过嵌入式处理器和多种通信接口实现高效、鲁棒性强的建模与数值解算，适用于复杂机械结构的高精度仿真。
北京唐柏世纪科技发展有限公司,1,1,北京唐柏世纪科技发展有限公司专注于开发适用于易燃易爆环境的分布式能源仿人机器人，采用本安电源和液压驱动技术，实现精细动作技能和广泛的应用场景，特别是在煤矿井下等危险环境中。
山东汇米智能科技有限公司,1,1,山东汇米智能科技有限公司专注于高自由度、高刚度的并联型机器人颈部控制技术，通过优化电机驱动和连杆结构设计，实现机器人头部的灵活精准控制。
泗阳县人民医院,1,1,泗阳县人民医院的研究主攻方向为多机器人协作的楼内物件配送系统，通过局域网连接用户端、配送机器人和总控中心，实现高效的信息交互与物品传递，提高工作效率。
日本电产株式会社,1,1,日本电产株式会社在机器人控制领域专注于开发基于图像识别的控制技术，通过图像输入和数据库匹配实现对机器人动作的精准指示与设定。
航天科工深圳(集团)有限公司,1,1,航天科工深圳(集团)有限公司专注于开发具有智能化特性的音乐舞蹈自编程机器人，通过集成音频与视频数据处理技术，实现机器人的自主编舞和表演功能。该研究方向强调了多模态数据融合及算法在娱乐机器人领域的应用。
江苏惠新知识产权服务有限公司,1,1,江苏惠新知识产权服务有限公司专注于智能环保机器人技术领域，主要研究方向为通过创新的机械结构设计实现垃圾箱体在水平方向上的自动扩展，以提高机器人的工作效率和环境适应性。
哲内提,1,1,哲内提专注于开发用于自动驾驶车辆的控制系统，特别是在运行设计域（ODD）验证方面。其技术重点在于通过分析道路安全屏障和道路特性数据来确定驾驶员支持功能的可用性，从而提高自动驾驶的安全性和可靠性。
马东林,1,1,马东林的研究主攻方向为基于电磁力原理的机器人仿生脊柱设计，通过多层圆盘架和独立控制的电磁铁实现灵活的多自由度运动。
溪作智能(深圳)有限公司,1,1,溪作智能(深圳)有限公司专注于机器人头部机构的设计与控制技术，通过优化面部单元和支撑组件的结构，结合硅胶头罩和控制单元，实现多样化且自然的面部表情交互，同时降低硬件复杂性和成本。
香港中文大学深圳研究院,1,1,香港中文大学深圳研究院专注于开发低成本且高灵活性的双臂移动机器人平台，旨在为移动操作机器人算法研究和应用开发提供支持。该平台通过集成差分驱动轮式底盘、激光雷达、超轻型机械臂及视觉传感器等组件，并配备强劲计算资源与丰富软硬件接口，实现高效运算及二次开发能力。
果核机器人股份有限公司,1,1,果核机器人股份有限公司专注于开发具有创新连接机制的机器人技术，特别是通过设计互补紧固元件来实现机器人组件间的灵活移动与稳固连接，适用于提高机器人臂等部件的组装效率及结构稳定性。
深圳市杉川机器人有限公司,1,1,深圳市杉川机器人有限公司专注于机器人控制技术领域，主要研究方向为通过结合RGB相机和深度相机的数据，实现二维与三维坐标的精准对齐，并基于此进行机器人的精确控制。
蓝固(常州)新能源有限公司,1,1,蓝固(常州)新能源有限公司专注于开发具有Ag浓度梯度的三维骨架材料及其制备方法，以提高锂/钠电池负极的循环寿命、可逆性和安全性。
深圳市星轮科技有限公司,1,1,深圳市星轮科技有限公司专注于高冗余度柔顺机器人关节技术，通过多电机与减速器组合及柔索滑轮机构，实现灵活的力/位置混合控制，提升机器人关节的柔顺性和适应性。
加利福尼亚大学董事会,1,1,加利福尼亚大学董事会在机器人领域的研究主攻方向为复杂数据集的分析与处理技术，通过模拟程序集进化来优化数据集，以实现更高效的数据查询和满足最佳标准的数据结果。
钟川,1,1,钟川的研究主攻方向是机器人电动系统的优化设计，特别是通过简化通信协议和采用单信号线总线连接方式，实现电机控制模块的无地址编码互换性，提高系统维护便捷性和可靠性。
青岛智能产业技术研究院,1,1,青岛智能产业技术研究院专注于高冗余度柔顺机器人关节技术，通过多电机与减速器组合及柔索滑轮机构，实现灵活柔顺的力/位置混合控制，提高机器人关节的适应性和控制精度。
财团法人大邱庆北科学技术院,1,1,财团法人大邱庆北科学技术院专注于机器人关节结构的设计与优化，特别是在机械手领域。其研究重点在于通过交叉连接件实现多自由度的关节连接，以提高机械手的灵活性和稳定性。
深圳市爱深盈通信息技术有限公司,1,1,深圳市爱深盈通信息技术有限公司专注于迎宾机器人的个性化控制技术，通过人脸识别生成访客识别信息，并结合预设数据库提供个性化的产品推荐、服务推荐和引导提示，提升迎宾机器人的智能化和用户体验。
FT系统公司,1,1,FT系统公司的研究主攻方向为开发用于传送线上的物体位置检测技术，特别是利用光束和传感器结合的方法来精确测定物体的位置偏移，适用于自动化物流与制造领域。
北京龙翼风科技有限公司,1,1,北京龙翼风科技有限公司专注于3D虚拟试衣技术，通过3D人体建模和3D服装建模实现真实试衣效果，为用户提供直观的购衣参考，并简化线下门店的试衣流程，提升购物体验。
创泽智能机器人集团股份有限公司,1,1,创泽智能机器人集团股份有限公司专注于机器人导航与避障技术，特别是在复杂环境下的行走方位预测。通过实时位置记录、障碍物检测及路径规划，结合静态和动态障碍物的分析，实现高效安全的自主导航。
西安戴森电子技术有限公司,1,1,西安戴森电子技术有限公司专注于研发空陆两栖多模式行走飞行仿生机器人，具备飞行、双足行走和双轮运动能力，并配备机械手臂，适用于巡逻、安保、排爆、救援和应急等多种应用场景。
索雷马泰克股份有限公司,1,1,索雷马泰克股份有限公司专注于开发具有高精度定位和安全性的机器人操作设备，特别是在机械臂上集成存在传感器以检测操作者，并通过定位系统保持传感器的预设定向，确保在工作空间中的高效和安全操作。
北京科技大学,1,1,北京科技大学在机器人领域主要研究基于机器视觉的仿人机器人动作映射控制技术，通过实时采集和转化人体动作数据，实现仿人机器人对人类行为的即时模仿与学习，提升其自主性和适应性，适用于服务业及高危环境作业。
北京沃东天骏信息技术有限公司,1,1,该企业专注于通过服务化和解耦技术优化业务流程控制，特别是在仓储管理系统中实现灵活高效的流程管理，降低系统复杂度并简化维护。
贾东俊,1,1,贾东俊的研究主攻方向为机器人手技术领域，专注于开发具有自适应抓取功能的多连杆直线平夹机器人手指装置，通过单电机驱动实现对不同形状和尺寸物体的稳定抓取，简化控制并降低成本。
上海景吾智能科技有限公司,1,1,上海景吾智能科技有限公司专注于开发基于知识图谱和RNN神经网络的机器人对话系统，通过云端服务器处理和数据库管理实现高效准确的文本匹配与个性化回答，支持多机器人在线服务及自定义问答。
日星电气株式会社,1,1,日星电气株式会社专注于通信电缆的设计与优化，特别是在双绞线结构中引入填充线以改善信号传输性能和机械稳定性。通过交替排列信号线和填充线，提高电缆的整体性能。
西北工业大学深圳研究院,1,1,西北工业大学深圳研究院专注于水下机器人在崎岖表面的稳定攀爬技术，通过建立动力学模型和优化推进器驱动力及力矩，结合神经网络训练以增强机器人的稳定性。
杨芮,1,1,杨芮的研究主攻方向是基于5G、人工智能和物联网技术的网络机器人系统，通过构建由多种智能设备组成的机器人网络，实现远程互动、虚拟分身及家庭智能中心等功能，推动社会各领域的智能化和数字化应用。
北京京东世纪贸易有限公司,1,1,北京京东世纪贸易有限公司在机器人领域的研究主攻方向为业务流程控制技术，通过服务化和规则引擎实现仓储管理系统中各业务流程的解耦与灵活管理，提高系统维护效率并降低复杂度。
北京三快在线科技有限公司,1,1,北京三快在线科技有限公司在机器人领域主要研究方向为基于激光雷达的环境感知与目标检测技术，特别是在无人驾驶场景中通过点云数据处理实现障碍物识别与分类，以优化路径规划和决策过程。
彭丽,1,1,彭丽的研究主攻方向为基于柔性牵引方式的摆臂消重力平衡技术，通过在摆动臂上设置平衡力发生装置和柔性牵引装置，实现摆动过程中的重力平衡，具有结构简单、适用性强和效果好的特点。
深圳市合广测控技术有限公司,1,1,深圳市合广测控技术有限公司专注于电动通断开关的控制技术，通过检测交流电源过零点并结合双向光耦输出电压，实现对电动通断开关开合时间的精确自适应调整。
超乎想象股份有限公司,1,1,超乎想象股份有限公司专注于开发具有人形形式的移动性代理，该代理配备有至少一个相机以捕获图像数据，并通过网络接收控制消息来实现远程操控。其核心技术在于结合了图像采集与处理、远程通信以及自主移动能力的机器人系统。
2H富图拉股份公司,1,1,2H富图拉股份公司专注于开发基于神经网络的人格数据分析与检索技术，通过高效处理用户数据以提供个性化服务。该技术主要应用于客户端设备与服务器之间的交互，旨在提升用户体验和服务适应性。
瑞博缇克斯有限责任公司,1,1,瑞博缇克斯有限责任公司专注于开发用于娱乐领域的机器人系统，特别是设计和制造具有人形外观的机器人表演者，并通过先进的计算系统控制其动作以提供互动式娱乐体验。
罗伯瑞斯有限公司,1,1,罗伯瑞斯有限公司专注于开发元宇宙数据融合技术，特别是将现实世界中的传感器数据与虚拟数据进行整合，以增强自动驾驶汽车在处理物理及虚拟对象时的交互能力，从而提升其自主驾驶系统的测试和性能。
安徽大学绿色产业创新研究院,1,1,安徽大学绿色产业创新研究院在机器人领域主要研究基于球形关节的变刚度管道检测机器人，通过多组件协同实现机器人的灵活运动和刚度调节，适用于复杂管道环境下的检测与操作任务。
高德软件有限公司,1,1,高德软件有限公司专注于通过多传感器融合技术提高环境探测器的姿态精度，利用点云数据特征提取与匹配优化设备姿态，增强定位和导航系统的准确性。
优必康(青岛)科技有限公司,1,1,优必康(青岛)科技有限公司专注于移动机器人的防撞技术，通过融合多传感器数据和计算移动机器与障碍物之间的最短距离，动态调整机器人的最大允许速度，以实现高效且安全的避障。
北京科技大学顺德研究生院,1,1,北京科技大学顺德研究生院在机器人领域专注于开发基于物体关联关系认知推理的盲人辅助导航技术，通过构建环境语义地图和物体语义关联模型，结合图像信息处理与智能搜索策略，为视障人士提供精准、高效的室内导航服务。
中国电力科学研究院有限公司,1,1,中国电力科学研究院有限公司专注于机械臂导航避障技术，利用深度强化学习结合模仿学习环境下的导航规划算法，实现机械臂在复杂障碍环境中的高效自主决策与控制，提升训练速度和适应性。
国网安徽省电力有限公司电力科学研究院,1,1,该单位主攻基于深度强化学习的机械臂导航避障技术，通过模仿学习和导航规划算法预训练模型，使机械臂能够快速适应复杂环境并高效执行任务。
奥特贝睿技术有限公司,1,1,奥特贝睿技术有限公司专注于开发能够将人际交流因素整合进自动驾驶决策过程的系统，旨在通过理解并响应车内乘客及周围行人的意图和行为来提升自动驾驶的安全性和用户体验。
国网山东省电力公司,1,1,国网山东省电力公司在机器人领域主要研究机械臂的智能导航与避障技术，通过结合深度强化学习和模仿学习方法，使机械臂能够在复杂环境中自主规划路径并避开障碍物，实现高效、快速的任务执行。
李兴龙,1,1,李兴龙的研究主攻方向为仿生手的液压驱动技术，通过优化动力元件布局和采用高性能组件，提高仿生手的工作性能和使用寿命。
小利兰斯坦福大学托管委员会,1,1,该专利主要研究方向为基于潜在状态推断和图形关系的路径规划技术，通过分析传感器数据预测其他代理的行为模式，并生成自我代理的安全运动规划，适用于复杂动态环境下的自主导航。
内布拉斯·奥佐,1,1,内布拉斯·奥佐专注于激光雷达技术的研发，特别是能够实现360度环境覆盖的LIDAR装置，并通过集成惯性测量单元来提高其在动态条件下的精度和稳定性。
北京健康启航科技有限公司,1,1,北京健康启航科技有限公司专注于放射性核素标记生长抑素受体拮抗剂的研发，特别是64Cu-NODA-JR11的制备及其在肿瘤靶向分子影像诊断中的应用。该技术通过提高图像分辨率和特异性结合能力，拓宽了生长抑素类似物在显像和治疗中的应用范围。
重庆奔腾科技发展有限公司,1,1,重庆奔腾科技发展有限公司专注于机器人关节结构的设计与优化，主要研究方向为实现刚性驱动向柔性驱动的转化，提高人机交互的安全性和适应性。通过创新的调节机构设计，使机器人关节能够根据穿戴者的个体差异进行自适应调整，从而扩大其适用范围和舒适度。
长沙市精灵兔教育科技有限公司,1,1,长沙市精灵兔教育科技有限公司专注于开发浏览器端与硬件交互的技术，通过图形化编程简化用户对硬件设备的控制过程。其核心技术在于提供一种无需用户深入了解底层技术细节即可实现硬件逻辑编程的方法，从而降低编程门槛并增强用户体验。
反应机器人技术有限公司,1,1,反应机器人技术有限公司专注于开发基于能量控制方案的设备控制方法，特别是在设备与人交互过程中，通过监控系统总能量和运动速度来实现开环和闭环控制。该技术还能够在迭代学习中确定人的参与状态，无需额外传感器。
COSM医药股份有限公司,1,1,COSM医药股份有限公司专注于开发和装配个性化阴道治疗装置，通过定量分析用户特定的解剖学和性能需求，提供定制化设计以提高装置的适用性和用户接受度。
才纵(上海)工程技术有限公司,1,1,才纵(上海)工程技术有限公司专注于开发环保型食品配送系统，通过建立食品包装数据库和利用二维码技术实现食品包装的追踪与回收，旨在减少环境污染并节约资源。
橙象医疗科技(广州)有限公司,1,1,橙象医疗科技(广州)有限公司专注于开发足部压力与翻转角度检测技术，通过结合柔性托板上的压力传感器和可调节翻转台，实现对足部在不同倾斜角度下的全方位、实时压力监测，适用于多种内翻和外翻情况的评估。
杭州萤石软件有限公司,1,1,杭州萤石软件有限公司专注于移动机器人领域的摔倒检测技术，通过分析多媒体数据识别疑似摔倒事件，并利用机器人上的相机进一步确认，以提高摔倒检测的准确性和响应速度。
戴森技术有限公司,1,1,戴森技术有限公司在机器人领域专注于开发具有创新移动性和多功能性的自主清洁装置。其研究主攻方向为利用三星轮和致动器臂设计，使机器人能够适应复杂环境如楼梯，并执行主体难以触及区域的清洁任务。
纽诺有限公司,1,1,纽诺有限公司专注于自主递送技术，特别是通过配备有传送机构的车辆实现物品的自动化交付。其研究重点在于开发能够自动定位、对准目标并安全释放货物的智能递送系统，适用于最后一公里物流解决方案。
浙江华东建设工程有限公司,1,1,浙江华东建设工程有限公司专注于水下仿生机器人的研发，主要技术方向为设计具备多种功能如悬浮游动、水底蠕动及水下作业能力的机器人。通过模仿生物结构和运动方式，实现高效灵活的水下探索与操作。
合肥四相至新科技有限公司,1,1,合肥四相至新科技有限公司专注于仓储自动化管理技术领域，特别是通过使用电子标签和清点设备实现高效、低成本的货物清点方法。
耐克创新有限合伙公司,1,1,耐克创新有限合伙公司专注于利用聚合物组合物和超临界流体的单相溶液，通过自动化系统制造物理发泡的鞋类部件，以提高生产效率和吞吐量。该系统集成了注射器、压机和机器人传送装置，实现高效、自动化的鞋类部件生产。
中国电建集团华东勘测设计研究院有限公司,1,1,中国电建集团华东勘测设计研究院有限公司专注于水下仿生机器人的研发，主要研究方向为具备多种功能如悬浮游动、水底蠕动及水下作业能力的多段式柔性机器人结构设计与控制技术。
成都四相致新科技有限公司,1,1,成都四相致新科技有限公司专注于仓储自动化管理技术领域，特别是通过使用电子标签和清点设备实现高效、低成本的货物清点方法。其核心技术在于优化清点路线并利用电子标签响应信息来准确获取货物信息，从而提高仓储管理效率。
三菱电机株式会社,1,1,三菱电机株式会社在机器人领域主要研究接触交互轨迹规划技术，通过结合几何、动力学和摩擦性质模型，利用优化算法迭代确定控制命令和轨迹，以实现机器人与环境的高效、精确交互。
杭州国电大坝安全工程有限公司,1,1,杭州国电大坝安全工程有限公司专注于水下仿生机器人的研发，主要研究方向为具备多种功能如游动、蠕动、吸附、切割、抓取及拍摄的多段式柔性机器人。通过模仿生物结构和运动方式，实现复杂水下环境中的多功能作业。
浙江清华柔性电子技术研究院,1,1,浙江清华柔性电子技术研究院专注于刚软耦合机器人技术，通过结合刚性件和柔性件的优势，实现更强的移动能力和变形能力，弥补传统刚软耦合结构移动能力弱的问题。
引能仕株式会社,1,1,引能仕株式会社专注于开发具有特定玻璃化转变温度和熔点的马来酸酐接枝改性热塑性聚合物组合物，通过引入氢键性和共价键性交联部位来改善材料性能，适用于需要柔软性和弹性的应用领域。
杭州润扬演艺设备科技有限公司,1,1,杭州润扬演艺设备科技有限公司专注于大型机甲战士机器人的研发，通过简化机械结构和采用可靠的传动机构，实现高效的行走和动作控制，为演出行业提供创新的机甲战士解决方案。
金航数码科技有限责任公司,1,1,金航数码科技有限责任公司专注于基于Modelica语言的液压系统模型库构建方法，通过分层建模和真实试验数据，实现液压系统的高效仿真与应用，提高模型库的通用性和适用性。
深圳市第二人民医院(深圳市转化医学研究院),1,1,深圳市第二人民医院(深圳市转化医学研究院)的研究主攻方向是开发人类操作能力迁移系统与方法，通过将优秀个体的操作技能转化为机器人可执行的能力包，提升机器人在多场景下的个性化操作性能，实现高效稳定的人机协作。
长春工业大学,1,1,长春工业大学在机器人领域的研究主攻方向为基于张拉整体结构的可自锁穿戴足式结构，通过结合柔顺性和稳定性特点，实现支撑、踩压和锁定功能的一体化设计。
德国航空太空中心,1,1,德国航空太空中心在机器人领域主要研究运动学冗余机器人的控制方法，通过基于无源性的控制器模块和任务权重分配，实现多任务的高效执行。
江苏大学,1,1,江苏大学在机器人技术领域主要研究用户与机器人之间的跨媒体交互系统与方法，通过多模态信息的分类理解与表达，实现语音、图像等多类媒体信息的自主双向交互，解决互动模式单一和信息流断裂的问题。
湖北星纪魅族科技有限公司,1,1,湖北星纪魅族科技有限公司专注于基于超带宽技术的数字钥匙性能测试，通过自动化系统实现无感解闭锁功能的高效验证，提升测试准确度和效率。
阳光保险集团股份有限公司,1,1,阳光保险集团股份有限公司在机器人领域主要研究情绪识别技术，通过多模态数据融合和深度学习方法提高情绪识别的准确性。
英西图公司,1,1,英西图公司的研究主攻方向是地面交通工具在陌生地形中的自主导航技术，通过分析航空勘测数据生成加权地形地图，并基于车辆特性和任务需求规划最优路径。
东风商用车有限公司,1,1,东风商用车有限公司在机器人领域主要研究仿生机器人手臂系统，通过控制器随机调用运动轨迹信息，使机械臂的运动路径多样化，提高拟人化程度和试验数据准确性，解决传统固定路径无法真实还原人工测试的问题。
苏州英特雷真智能科技有限公司,1,1,苏州英特雷真智能科技有限公司专注于激光雷达的高精度标定技术，通过点云预处理和匹配算法优化2D与3D激光雷达间的位姿变换信息计算，提高标定速度及鲁棒性。
KYB 株式会社,1,1,KYB 株式会社在机器人领域主要研究模块化设计，特别是通过液压驱动技术实现连杆间的相对移动，以增强机器人的灵活性和功能性。
安徽菲尔慕材料有限公司,1,1,安徽菲尔慕材料有限公司专注于自修复柔性电子皮肤的研发，主要通过高分子聚合物和导电材料（如石墨烯、碳纳米管）的结合，实现具有高导电性和自修复功能的机器人电子皮肤。
南通振康机械有限公司,1,1,南通振康机械有限公司专注于开发超薄大中空轻量化减速机，通过优化结构设计和材料选择，实现小尺寸、轻量化、高转矩密度及低振动噪音的性能提升。
中国科学院软件研究所,1,1,中国科学院软件研究所在机器人领域主要研究基于循环迭代优化的姿态估计技术，通过构建循环迭代网络和利用LSTM模块提升姿态估计的精度和速度，适用于专业和大众化应用。
南通振康焊接机电有限公司,1,1,南通振康焊接机电有限公司专注于研发轻量化、高转矩密度的减速机技术，通过优化结构设计和材料选择，实现小尺寸、低振动噪音的高性能减速机，适用于对空间和重量有严格要求的应用场景。
延伸机器人技术有限公司,1,1,延伸机器人技术有限公司专注于开发远程操作机器人系统的技术，通过创建和可视化虚拟机器人模型来增强用户对机器人系统的控制能力，实现高效精准的远程操作。
长沙聚源智能科技有限公司,1,1,长沙聚源智能科技有限公司专注于开发基于通讯软件消息的舆情分析技术，特别是针对投资领域的关键词匹配与标签化处理。其核心技术在于通过预设词库对消息内容进行自动打标，并结合统计学方法提供全面且准确的消息表征和快速查询功能，适用于多领域和业务场景下的用户需求。
上海西派埃智能化系统有限公司,1,1,上海西派埃智能化系统有限公司专注于工控网中设备信息的自动采集技术，通过开发识别模型和适配协议实现对不同类别设备的有效数据收集，为工控系统的稳定运行及升级提供支持。
重庆长安科技有限责任公司,1,1,重庆长安科技有限责任公司在机器人领域主要研究方向为多驱动臂机器人的设计与控制方法，通过配置至少三个依次转动连接且相邻转动方向不同的驱动臂，实现机器人在不同方向上的灵活移动和更广泛的活动范围。
科沃斯家用机器人有限公司,1,1,科沃斯家用机器人有限公司专注于机器人行进控制技术，特别是在识别环境信息和动态调整路径方面。其研究主攻方向是通过实时感知周围环境，智能识别门体并重新规划过门路线，以提高机器人行进的灵活性和安全性。
上海工业自动化仪表研究院有限公司,1,1,上海工业自动化仪表研究院有限公司专注于工控网中设备信息的自动采集技术，通过开发识别模型和适配协议，实现对不同类别设备的高效、自动化数据收集与管理，为工控系统的稳定运行及优化升级提供技术支持。
太原科技大学,1,1,太原科技大学在机器人领域的研究主攻方向为商用机器人的自动更换电池技术，通过设计包含电池仓切换组件、伸缩组件和弹性开关的装置，实现高效、自动化的电池更换过程，提高商用机器人的工作效率。
哲晰公司,1,1,哲晰公司的研究主攻方向是通过迭代细化方法改进用于机器学习算法训练的经注释数据集，特别关注于识别和修正数据集中的注释错误及缺失注释，以提高数据质量和算法性能。
浙江菜鸟供应链管理有限公司,1,1,浙江菜鸟供应链管理有限公司主要研究方向为机器人路径规划技术，通过结合全局与局部路径规划方法，利用拓扑地图和实时环境信息，实现多机器人高效无冲突的动态调度。
潘佳义,1,1,潘佳义的研究主攻方向是跨模态机器人运动控制系统的开发，通过构建包含软件调度、硬件驱动和硬件执行三个层面的系统架构，实现多模态机器人运动模态的自动转换，强调系统的通用性、高效性和可靠性。
阿里巴巴达摩院(杭州)科技有限公司,1,1,阿里巴巴达摩院在机器人领域专注于音频处理技术，特别是通过结合目标对象的运动信息和姿态信息生成高精度的空间音频。该研究方向旨在提高空间音频中左右耳声道相位计算的准确性，增强用户对目标对象运动的感知体验。
李光辉,1,1,李光辉的研究主攻方向是开发轮式行走仿人形物料搬运机器人，通过模拟人体上半身功能的仿生机构和灵活稳定的轮式行走系统，实现环境观察、物体识别、物料搬运及工具操作等任务，适用于智能工厂和仓储物流等领域。
南京航空航天大学深圳研究院,1,1,南京航空航天大学深圳研究院专注于开发基于柔性元件的可变刚度球关节技术，通过创新设计如颗粒阻塞和波纹管状气囊，实现机器人关节刚度的灵活调节，以适应不同应用场景下的需求。
重庆工商大学,1,1,重庆工商大学在机器人领域主要研究仿生机器人的脊柱结构设计，专注于开发能够实现前后方向弯曲的低成本、高通用性脊柱总成，通过优化脊椎连接方式和驱动组件来提升仿生机器人的灵活性与实用性。
株式会社LG新能源,1,1,株式会社LG新能源专注于开发具有改进防水和防尘性能的电池模块及电池组，通过优化壳体结构设计，增强电池单元在恶劣环境下的防护能力。
张晓倪,1,1,张晓倪的研究主攻方向是开发高性能导电水凝胶，通过结合液态金属和双网络交联结构，实现高导电性、低弹性模量和超高拉伸性，并应用于健康监测系统和手势识别。
东莞日升质新能源科技有限公司,1,1,东莞日升质新能源科技有限公司专注于机器人自动换电池技术，通过设计包含输送轮、电机和气缸等组件的装置，实现电池组件的自动上料、定位及安装，提高机器人更换电池过程中的自动化程度与效率。
四川天链机器人股份有限公司,1,1,四川天链机器人股份有限公司专注于开发高自由度的机器人动作机构，特别是设计和实现能够执行复杂头部运动的五自由度联合动作系统，适用于需要精细控制和多方向调整的应用场景。
南京蔚蓝智能科技有限公司,1,1,南京蔚蓝智能科技有限公司专注于机器人视觉定位与导航技术，通过识别环境中的定位标签来实现机器人的精准位姿调整和目标点对接，具备低成本、高稳定性和鲁棒性的特点。
北京云迹科技股份有限公司,1,1,北京云迹科技股份有限公司专注于机器人充电桩技术领域，特别在防尘保护方面进行了创新。通过设计带有自动防尘装置的充电桩，有效防止灰尘沉积，延长设备使用寿命，同时确保充电过程的顺畅进行。
天津融渌众乐科技有限公司,1,1,天津融渌众乐科技有限公司专注于开发拉压控制式节点约束装置系统及张力控制系统，通过创新的机械结构设计，实现对弹性索张力变化的自动响应与控制，以优化能量储存和释放过程。
北京自由灵动科技有限公司,1,1,北京自由灵动科技有限公司专注于开发基于行星滚柱丝杠副的柔性直线机器人关节技术，通过集成化设计和嵌入线性异形弹簧提高关节的安全性和柔顺性，并利用角度编码器和位移传感器实现精准力控，从而降低整体成本。
苏州本尔灵科技有限公司,1,1,苏州本尔灵科技有限公司专注于弹性连接器的设计与优化，通过创新的峰部和支撑部结构设计，实现连接器刚度的可变性，以适应不同应用场景下的刚度需求。该技术在谐波减速器及力矩测量仪中具有重要应用。
西交利物浦大学,1,1,西交利物浦大学在机器人技术领域专注于开发具有高适应性和稳定性的机械腿和脚部结构，通过创新的多转轴设计和驱动机构实现脚部的灵活运动，以提高机器人在复杂环境下的行走能力和平衡稳定性。
西安麟锋机器人科技有限公司,1,1,西安麟锋机器人科技有限公司专注于精密螺纹滚珠丝杠技术的研发，致力于提高线性执行器的承载力和运行效率。通过优化螺杆、螺母及滚珠循环系统的设计，实现高效稳定的线性运动。
新加坡国立大学,1,1,新加坡国立大学在机器人领域的研究主攻方向为开发拟人机械手，通过差动组件和腱驱动机制实现手指和拇指的精细控制，以模拟人类手部的复杂运动。
威海启航信息技术有限公司,1,1,威海启航信息技术有限公司专注于可穿戴外骨骼手臂装备的研发，通过自适应尺寸调节、高精度运动传感系统和先进的非线性控制算法，实现对人体手臂力量和灵活性的增强及个性化运动控制。
北京联合伟世科技股份有限公司,1,1,北京联合伟世科技股份有限公司专注于高精度微型机器人关节伺服器的研发，通过集成减速器、编码器、驱动电机和控制电路的一体化设计，结合多传感器分布配置与集中数据处理技术，实现高功率密度、高角度控制精度及低成本的机器人关节。
人电(东莞)智能科技有限公司,1,1,人电(东莞)智能科技有限公司专注于线圈技术的研发，特别是具有高电磁转换效率和磁电转换效率的线圈设计。该线圈结构适用于多种应用场景，包括柔性电路板、电动机/发电机、天线装置、无线充电装置、磁悬浮装置及内置线圈的芯片。
四平市光华电子技术有限公司,1,1,四平市光华电子技术有限公司专注于开发适用于精密电路的金属图形制作方法及装置，通过创新的平面铸造工艺实现微型金属图形的近净成形，替代传统电铸等技术，并结合绝缘材料固化技术制备高精度、低成本且环保的精密电路板。
魏泽楷,1,1,魏泽楷的研究主攻方向是机械臂自重平衡技术，通过创新的发条弹簧和齿轮齿条结构设计，有效减轻机械臂因自身重量产生的转矩负担，从而降低驱动需求。该技术广泛适用于多种工业及工程领域的机械臂系统，尤其在车载吊车和人形机器人中具有显著的应用潜力。
X趋势人工智能公司,1,1,X趋势人工智能公司专注于智能机器人的模块化设计，通过开发具有智能连接器的基座和功能模块，实现机器人组件间的高效通信与灵活配置，以支持多样化的应用场景和功能扩展。
常州坤维传感科技有限公司,1,1,常州坤维传感科技有限公司专注于机器人用力传感器的制造技术，特别是通过改进硅应变片与弹性体之间的粘接工艺，采用气动点胶、高温固化及超声波焊接等方法，实现小型化且高精度力传感器的生产。
华曼诺特智能科技(山东)有限公司,1,1,华曼诺特智能科技(山东)有限公司专注于仿生机器人技术领域，特别是开发紧凑、灵活的仿生肌肉装置。通过创新设计如仿生肌肉小节、柔性动力线及自锁机构等组件，旨在提升仿生肌肉装置的整体性能，解决现有技术中存在的复杂性高、尺寸大和灵活性差的问题。
山东交通学院,1,1,山东交通学院在机器人领域的研究主攻方向为基于点激光旋转测量技术的齿轮全齿面检测方法及装置，通过固定位姿的激光传感器和多自由度运动平台实现高精度、全面的齿轮齿面三维评价。
中电万维信息技术有限责任公司,1,1,中电万维信息技术有限责任公司专注于人工智能领域的智能语言处理技术，特别在改进算法以生成具有特定效应（如TUVE效应）的语句方面有显著研究，通过优化算法提高生成语句的相关性和特定词语的包含概率。
宿州赛尔沃德物联网科技有限公司,1,1,宿州赛尔沃德物联网科技有限公司专注于开发用于拳击竞技的机器人平台，通过人机交互装置和随动机器人实现非接触式对抗，旨在提高比赛的安全性和娱乐性，同时支持远程对战。
奥的斯电梯公司,1,1,奥的斯电梯公司的研究主攻方向集中在利用机器人技术提高电梯系统的安全性和应急响应能力，特别是在紧急情况下通过机器人与电梯系统交互来执行救援任务。
TGW 物流科技有限公司,1,1,TGW 物流科技有限公司专注于仓储和分拣系统的优化，特别是在货物装载过程中通过仿真和分析装载型式来提高效率。其核心技术在于利用装载特性和参数进行智能装载规划，以实现最佳的装载方案并指导实际操作。
中科复欣智能技术(成都)有限公司,1,1,中科复欣智能技术(成都)有限公司专注于自主机器人的决策算法研究，特别是任务行为与观察行为的发散式决策方法。通过分离感知和执行功能，实现任务与观察行为间的灵活交互和协同工作，提升机器人自主性和适应性。
西安超越申泰信息科技有限公司,1,1,西安超越申泰信息科技有限公司专注于基于注意力机制的人类性格模拟技术，通过分析图片素材并利用深度学习模型进行特征提取和训练，实现对人类性格的高精度模拟与预测。该技术旨在增强机器人或虚拟人物的性格表现力，使其更加拟人化。
松下电器(美国)知识产权公司,1,1,松下电器(美国)知识产权公司在无人驾驶车辆领域专注于开发基于数字证书的通行判断技术，通过验证和利用车辆持有的数字证书来决定不同用途和服务类型的无人驾驶车辆在共享路径上的优先通行权，以提高交通效率和安全性。
宋大勇,1,1,宋大勇的研究主攻方向是理发机械手及其相关技术，包括无人值守作业、人工智能驱动的发型设计与数控代码生成以及用户发型选择功能。该研究旨在通过自动化和智能化手段替代传统理发师的手工作业，提高理发行业的效率和服务质量。
细美事有限公司,1,1,细美事有限公司专注于开发智能行驶设备及其控制方法，主要研究方向为通过标记输出与图像识别技术实现对行驶路径的风险因素检测，以提高行驶安全性和自主导航能力。
普锐医疗有限公司,1,1,普锐医疗有限公司专注于开发用于远程控制机器人器械的装置和方法，特别是在受约束环境中通过逆向运动学算法实现末端执行器对被动控制器的高精度跟踪。该技术旨在优化关节参数以最小化跟踪误差，提高机器人操作的准确性和可靠性。
成都普崔克机电有限公司,1,1,成都普崔克机电有限公司专注于软体机器人变刚度技术，通过控制柔性颗粒袋内的硬质颗粒物和气体的相互作用，结合内部燃烧装置、电磁阀及传感器等组件，实现移动平台在碰撞时减少摇晃并防止倾倒。
苏州雳泊动力科技有限公司,1,1,苏州雳泊动力科技有限公司专注于研发外转子电液旋转作动器，通过集成摆动液压缸、电机、柱塞泵和阀块，实现紧凑结构和精准控制。其技术重点在于优化工作腔室设计和全封闭液压回路，以提高输出扭矩和位置控制的精确度，同时增强系统的节能性和安全性。
深圳市闪至科技有限公司,1,1,深圳市闪至科技有限公司专注于开发基于语义信息的室内环境探测与地图构建技术，通过优化可移动平台如机器人在未知区域的导航策略，提高其自主探索和环境理解能力，从而增强整体探测效率。
卡昂国立高等工程师学院,1,1,卡昂国立高等工程师学院在机器人领域的研究主攻方向为自主系统的管理和控制技术，特别是通过构建和执行动作策略来实现特定活动目标的方法。该技术涉及识别目标、生成并执行动作序列以及反馈完成状态，以优化自主系统的任务处理能力。
苏州冷石传动科技有限公司,1,1,苏州冷石传动科技有限公司专注于研发具有高传动精度和低成本的滑动活齿减速器，通过引入均载结构和榫卯结构优化内部组件布局与连接方式，提升整体性能。
诺曼第卡昂大学,1,1,诺曼第卡昂大学在机器人领域的研究主攻方向是自主系统的动作策略管理，通过构建和执行基于层次结构的动作策略来实现特定的活动目标，并在完成后提供状态反馈。
国家科学研究中心,1,1,国家科学研究中心专注于开发自主系统的高级管理技术，特别是通过构建和执行基于层次化动作策略的方法来实现特定活动目标。研究强调了对自主系统行为的有效规划与控制，以及任务完成后状态信息的反馈机制。
鹏瞰集成电路(杭州)有限公司,1,1,鹏瞰集成电路(杭州)有限公司专注于改进型无源光网络技术，特别是在极端环境下的高吞吐量、低延迟和强可靠性的环拓扑网络系统及其运作方法。
清华大学天津高端装备研究院,1,1,清华大学天津高端装备研究院在机器人路径规划领域，专注于改进RRT算法，通过引入基于角度的高斯分布模型优化偏置函数，提高路径规划效率，使机器人能够有效避开障碍物并快速接近目标点。
海佩里恩外科股份有限公司,1,1,海佩里恩外科股份有限公司专注于开发用于血管通路的机器人系统，通过集成可移动推车、多关节机器人手臂和精密操纵装置，实现针、导管和导丝的自动化精准插入，提高血管介入手术的安全性和准确性。
山东省科学院海洋仪器仪表研究所,1,1,山东省科学院海洋仪器仪表研究所专注于水下机器人的路径规划控制技术，通过改进的引力场函数和障碍检测函数优化A*搜索算法，提高路径规划效率和成功率，适用于复杂水下环境中的自主导航。
河海大学苏州研究院,1,1,河海大学苏州研究院在机器人领域专注于气动人工肌肉的研发，通过创新设计实现肌肉的伸展和收缩功能，并能够调节肌肉刚度，为机器人提供更加灵活和可控的动力源。
广东极亚精机科技有限公司,1,1,广东极亚精机科技有限公司专注于机器人领域的传动装置和减速机技术，通过将电机组件与减速机一体化设计，取消传统输出轴结构，实现设备的小型化、成本降低及经济效益提升。
迈阿密大学,1,1,迈阿密大学在机器人领域的研究主要集中在开发用于医疗血管通路的自动化系统，特别是通过集成可移动推车、多关节机器人手臂和精密操纵装置，实现针、导管和导丝的精准定位与操作，以提高血管介入手术的安全性和准确性。
安徽共创工业机器人创新中心有限公司,1,1,安徽共创工业机器人创新中心有限公司专注于基于自然语言编程的机器人代码生成系统，通过云端数据库和大模型引擎提供技术问题解答、代码编辑与仿真调试等功能，旨在加速机器人编程过程并减少错误。
沈阳航天新光集团有限公司,1,1,沈阳航天新光集团有限公司专注于四足仿生机器人的腿关节装置设计，通过优化髋、膝、踝关节的驱动和传动结构，提升机器人运动性能并降低生产成本。其核心技术在于采用伺服电机直接驱动和曲柄滑块传动机构，以简化结构、便于维修，并提高关节运动效率。
株式会社力森诺科硬盘,1,1,株式会社力森诺科硬盘专注于开发用于半导体制造过程中的基板装卸机器人技术，特别是利用形状记忆合金线状部件实现精确且安全的基板搬运与定位，以防止在装卸过程中对基板及其他关键组件造成损害。
吴雷强,1,1,吴雷强的研究主攻方向为机器人仿生嘴的活动控制技术，通过电动滑轨和挤压板等机械结构，结合音频信号驱动，实现对仿生嘴形状的精确调节与控制。
摩宾公司,1,1,摩宾公司在机器人领域专注于开发可调节长度的轮子基座技术，通过集成锁定单元和处理器实现自动化长度调整与故障检测，提高机器人移动平台的灵活性和可靠性。
湖北龙腾红旗电缆(集团)有限公司,1,1,湖北龙腾红旗电缆(集团)有限公司专注于深水电缆密封插接技术，通过引入高性能仿生结构设计，提升深水电缆连接装置的受力均匀性和密封性能。
温州大学新材料与产业技术研究院,1,1,温州大学新材料与产业技术研究院专注于开发耐低温、可拉伸且高灵敏度的水凝胶摩擦纳米发电机。通过特定化学交联方法制备的A-PAA/KOH/KB水凝胶材料，能够在低温环境下保持良好的电性能和信号传输能力，适用于人机交互系统中的运动检测和信号传输。
方振木,1,1,方振木的研究主攻方向为腿足式行走机构及其运动控制方法，专注于开发适用于崎岖路面的运输机器人。通过结合地面图像识别和机身腿部协调移动技术，实现结构简单、负重能力强且续航时间长的运输解决方案。
北京空间飞行器总体设计部,1,1,北京空间飞行器总体设计部专注于蛇形机械臂的设计与优化，特别是在多臂段联动及异臂段耦合技术方面。通过创新的驱动绳组件和联动绳组件设计，实现大角度转动和自然解耦，提高机械臂的灵活性和可控性。
上海固顺耐智能科技有限公司,1,1,上海固顺耐智能科技有限公司专注于利用机器人技术进行高精度玻璃罐加工，通过结合3D建模、路径规划及PLC控制实现自动化生产，提高加工精度与效率，并能实时调整以适应不同规格的玻璃罐加工需求。
成都理工大学,1,1,成都理工大学在机器人领域专注于开发具有多维力感知能力的仿生机器人关节结构，通过集成独立的力传感器和角度传感器于紧凑的关节设计中，实现对关节受力情况及运动状态的精确监测，增强机器人的环境适应性和动作灵活性。
广州高擎机电科技有限公司,1,1,广州高擎机电科技有限公司专注于人形机器人领域的差速传动装置研发，通过优化齿轮输出件和支撑单元的设计，减少额外结构部件，实现体积缩小、重量减轻及能源消耗降低。其技术核心在于提升机器人关节的灵活性与工作效率，支持快速执行精细动作。
浙江航大科技开发有限公司,1,1,浙江航大科技开发有限公司专注于基于大语言模型的机器人智慧体技术，通过构建包含感知、记忆、执行和逻辑层的系统架构，实现高效自动化控制及在新场景和任务中的泛化能力。
上海钧工智能技术有限公司,1,1,上海钧工智能技术有限公司专注于智能机器人灵巧手的研发，通过集成力传感器与控制器实现基于力反馈的精准抓取。其技术核心在于提高机器人手部的灵活性和适应性，使其能够执行精细操作如拧螺丝、剪切以及安全处理危险物品等任务。
浙江双兔新材料有限公司,1,1,浙江双兔新材料有限公司专注于利用先进的路径规划技术优化卷绕机的落筒作业流程，通过构建路网拓扑结构并结合双源脉冲耦合神经网络算法，实现高效、智能的落筒路径规划。
合肥易为智能科技有限公司,1,1,合肥易为智能科技有限公司专注于开发基于人工智能的人形护理机器人避障技术，通过Petri网优化路径配置，并结合动态窗口方法与偶极场模型实现高效避障，确保机器人在复杂环境中安全移动。
浙江恒逸石化有限公司,1,1,浙江恒逸石化有限公司在机器人领域主要研究方向为基于双源脉冲耦合神经网络的路径规划技术，专注于优化卷绕机间的落筒路径，通过构建路网拓扑结构和神经元模型实现高效路径计算。
佐兰·奥布拉多维奇,1,1,佐兰·奥布拉多维奇的研究主攻方向是基于地理空间的本地投资网络技术，通过用户界面和地理空间地图服务器实现众筹项目的地理位置标记、信息展示及个性化机会匹配。
金大智能创新科技(河北)有限公司,1,1,金大智能创新科技(河北)有限公司专注于开发功能多样、互动性强的智能家庭移动服务机器人，通过集成行走机构与多自由度头部驱动系统，实现机器人的灵活移动及头部多样化动作，增强人机交互体验。
苏州航凯微电子技术有限公司,1,1,苏州航凯微电子技术有限公司专注于六维力传感器的自动化标定系统，通过集成多层加载电缸和伺服电机控制的标定平台，提高标定效率、准确性和安全性，同时降低人力成本。
王楚娥,1,1,王楚娥的研究主攻方向是开发低噪音、轻量化且节能环保的机器人，特别是在关节设计上通过创新的弹性囊和气动系统实现高效可控的运动机制，增强机器人的耐用性和安全性。
格兰司视力科技有限责任公司,1,1,格兰司视力科技有限责任公司专注于通过无源指示设备和视觉跟踪技术实现对机器人的直观编程。其核心技术在于利用基准标记与机载相机的交互，使操作者能够通过演示方式精确设置机器人工具的位置和姿态，从而提高编程效率和精度。
北京智同精密传动科技有限责任公司,1,1,北京智同精密传动科技有限责任公司专注于高承载、紧凑型摆线减速机的研发，通过创新设计如采用交叉滚子轴承替代传统角接触球轴承以及优化偏心轮部结构，显著提升减速机的承载力和支撑力，同时减小了整体结构空间，适用于协作机器人等多工况应用。
玖章(北京)科技有限公司,1,1,玖章(北京)科技有限公司专注于机器人电驱动关节的创新设计，通过优化电机总成和减速器总成的集成布局，采用PCB定子替代传统铜线圈，显著减小了电机体积、重量及轴向尺寸，提升了机器人的动力传输效率和整体性能。
思灵智能机器人科技(昆山)有限公司,1,1,思灵智能机器人科技(昆山)有限公司专注于开发高精度自动装配技术，通过采用浮动装置与夹持机构相结合的方式，实现对零部件的灵活、精准定位与组装，适用于需要高度自动化和精确定位的制造场景。
深圳市睿研智能控制有限公司,1,1,深圳市睿研智能控制有限公司专注于中空磁编码器的数据融合技术，通过多传感器信息整合与校准算法提高角度测量精度和可靠性。
北京石头世纪科技股份有限公司,1,1,北京石头世纪科技股份有限公司专注于机器人领域的测距技术，特别是通过结合多传感装置来提高距离测量的准确性。其核心技术在于利用不同传感器采集的信息进行交叉验证和修正，以适应不同材质表面的目标对象，从而实现更精准的环境感知与导航功能。
李子毅,1,1,李子毅的研究主攻方向为分布式机器人控制系统，特别是在主控制单元与子控制单元之间实现有线和无线连接的切换技术，以提高系统的可靠性和灵活性。该系统通过多个子控制单元分别控制不同的驱动单元，从而实现对机器人各活动部件的有效驱动。
北京智同精密传动科技股份有限公司,1,1,北京智同精密传动科技股份有限公司专注于摆线减速机电机一体化设计，通过优化轴承、偏心部结构及摆线部的运动方式，提高整体承载力并减小空间占用，实现高效紧凑的传动系统。
北京萌友智能科技有限公司,1,1,北京萌友智能科技有限公司专注于开发具有仿生肌肉的机器人，通过在机器人本体的不同区域应用柔性记忆伸缩性材料与弹性面料构成的复合材料，提升机器人的柔韧性和触感，增强其在情感交互中的动作精细度和全身肌肉模拟效果。
温州理工学院,1,1,温州理工学院在农业机器人领域专注于开发多功能一体化的自动化种植设备，通过集成开沟、施肥、灌溉、播种及覆土等关键作业模块于同一平台，实现高效、高质量且低成本的农作物种植过程。
慈溪市爱迪威滚塑设备科技有限公司,1,1,慈溪市爱迪威滚塑设备科技有限公司专注于高分子复合材料的制备技术，特别是通过化学改性手段提高短切碳纤维在聚醚醚酮基体中的分散性和界面结合力，以增强复合材料的力学性能。
东北大学佛山研究生创新学院,1,1,东北大学佛山研究生创新学院专注于基于离散扩散模型的文本条件人体动作生成技术，通过结合3D关键点数据集和文本特征向量，实现从自然语言描述到人体动作序列的自动转换。
浙江熠盛科技有限公司,1,1,浙江熠盛科技有限公司专注于开发高性能聚合物复合材料，特别是通过改良短切碳纤维与聚醚醚酮（PEEK）的结合，提升复合材料的界面性能和力学性能。其核心技术在于利用酰胺化反应将羧基化碳纤维与氨基化聚芳醚酮结合，形成具有高分散性和增强效果的复合填料。
太保科技有限公司,1,1,太保科技有限公司专注于智能体决策增强技术，通过构建包含目标任务指令、状态及相应任务动作的决策知识库，指导智能体在执行任务时做出更优决策，提升其任务执行效率与灵活性。
中电科机器人有限公司,1,1,中电科机器人有限公司专注于双臂机器人的智能抓取技术，特别是在基于视觉识别和点云处理的箱体侧向抓取方面。通过结合二维码位姿检测与机械臂姿态调整，实现对倾斜箱体的快速准确抓取，提升抓取成功率。
跃科智能制造(无锡)有限公司,1,1,跃科智能制造(无锡)有限公司专注于开发远程任务处理技术，通过利用预先训练的语言模型分析工作环境和任务进度，自动生成高效的任务解决方案，以减少人工成本并提高远程操作的自动化水平。
平安理财有限责任公司,1,1,平安理财有限责任公司的研究主攻方向是结合通用大模型与研报知识库，通过精准匹配问题文本和研报内容，提高金融研报问答的准确性和可靠性。
成都赛力斯科技有限公司,1,1,成都赛力斯科技有限公司专注于辅助驾驶技术领域，主要研究方向为基于目标车辆的规划任务进行智能驾驶控制，通过精确计算目标区域、规划速度及转弯角度来实现对当前车辆的有效操控，从而提高车辆在复杂场景下的行驶安全性和规划准确性。
重庆赛力斯凤凰智创科技有限公司,1,1,重庆赛力斯凤凰智创科技有限公司专注于智能驾驶领域的点云数据处理技术，通过优化雷达采集的点云数据处理方法，减少模型推理的数据量，提高计算效率和实时性，从而增强智能驾驶系统的安全性和响应速度。
杭州青心创新科技有限公司,1,1,杭州青心创新科技有限公司专注于研发具有高自由度和紧凑结构的仿人机器人，通过优化头颈部、机械臂及下肢的关键关节设计，提升机器人的灵活性与稳定性。
深圳三火电子科技有限公司,1,1,深圳三火电子科技有限公司专注于研发高性能铆接式永磁制动器，通过优化磁路设计和多点铆接工艺，实现小体积、大吸力、低发热功率和低转动惯量，特别适用于伺服电机及人形机器人关节。
云南先导新材料有限公司,1,1,云南先导新材料有限公司专注于研发高性能滑环电刷用银铜合金丝，通过优化合金成分和引入石墨烯包覆铜粉，显著提升材料的导电性、耐磨性、弹性和屈服强度，确保在极端条件下的信号传输稳定性和长寿命。
深圳开鸿数字产业发展有限公司,1,1,深圳开鸿数字产业发展有限公司专注于农业自动化领域的充电站管理系统，通过设备互联与监控、充电管理和自动驾驶技术，实现电动农具的高效充电和移动充电站的自主导航，提高电动农具使用的便捷性和安全性。
实东科技(深圳)有限公司,1,1,实东科技(深圳)有限公司专注于开发基于人工智能的网络销售信息综合处理系统，通过整合和分析互联网上的店铺经营问题及营销数据，为操作员提供优化的营销方案和产品售卖策略，旨在提高销售信息获取效率并减轻创业压力。
无锡宇华精机有限公司,1,1,无锡宇华精机有限公司专注于开发适用于大长径比薄壁零件内表面高精度车削的机床技术，通过创新的Z轴进给组件、Y轴调节组件及液压夹具设计，实现对工件的快速定位与夹紧，并保证车刀在高速加工过程中的刚性和稳定性。
哈尔滨工业大学重庆研究院,1,1,哈尔滨工业大学重庆研究院主要研究方向为仿生双足机器人的可变刚度缓冲结构，通过设计缓冲弹性件、肌腱和转向支撑组件，提高机器人在复杂地形中的抗冲击性能和适应能力。
荆门市探梦科技有限公司,1,1,荆门市探梦科技有限公司专注于研发高比能电驱胶囊技术，该技术结合双电层电容、致动腔和电解液腔，实现机械能与电能的高效转换。通过控制电解液在腔体间的流动，既能提供动力输出，又能将外界机械做功转化为电能存储。
广东电网有限责任公司河源供电局,1,1,广东电网有限责任公司河源供电局的研究主攻方向为开发用于电力作业的双臂机器人，特别是在狭小空间内通过视觉引导和精确控制实现绝缘杆的安全传送，以提高带电作业的便捷性和安全性。
江苏开璇智能科技有限公司,1,1,江苏开璇智能科技有限公司专注于服务类机器人的高集成度谐波减速模组研发，通过优化轴向空间布局和集成驱控一体件与制动件，实现紧凑结构、高扭矩输出及精准控制。
应急管理部沈阳消防研究所,1,1,应急管理部沈阳消防研究所专注于研发高效、准确的全景图像拼接技术，特别是在弱光环境下的图像增强和色温矫正。通过多线程控制、图像矫正、关键点匹配、投影变换及多频段融合等方法，实现高质量的全景图像生成与展示，提升图像观感和实用性。
山东浪潮科学研究院有限公司,1,1,山东浪潮科学研究院有限公司专注于利用大型语言模型（LLM）和非声学传感器数据改进聊天机器人的交互性能，通过生成自然语言描述和控制虚拟角色的表情、声音及手势，增强用户体验和情感共鸣。
马尔凯西尼集团股份公司,1,1,马尔凯西尼集团股份公司的研究主攻方向为产品包装的序列化和追踪技术，特别是在自动化包装过程中通过多级输送装置实现对产品包装组及其容器的有效管理和标识。
深圳潮向创意展示有限公司,1,1,深圳潮向创意展示有限公司专注于开发智能化展馆讲解系统，通过整合多模态输入与输出技术，提供包括语音和多媒体在内的多样化讲解内容，并实现精准同步控制及个性化服务，以提升参观者的体验和信息获取效率。
广州煌牌自动设备有限公司,1,1,广州煌牌自动设备有限公司专注于机器人下肢机械结构的设计与优化，通过多电机组件驱动实现高灵活性和轻量化关节连接，提升机器人整体姿态调整能力和运动性能。
马克斯·普朗克科学促进学会,1,1,马克斯·普朗克科学促进学会在机器人领域专注于开发具有多层结构的柔性设备，核心是利用尼龙纤维作为芯材，结合嵌入树脂中的氧化石墨烯和磁性粒子形成活性鞘，并以弹性材料为保护层，旨在提高设备的环境适应性和功能性。
上海交通大学宁波人工智能研究院,1,1,上海交通大学宁波人工智能研究院专注于基于大模型的语义理解和智能问答技术，通过训练大语言模型实现高效的数据分块和精准的问答检索，提高私有数据召回和问题回答的准确度。
苏州寒开智能科技有限公司,1,1,苏州寒开智能科技有限公司专注于机械臂用非晶合金弹性元件的成型技术，通过优化非晶合金熔体的超塑性成型工艺，提高弹性元件的质量和生产效率。
浙江东阳东磁稀土有限公司,1,1,浙江东阳东磁稀土有限公司专注于开发高性能烧结钕铁硼永磁材料，通过添加低成本稀土元素Ce和Y，并结合非晶界扩散双合金技术引入低熔点元素，实现高磁能积和矫顽力的磁体制备，同时降低成本并提高剩磁温度系数。
宁波蓝源人形机器人有限公司,1,1,宁波蓝源人形机器人有限公司专注于数据安全防护技术，特别是基于互联网的数据传输加密和安全防护系统。通过动态调整验证标准、用户行为分析和风险评估，实现对数据传输的有效监控和风险管理，提升整体安全性。
李云忠,1,1,李云忠的研究主攻方向是开发适用于机器人尤其是人形机器人的高精度、抗震性能强的滑动型随动开关，以优化现有电子开关元器件在体积和稳定性方面的不足。
南兴装备股份有限公司,1,1,南兴装备股份有限公司专注于板式家具加工生产线的自动化与智能化技术，特别是在平式分拣架的堆垛方法上，通过优化算法提高存储空间利用率和生产效率。
湖州职业技术学院,1,1,湖州职业技术学院在机器人领域主要研究基于压电驱动技术的手部关节设计，通过压电旋转电机和压电直线电机实现高精度、快速响应的手部动作控制。该技术利用压电陶瓷激发振动产生摩擦力，从而驱动手部转动和手指关节的直线运动，实现紧凑且高效的机器人手部结构。
山东大学日照研究院,1,1,山东大学日照研究院在机器人领域专注于变胞机器人的研发，通过设计多形态切换机制，使机器人能够适应复杂多变的应用场景，特别是在行走方式的灵活转换上具有显著创新。
上海伟矩科技有限公司,1,1,上海伟矩科技有限公司专注于滚动磁阻电机的设计与优化，特别是在多磁钢转子结构和高效传动组件布局方面进行创新，以提高电机性能和稳定性。
浙江树人学院,1,1,浙江树人学院在机器人技术领域主要研究基于模型预测控制（MPC）的双足机器人站立平衡控制方法，通过优化支撑力与力矩分配，提高机器人的平衡精度和稳定性，增强系统的安全性和可靠性。
安徽图塔机器人有限公司,1,1,安徽图塔机器人有限公司专注于工业机器人设备技术领域，特别是仿真机器人作业角度检测与纠偏系统。通过设计特定的检测装置和算法补偿，实现机器人手部角度偏差的精确测量与校准，提高机器人的工作效率和运维周期。
广东智动时代科技有限公司,1,1,广东智动时代科技有限公司专注于开发基于AI的陆空两用微型机器人及其控制系统，通过集成行走、飞行和智能控制技术，实现机器人在地面和空中环境中的灵活切换与自主运动。
浙江捷牛智能装备有限公司,1,1,浙江捷牛智能装备有限公司专注于开发高功率密度的直线位移装置，通过集成高效的减速单元和反转式行星滚柱丝杠，实现微小体积、高负载、高精度和高功率密度的直线传动技术。
深圳无芯科技有限公司,1,1,深圳无芯科技有限公司专注于开发先进的触感部件和仿生结构，通过集成感应片、传感器及控制器实现对触摸信号、姿态变化和加速度的综合感知与反馈。其技术特别适用于曲面安装，旨在提高仿生设备的外观仿真度和信号采集全面性。
吉林工程技术师范学院,1,1,吉林工程技术师范学院在柔性传感器技术领域开展研究，重点开发可识别方向的仿指纹高灵敏度柔性传感器。通过电容式压力传感器阵列和CPU检测材料表面纹理信息及作用力大小与方向，利用条形气隙提高绝缘性和灵敏度，延长使用寿命，并增强传感器的变形和压力响应。该研究为恢复残障人士感知能力和人形机器人仿人类触觉感受器提供新方向。
上海钊晟传感技术有限公司,1,1,上海钊晟传感技术有限公司专注于基于数字光栅投影的三维位姿检测技术，通过多色编码图案和结构光三角测量原理，实现灵巧手各手指的三维位置及姿态信息的精确获取与融合，提升灵巧手的灵活性与稳定性。
迈锐博(上海)机器人有限公司,1,1,迈锐博(上海)机器人有限公司专注于开发具备高度自由度和多功能性的轮足机器人，该机器人结合了立体视觉、精确扭矩传感器和可伸缩躯干等技术，能够在多种模式下执行任务，并适应复杂环境。其研究主攻方向为实现高效人机协作与高负载操作的通用人工智能载体。
广州富士汽车整线集成有限公司,1,1,广州富士汽车整线集成有限公司专注于汽车加工工作站的视觉系统及其相关方法，通过图像处理和特征提取技术实现对涂胶过程的精准控制与补胶操作，以提高涂胶质量和效率。
苏州威达智科技股份有限公司,1,1,苏州威达智科技股份有限公司专注于机械手故障恢复技术，特别在快速找回基准点的方法上有所创新。通过设计特定的校正装置，利用定位针与滑套配合实现高效、简便的基准点校正，显著降低维护成本。
奥特尔实验室有限责任公司,1,1,奥特尔实验室有限责任公司专注于开发卷曲致动器纤维的制造技术，通过加捻和缠绕纤维在特定芯上形成卷曲结构，并移除芯的部分以生成具有可控变形能力的致动器纤维。该技术利用可溶解或物理移除的牺牲部分来实现精确控制，适用于机器人及其他需要柔性驱动的应用领域。
广东电网有限责任公司东莞供电局,1,1,广东电网有限责任公司东莞供电局主要研究方向为利用信息采集机器人和智能控制技术，实现变电站故障信息的高效、精准采集与诊断，提升电力系统的安全性和运维效率。
四川锦蔚消防科技有限公司,1,1,四川锦蔚消防科技有限公司专注于基于AI的联动响应与控制系统，通过集成数据采集、分析、识别和决策模块，实现对环境数据的全面实时监测与处理，以提高火灾预警的准确性和响应速度，并利用执行终端机器人进行快速有效的现场控制。
山东省科学院自动化研究所,1,1,山东省科学院自动化研究所专注于基于深度强化学习的机器人控制技术，特别是在移动目标抓取与跟踪方面。通过构建仿真环境和改进奖励函数规则，实现机器人在动态环境中的高效抓取与跟踪能力。
湖大粤港澳大湾区创新研究院(广州增城),1,1,湖大粤港澳大湾区创新研究院(广州增城)主要研究方向为厨房机器人技术，特别是通过图像识别、深度学习和动作捕捉技术实现烹饪设备的自主学习与技能复现，以满足多样化的烹饪需求。
合肥维信诺科技有限公司,1,1,合肥维信诺科技有限公司专注于可拉伸显示技术，通过设计弹性支撑条和间隔设置的像素岛，结合弯曲的可拉伸走线，实现高像素密度与可靠性的兼顾，适用于柔性显示装置。
赵晗宇,1,1,赵晗宇的研究主攻方向是智能遛狗机器人技术，专注于通过集成控制器、移动驱动单元、防侧翻和防拖拽机制以及远程交流功能，实现自动化遛狗并保障宠物安全与主人互动。
比奥尼特实验室有限责任公司,1,1,比奥尼特实验室有限责任公司专注于开发欠驱动机器人手技术，通过使用锥齿轮差动级和单一马达实现多根手指的协同运动，提高机器人手的灵活性和效率。
浙江贝托传动科技有限公司,1,1,浙江贝托传动科技有限公司专注于机器人关节用波减速器的研发，特别在提高减速器润滑性能方面有显著创新。通过优化润滑机构设计，有效降低了因缺润滑油导致的磨损和内部温度升高问题，提升了减速器的工作效率和使用寿命。
湖南化工职业技术学院,1,1,湖南化工职业技术学院在农业机器人技术领域专注于开发高效的种植辅助设备，特别是通过创新的开沟器设计来优化土壤处理过程，旨在提高农业作业效率和质量。
安徽聚晨星科技有限公司,1,1,安徽聚晨星科技有限公司专注于研发高功率密度、高扭矩密度的机器人关节执行器，采用双定子永磁电机和行星减速机构，结合高效散热设计和快速响应控制技术，提升机器人关节性能。
杭州影身智能技术有限公司,1,1,杭州影身智能技术有限公司专注于机器人手臂连接装置和末端执行机构的创新设计，通过引入伸缩输出件与锁定组件相结合的技术方案，实现无需在末端执行机构中设置独立动力源，从而提高机器人的可靠性和工作效率。
清瑞博源智能科技河北有限责任公司,1,1,清瑞博源智能科技河北有限责任公司专注于开发具有被动侧摆功能的灵巧手技术，通过创新的机械结构设计实现手指的灵活侧摆运动，减少对电机的依赖，从而简化灵巧手的结构、降低成本并降低能耗。
上海太博智创科技有限公司,1,1,上海太博智创科技有限公司专注于开发高效的控制系统及控制方法，通过系统级芯片集成多核处理器，并利用虚拟化技术实现各业务功能的隔离与优化执行。该技术方向旨在提高系统的灵活性、安全性和资源利用率。
新乡航空工业(集团)有限公司,1,1,新乡航空工业(集团)有限公司专注于自动化装配技术领域，特别是膜片组件的高效精准装配与测量。通过集成多轴运动机构、视觉系统及伺服控制等技术，实现从涂胶到铆接全过程的自动化操作，提升生产效率与产品质量。
重庆机电职业技术大学,1,1,重庆机电职业技术大学在机器人领域主要研究轮腿机器人的模块化快换装置，通过电动控制实现行走腿的快速更换，支持多种行走模式，简化了机器人的组装和维修过程。
浙江极氪智能科技有限公司,1,1,浙江极氪智能科技有限公司专注于车载空调的智能化控制技术，通过车载摄像头采集人脸图像并确定目标坐标，利用预存的映射关系调整空调出风口方向，实现精准送风。
北京集度科技有限公司,1,1,北京集度科技有限公司专注于智能设备的移动控制技术，特别是通过结合云端下发的行为描述信息和紧急控制指令来实现设备的自主导航与远程制动。该技术利用环境感知数据，旨在提高设备在复杂环境中的运行能力和安全性。
重庆硕途智能装备有限公司,1,1,重庆硕途智能装备有限公司专注于轮腿机器人的模块化设计与快速更换技术，通过电动控制的快换结构实现行走腿的便捷更换，支持多种行走模式如轮式、履带式和爬楼式，简化了机器人的组装与维修过程。
四川莘锐电气技术有限公司,1,1,四川莘锐电气技术有限公司专注于空心杯直流伺服电机的力矩输出稳定控制技术，通过动态数据分析和精细化分区段调控，提高力矩输出稳定性并降低调控工作量。
天津三环乐喜新材料有限公司,1,1,天津三环乐喜新材料有限公司专注于钕铁硼永磁体的改进与创新，通过在永磁体表面涂覆含有有机硅氧烷和特定纳米颗粒的双抗膜层，显著提升其防腐抗菌性能，同时保持优异的磁性能和环保特性。
速感科技(南京)有限公司,1,1,速感科技(南京)有限公司专注于基于WiFi信道状态分析的情绪感知技术，通过移动设备处理信号并结合人体呼吸模式来识别情绪，采用多信道对比分析提高抗干扰性能，并通过数据库更新机制和隐私安全机制提升系统准确度和用户数据保护。
天津万柔科技有限公司,1,1,天津万柔科技有限公司专注于触觉传感技术，通过结合钕铁硼磁性结构和电阻测量电路，实现对外部作用力的精确检测与定位。其核心技术在于利用传感器的电阻变化来识别受力区域，并计算出作用力大小，适用于需要高精度触觉反馈的应用场景。
湖南盛鼎科技发展有限责任公司,1,1,湖南盛鼎科技发展有限责任公司专注于农业双足机器人的研发，主要研究方向为通过优化模型预测控制算法和姿态规划技术，提高机器人在复杂农业生产环境中的运动控制能力和效率。
合肥井松智能科技股份有限公司,1,1,合肥井松智能科技股份有限公司专注于研发具有高度灵活性和稳定性的货运机器人，通过创新的机械结构设计，如可调节角度的支撑臂和多轮移动系统，实现高效、精准的货物搬运与运输。
北京中科三环高技术股份有限公司,1,1,北京中科三环高技术股份有限公司专注于钕铁硼永磁体的改进，通过在表面添加含有有机硅氧烷和特定纳米颗粒的双抗膜层，提升其防腐抗菌性能，同时保持良好的磁性和环保特性。
肇庆学院,1,1,肇庆学院在机器人领域主要研究基于ROS的伸缩结构机器人系统，通过结合STM32单片机和计算机视觉技术，实现低成本、易开发且功能多样的物品抓取解决方案，适用于居家、医疗和商业等多种应用场景。
苏州指尖智擎科技有限公司,1,1,苏州指尖智擎科技有限公司专注于开发紧凑型高扭矩密度电机驱动总成，特别适用于机器人手。其核心技术在于通过轴向磁通电机与创新的传动装置设计，实现低减速比和高效能的动力传输，显著提升机器人手的操作精度与灵活性。
运得动力(深圳)有限公司,1,1,运得动力(深圳)有限公司专注于小型化关节模组的研发，特别针对人形机器人手腕部活动关节。通过优化编码器组件布局和结构设计，实现模组的小型化和简化，提高空间利用率和整体性能。
谢泉廷,1,1,谢泉廷的研究主攻方向为紧凑型高扭矩密度电机驱动总成及其在机器人手的应用，通过优化轴向磁通电机与创新的传动结构设计实现低减速比和高效动力传输。
周晓汀,1,1,周晓汀的研究主攻方向是提高摆线针轮行星传动装置的扭矩密度，通过优化支承盘和传力柱的设计来实现传动装置的小型化。
连云港斯克斯机器人科技有限公司,1,1,连云港斯克斯机器人科技有限公司专注于精密丝杠技术领域，特别是分体式楔形接触行星滚柱丝杠副的设计与优化。其研究主攻方向在于提高丝杠副的承载能力、传动效率和可靠性，同时降低加工工艺复杂度、成本及装配难度。
天目山实验室,1,1,天目山实验室专注于机器人智能感知领域的研究，特别是在基于数字空间密度网格的多传感融合技术上，通过构建人和机器人的数字孪生模型及开发人体部位识别算法，实现高精度的人机距离估计，以提升人机交互的安全性。
朱振旗,1,1,朱振旗的研究主攻方向为机械腕关节及机械臂的设计与优化，专注于开发结构紧凑、内部中空且具备可逆向驱动功能的机械关节，以提高人机交互的安全性和仿真性能。
上海晨鸟信息科技有限公司,1,1,上海晨鸟信息科技有限公司专注于开发基于人智融合的业务营运模拟系统，通过结合用户行为数据、物联网数据及多种智能体交互数据，利用游戏引擎技术实现对业务运营的真实模拟与推演。
李涵之,1,1,李涵之的研究主攻方向是基于人智融合的业务营运模拟系统，通过整合人机交互、物联网数据、拟人智能体和拟物智能体等多源信息，利用游戏引擎技术对业务进行高仿真的模拟和推演。
数皓信息技术(武汉)有限公司,1,1,数皓信息技术(武汉)有限公司专注于利用图对比增强和多关系网络技术进行高价值专利的自动识别，通过构建复杂的异构关系网络并结合图注意力机制和BERT预训练模型，实现对专利文本的深度分析与评估。
北京拓运晖扬科技有限公司,1,1,北京拓运晖扬科技有限公司专注于石墨烯磁性复合材料的研发，特别是具有自修复性、导电性和磁性的石墨烯导电磁性材料及其制备方法。这些材料旨在解决电子皮肤材料功能单一和灵敏度低的问题，适用于多样化应用需求。
南京苏美达智能技术有限公司,1,1,南京苏美达智能技术有限公司专注于智能割草机的自动化诊断技术，通过集成信号检测与控制模块，实现对割草机运行状态的实时监测和故障诊断，从而提高检测效率并降低人工成本。
江苏海之隅智慧科技有限公司,1,1,江苏海之隅智慧科技有限公司专注于智能导航技术，特别是在低置信度与特征相似环境下的导航避障方法。其核心技术包括多模态传感器数据处理、生成对抗网络图像增强、变换器架构的数据融合、深度神经网络的障碍物检测及基于深度强化学习和MPC模型的动态路径规划，广泛应用于工业自动化和智能交通领域。
无论科技(安徽)有限公司,1,1,无论科技(安徽)有限公司专注于机器人面部表情的虚拟仿真技术，通过结合生成对抗网络和虚拟仿真引擎，实现对面部电机控制下的表情精确模拟与优化，旨在提升机器人表情的真实度和自然度，减少物理模型训练的不稳定性及额外调整工作。
甘肃旭碳新材料有限公司,1,1,甘肃旭碳新材料有限公司专注于石墨烯磁性复合材料的研发，通过创新的制备方法将石墨烯与磁性材料结合，形成具有自修复性、导电性和磁性的多功能材料，以解决电子皮肤材料功能单一和灵敏度低的问题。
宁波均普人工智能与人形机器人研究院有限公司,1,1,宁波均普人工智能与人形机器人研究院有限公司专注于具身智能机器人的控制技术，通过优化任务规划阶段中对环境工具的利用，提高机器人执行复杂交互指令的能力，解决因未能有效使用现有工具而导致的任务规划难题。
天津交通职业学院,1,1,天津交通职业学院在机器人在线教学领域，专注于利用人工智能技术如K-means聚类、决策树算法及LSTM与注意力机制融合的课程推荐模型，结合自然语言处理、知识图谱和多模态行为评估方法，实现个性化课程推荐与实时答疑，以提升教学效果并适应学生个体差异。
重庆精刚传动科技有限公司,1,1,重庆精刚传动科技有限公司专注于精密减速器领域，特别是活齿减速器技术。其代表性技术为满滚子复波活齿减速器，通过无侧隙排布的滚动体活齿结构，提高传动效率并减少摩擦损耗，实现紧凑高效的传动系统。
李茂国,1,1,李茂国的研究主攻方向为仿生机器人关节设计，特别是利用步进电机、腱绳和十字轴万向节实现的高自由度运动控制技术。
朱泉国,1,1,朱泉国的研究主攻方向为仿生机器人关节设计，特别是利用步进电机、腱绳和十字轴万向节实现的高自由度运动控制技术。
途见科技(北京)有限公司,1,1,途见科技(北京)有限公司专注于开发高精度触感系统的仿人灵巧手及机器人，通过在仿手掌和手指结构上铺设可拉伸、可弯曲的压力传感器阵列，实现对目标物的精准感知与抓取。
赫克斯冈技术中心,1,1,赫克斯冈技术中心专注于开发具有多支臂的坐标测量系统，通过集成探测元件和联接接口，实现对工件上对象点空间坐标的高精度测量。该系统能够基于感测区域的实际姿态、探测数据及联接姿态变化数据，提供准确的对象点坐标信息。
孙永伟,1,1,孙永伟的研究主攻方向为仿生机器人关节设计，特别是利用步进电机、腱绳和十字轴万向节实现的高自由度运动控制技术。
统一标识代码注册管理中心有限公司,1,1,该企业专注于基于对象统一标识的人工智能交互技术，通过唯一标识和验证机制确保安全有效的通信连接，构建可靠的人工智能与真实世界的交互体系。
歌尔股份有限公司,1,1,歌尔股份有限公司在机器人控制技术领域专注于提升机器人的拟人化行走效果，通过利用基于人类运动轨迹训练的预测模型生成参考运动轨迹，并结合实时空间状态调整控制输入，实现更加自然和流畅的机器人行走。
浙江银轮新能源热管理系统有限公司,1,1,浙江银轮新能源热管理系统有限公司专注于开发基于多孔水凝胶的高效散热技术，特别针对无框电机设计了一种集成化、高导热率的散热方案。该技术利用水凝胶和石墨烯导热带实现紧贴热源的毛细结构，以提高电机的散热性能。
刘易歌,1,1,刘易歌的研究主攻方向是基于重心压力场的多模态交互控制技术，通过实时采集和处理足底压力数据，实现对机器人底盘移动和虚拟角色位移的自然、直观、高效控制，并具备动态补偿功能以维持操作者的平衡。该技术解决了现有遥控操作复杂和VR交互眩晕感强等问题。
普天物流技术有限公司,1,1,普天物流技术有限公司专注于卸货机器人远程监控系统的研发，通过5G多通道技术和智能调度算法优化数据采集、压缩、传输及存储过程，实现高效的数据管理和实时监控，提高卸货机器人的运行效率和故障诊断能力。
云南大学,1,1,云南大学在机器人领域的研究主攻方向是基于几何与语义信息融合的场景感知与重建技术，通过视频全景分割、视觉里程计和场景渲染模块的递归交互，实现精细的3D场景理解和逼真场景合成，适用于多种现实应用场景。
山东凯欧电机科技有限公司,1,1,山东凯欧电机科技有限公司专注于机器人微型电机端盖的高效打孔技术，通过创新的自动扣压和居中固定装置，简化了端盖的定位与固定过程，提高了钻孔精度和生产效率。
浙江西密克轴承股份有限公司,1,1,浙江西密克轴承股份有限公司专注于谐波减速器轴承技术的研发，主要解决渗油漏油和密封失效问题，通过优化保持架设计和采用双列滚针结构，提高轴承的刚度、抗弯性能及密封效果，同时降低启动扭矩，实现节能和电机稳定运行。
枢途科技(深圳)有限公司,1,1,枢途科技(深圳)有限公司专注于电动快换技术的研发，通过优化公盘与母盘的连接结构及定位方式，提高电动快换装置在径向负载下的稳定性和可靠性。
黄冈职业技术学院,1,1,黄冈职业技术学院在机器人领域的研究主攻方向为开发适用于多种管径的可变径履带式管道清淤机器人，通过轴对称三履带结构和集成的巡检、清淤功能，提高管道维护的灵活性和效率。
广东海纳医疗科技有限公司,1,1,广东海纳医疗科技有限公司专注于智能送药机器人的研发，通过集成导航装置和传感器技术实现药品的精准配送。其核心技术在于提高药品输送过程中的智能化水平与效率，并通过多层次分类及实时监控机制确保药品分发的准确性，有效避免了药品错送的风险。
北理工郑州智能科技研究院,1,1,北理工郑州智能科技研究院专注于利用三维高斯泼溅和深度学习技术提高室内机器人导航的精度和效率，通过构建包含几何、纹理及外观信息的三维场景并进行语义分割，实现精准且实时更新的语义导航。
深圳广成创新技术有限公司,1,1,深圳广成创新技术有限公司专注于三维扫描技术，特别是在DLP三色投影系统中的应用。通过优化二值编码图案的分配和使用带通滤光片减少通道串扰，实现了高速、高精度和高分辨率的彩色三维扫描，显著提升了动态三维扫描性能。
浙江万里学院,1,1,浙江万里学院的研究主攻方向是基于多模态识别的数字孪生系统，通过集成多模态信息采集、处理和融合分析，实现智能学习和自适应控制，为智慧农业、智能制造、虚拟人及人形机器人等领域提供高效、准确的解决方案。
宁波大学科学技术学院,1,1,宁波大学科学技术学院的研究主攻方向是基于多模态识别的数字孪生系统，通过集成多种信息采集和处理技术，实现智能学习、自适应控制和高精度操作，应用于智慧农业、智能制造、虚拟人及人形机器人等领域。
湖南伊米森科技有限公司,1,1,湖南伊米森科技有限公司专注于研发适用于机器人灵巧手的高性能微特直流无刷空心杯电机，通过优化电机结构和材料设计，在低电压和高转速条件下实现高扭矩输出，直接驱动机器人手指关节，提升灵巧手的操作精度和灵活性。
张玮琦,1,1,张玮琦的研究主攻方向是基于开源硬件的多形态变形机器人，特别关注于STEM教育领域。其技术重点在于通过总线舵机等组件实现从人形到车形再到无人机的多种形态转换，旨在提高教学趣味性和技术复杂度，同时降低采购成本。
宁波沃德信息科技发展有限公司,1,1,宁波沃德信息科技发展有限公司专注于基于多模态识别的数字孪生系统，通过集成多种模态信息采集、处理和融合分析，实现智能学习和自适应控制，为智慧农业、智能制造、虚拟人及人形机器人等领域提供高效精准的解决方案。
中国科学院理化技术研究所,1,1,中国科学院理化技术研究所专注于液态金属传感器的研发，该传感器能够实现多轴压力检测，具有广泛的压力适用范围、高线性度、低成本和低制造难度的特点。研究方向集中在利用柔性基体密封的多层金属线圈结构来提高传感器性能。
湛江市源点科技有限公司,1,1,湛江市源点科技有限公司专注于直线执行器的研发，主要技术方向为通过优化丝杠螺母组件与导向组件的配合，实现高效、精确的直线运动控制。其设计重点在于旋转限制机制，以确保在电机驱动下，丝杠转动能够平稳地转化为推杆的直线运动。
台州椒星传动设备有限公司,1,1,台州椒星传动设备有限公司专注于开发适用于机器人关节的紧凑型减速器，通过优化齿轮和轴承布局实现结构紧凑化，满足机器人小型化及轻量化需求。
苏州新羽吉精密机械有限公司,1,1,苏州新羽吉精密机械有限公司专注于工业机器人关键部件用复合材料轴体的制造工艺，通过表面处理、基体树脂改性和先进工艺优化，提高碳纤维复合材料的界面结合力、力学性能和生产效率。
重庆恒博机械制造有限公司,1,1,重庆恒博机械制造有限公司专注于立式螺纹磨床的设计与改进，主要研究方向为优化磨削机构布局及进给系统，通过提升设备的结构合理性、操作便捷性和加工精度来增强生产效率。
温州医科大学,1,1,温州医科大学在医疗机器人领域专注于智能导诊技术，通过整合多模态操作记录和科室属性数据，进行特征融合与历史分诊数据比对，构建分诊冲突系数以实现精准导诊，提升患者就诊体验。
智平方(深圳)科技股份有限公司,1,1,智平方(深圳)科技股份有限公司专注于开发具有折叠升降机构的双臂轮式仿人型智能机器人，通过多段可折叠设计实现高度紧凑的收纳状态，显著减少机器人的初始和缩回高度，优化空间利用。
智平方具身科技(深圳)有限公司,1,1,智平方具身科技(深圳)有限公司专注于开发具有高效空间利用特性的双臂轮式仿人型智能机器人，通过创新的多段折叠升降机构设计，实现机器人在非工作状态下的高度压缩，从而显著减少其收纳所需的空间。
广州零号软件科技有限公司,1,1,广州零号软件科技有限公司专注于研发具有固定与可扩展支腿数的双模态移动机器人支撑保护系统，通过智能决策引擎和模块化设计，实现快速切换和成本优化，适用于家庭、医院、物流等多场景应用。
邹全林,1,1,邹全林的研究主攻方向是结合行星减速器和谐波减速器原理的高效QL减速器设计，通过简化结构、提高传动效率并降低加工成本，实现大载荷运行和广泛应用。
云南兆讯科技有限责任公司,1,1,云南兆讯科技有限责任公司专注于基于电场强度检测的变电站设备健康状态监测技术，通过多源数据融合与智能诊断方法，利用巡检机器人和深度学习算法实现设备故障风险的实时评估与自动告警，提升变电站运维效率和安全性。
上海华建工程建设咨询有限公司,1,1,上海华建工程建设咨询有限公司专注于开发具有高通过性的智能机器人，主要研究方向为利用视觉图像分析技术指导机械臂与机械手完成复杂环境下的自主操作任务，如电梯按键压按和房门开启，并结合自主行走功能实现多楼层或多房间间的无障碍通行。
山东金睿达稀土新材料有限公司,1,1,山东金睿达稀土新材料有限公司专注于钕铁硼磁性材料的多极径向充磁产品制备技术，通过优化工艺步骤和参数控制，提高材料利用率并实现多极充磁量产，推动高端应用领域的发展。
叶翔,1,1,叶翔的研究主攻方向是智能机器人的自主导航与操作技术，特别是在复杂环境下的高通过性，包括自主识别和操作电梯按键、开启房门以及在多楼层和多个房间之间的自主通行。
苏州博田自动化技术有限公司,1,1,苏州博田自动化技术有限公司专注于开发双臂采摘机器人系统及控制方法，采用人形多自由度机械臂和先进的传感器技术，实现高效精准的果实采摘作业。
南阳农业职业学院,1,1,南阳农业职业学院的研究主攻方向是基于机器视觉的智能采摘技术，通过图像识别和属性分析优化采摘路径与顺序，提升采摘机器人的智能化水平。
西安英利科电气科技有限公司,1,1,西安英利科电气科技有限公司专注于细观结构均匀预制体的制造方法，通过将碳纤维束剪切、打散并压制形成性能一致的预制体，适用于受力方向变化的轻量化高强度零件。
北京电磁心科医疗科技有限公司,1,1,北京电磁心科医疗科技有限公司专注于开发心室辅助循环装置及其控制方法，通过设计与心室外表面特定区域形状贴合的外壳，并利用驱动装置周期性地施加外部作用力，促使外壳收缩以挤压心室腔，从而有效推动血液循环。
中科南京软件技术研究院,1,1,中科南京软件技术研究院专注于利用Kolmogorov-Arnold网络结合扩散模型生成机器人平滑轨迹的方法与系统，通过模块化融入策略网络提升机器人运动控制的性能和适应性。
山河智芯(深圳)科技有限公司,1,1,山河智芯(深圳)科技有限公司专注于分布式多轴控制系统的研发，通过中央控制器与伺服单元集群的协同工作，实现高效、低耦合的多轴协同控制，提升系统处理能力和响应速度，适用于复杂实时任务和多任务处理需求。
瑞典爱立信有限公司,1,1,瑞典爱立信有限公司在机器人领域的研究主攻方向是通过无线通信技术实现对机器人群的高效控制，利用向量场图和偏转场来指导和调整群成员的运动路径与行为模式。
武汉科技大学,1,1,武汉科技大学在机器人领域主要研究基于视觉识别的物料搬运方法及系统，通过目标分割、多算法识别和路径规划提升搬运机器人的识别精度和工作效率。
深圳市悦田精密科技有限公司,1,1,深圳市悦田精密科技有限公司专注于复杂地形移动设备的研发，主要技术方向为设计具有多组可伸缩支撑组件的移动装置，通过这些组件与移动平台的滑动连接，实现越障时保持平台平稳及平行于地面，增强设备在各种环境下的稳定性和载重能力。
有研工程技术研究院有限公司,1,1,有研工程技术研究院有限公司专注于开发高性能镁合金材料，特别是通过调控Ca和Al元素的比例来提高Mg-Al系镁合金的弹性模量、刚度及耐热性，适用于对轻量化、刚度和尺寸稳定性要求较高的应用场景。
深圳市大科电机有限公司,1,1,深圳市大科电机有限公司专注于开发辅助步行助力传动组件，通过创新的伺服电机和密封活塞设计，实现脚掌骨的前后摆动，并有效减少扬尘和涉水对电机的影响，提升机器人在复杂环境中的稳定性和耐用性。
广州华旻信息科技有限公司,1,1,广州华旻信息科技有限公司专注于具智人造物的账户管理技术，通过结合DNA双链理念和区块链技术，实现账户的唯一性、安全性和高效管理。其核心技术包括基于智能合约的角色和权限精细化管理，以及在区块链和非区块链系统中共存的账户信息管理方案。
苏州艾菲亚科技有限公司,1,1,苏州艾菲亚科技有限公司专注于利用深度视觉模型和优化算法进行动作重建，通过构建运动学和动力学损失函数，实现视频中人物动作的高精度仿真。
株式会社虹之机器,1,1,株式会社虹之机器专注于多腿机器人的着地点确定技术，通过感知干扰、计算动力学状态和地形分析，动态调整着地点以避开障碍区域，提高机器人在复杂环境中的行走稳定性和适应性。
南京工艺装备制造股份有限公司,1,1,南京工艺装备制造股份有限公司专注于研发高承载与紧凑设计的滚珠丝杠副，通过创新的螺母反置式结构和优化的滚道及回流通道设计，提高机械传动效率和稳定性。
上海优复博智能科技有限公司,1,1,上海优复博智能科技有限公司专注于基于多红外相机定位的机械臂示教技术，通过在机械臂和示教枪上设置反光标志物并结合多红外相机系统，实现高精度、灵活且直观的机械臂示教方法，有效解决遮挡问题并提升深度精度。
宁波韵升电驱动技术有限公司,1,1,宁波韵升电驱动技术有限公司专注于谐波减速器的创新设计，特别是将刚轮与输出端轴承一体化的技术。这种设计简化了结构，减小了尺寸和重量，提高了扭矩密度，拓宽了应用领域。
东莞市万富鑫智能装备有限公司,1,1,东莞市万富鑫智能装备有限公司专注于滚针丝杠技术的研发，通过优化螺旋槽设计和滚针排列，提高丝杠的承载力和传动效率。
苏州纳磐新材料科技有限公司,1,1,苏州纳磐新材料科技有限公司专注于开发高耐磨聚苯硫醚材料，通过添加石墨烯负载树脂、增强体、润滑剂、抗氧化剂和耐磨剂等成分，提升材料的耐磨性能并保持其耐高温、耐腐蚀特性，同时降低成本。该技术旨在替代高成本材料如聚醚醚酮，适用于高磨损场景，具有广泛的应用前景。
上海华电奉贤热电有限公司,1,1,上海华电奉贤热电有限公司专注于电力储能模块的温度检测与控制技术，通过红外图像识别和多方式测温，结合灵活调整采集点位置，实现对储能模块温度的精准监测和异常预警，提升检测准确性。
盱眙县公安局,1,1,盱眙县公安局的研究主攻方向为基于车载设备的离线导航技术，通过动态路径规划和实时交通流量分析，实现对信号灯的智能控制，以提高出警效率和安全性。
天奇自动化工程股份有限公司,1,1,天奇自动化工程股份有限公司专注于智能机器人控制技术领域，特别是通过视觉定位、动态跟踪与多轴协同控制技术，实现高精度螺丝装配系统的研发。该系统结合3D相机、机械臂和自动供料系统，旨在提高螺丝装配的精准度和效率。
南京蓝泰交通设施有限责任公司,1,1,南京蓝泰交通设施有限责任公司专注于智能交通系统的研发，特别是在离线导航技术和实时交通管理方面。其核心技术包括通过车载设备动态调整路径选择和信号灯控制，以提高出警效率和道路安全性。
上海蓝泰交通设施有限公司,1,1,上海蓝泰交通设施有限公司专注于智能交通系统的研发，特别是在离线导航技术和实时交通管理方面。其核心技术在于通过车载设备动态调整路径选择和信号灯控制，以提高出警效率和道路安全性。
南京南大电子智慧型服务机器人研究院有限公司,1,1,南京南大电子智慧型服务机器人研究院有限公司专注于开发适用于网点等公共场所的智能服务机器人，其核心技术在于增强机器人的环境适应性和功能性，如通过集成吸尘机构实现地面清洁功能，从而提高服务效率并减少人工维护需求。
郑州轻工业大学,1,1,郑州轻工业大学在机器人领域主要研究方向为变阻抗驱动器的设计与优化，通过创新的机械结构如杠杆、滑块和伸缩弹簧等实现对驱动器阻抗特性的动态调节，以达到简化结构、提高响应速度的目的。
温岭市大翰弘知智能科技有限公司,1,1,温岭市大翰弘知智能科技有限公司专注于机器人领域的仿人灵巧手设计，主要研究方向为开发具有独立安装和拆卸功能的手指及拇指结构，采用外置动力组件，并利用伺服电机或步进电机实现手指的精确控制与稳定保持。
广东智源绿连科技有限公司,1,1,广东智源绿连科技有限公司专注于开发便于组装的防水连接器，通过优化内部结构设计，利用硅胶圈和硅胶套实现快速组装、快速连接及高效防水密封。
唐强,1,1,唐强的研究主攻方向为医用室内巡检机器人的安全性评价技术，通过建立多指标权重模型和隶属度矩阵，实现对机器人安全性能的全面量化评估。
将泰智能科技(苏州)有限公司,1,1,将泰智能科技(苏州)有限公司专注于基于视觉感知的机械手高精度压力估计技术，通过深度学习网络和双通道特征增强模块，实现对机械手操作过程中压力的精准估计，提升机械手在复杂任务中的操作精度与安全性。
山东万维传动科技有限公司,1,1,山东万维传动科技有限公司专注于机器人减速器领域，特别是行星摆线齿轮减速器的设计与优化。其核心技术在于通过调整变位系数和齿高来消除干涉，并采用创新的装配方式提高减速器的整体性能和稳定性。
成都锦城学院,1,1,成都锦城学院在机器人领域主要研究方向为开发多自由度连接装置，通过设计灵活的关节结构，增强机器人的活动范围和灵活性，以适应更广泛的应用场景。
北京达佳互联信息技术有限公司,1,1,北京达佳互联信息技术有限公司专注于开发智能内容获取技术，特别是在应用程序中通过虚拟人物与用户互动来提高内容推荐的效率和精准度，以实现更快速、智能化的内容适应用户需求。
南方工业技术研究院(深圳),1,1,南方工业技术研究院(深圳)专注于开发适用于高湿度及水下环境的柔性压力传感器材料，特别是抗湿聚离子弹性体。该材料通过特定单体和交联剂制备，具备稳定的电学与机械性能，广泛应用于医疗健康监测、水下传感与通信、软体机器人等领域。
智慧纺织机械研发有限公司,1,1,智慧纺织机械研发有限公司专注于开发用于织物处理的双机器人操纵器系统，通过配备具有抽吸端口的卷起末端执行器和集成力与视觉传感器，实现对织物的精准抓取、卷起及姿态调整，适用于高效自动化纺织品加工。
南京大全电气有限公司,1,1,南京大全电气有限公司专注于电气设备自动化控制技术，特别是通过图像识别和数据分析来优化双臂机器人的操作精度与效率，以实现对物品处理过程中的稳定性和准确性提升。
河北雅之文智能科技有限公司,1,1,河北雅之文智能科技有限公司专注于开发可调节的测试装置，特别是涉及一种具有多级踏板单元的测试台阶。该装置通过滑动配合设计实现踏板单元之间的相对移动，以适应不同测试需求和空间限制。
明臻智慧科技(北京)有限责任公司,1,1,明臻智慧科技(北京)有限责任公司专注于利用VR交互技术进行新能源汽车高压电气系统的教学与培训，通过构建高精度3D模型、动态电路仿真及手势识别等手段，提供安全且直观的学习体验，并结合AI评估模型生成个性化学习报告。
大连东软信息学院,1,1,大连东软信息学院在机器人领域的研究主攻方向为基于RFID技术和传感器的自动化管汇组态编排方法，通过智能化手段实现井场管汇系统的自动绘制与实时状态监测，提高管理效率。
深圳华中科技大学研究院,1,1,深圳华中科技大学研究院在机器人领域主要研究磁电式柔性触觉传感器，通过金字塔阵列结构的磁弹性体和预训练卷积神经网络处理磁场信号，提高传感器灵敏度并直接获取触觉信息。
男孩动力(杭州)科技有限公司,1,1,该企业专注于开发灵巧手的动作生成技术，通过图像分析和力学模型的结合，实现对物品的精准抓取与操作，优化手指自由度分配以生成高效的手部动作模式。
山东若河智能科技有限公司,1,1,山东若河智能科技有限公司专注于机器人髋关节技术，通过直线驱动装置实现关节的灵活运动，具备大驱动力和负载能力，能够高频精准控制，响应速度快，适用于复杂动作执行，并具有良好的散热性能，适合长时间工作。
郑州大学,1,1,郑州大学在机器人领域专注于基于触觉交互的孤独症儿童情绪感知技术，通过构建个性化情绪识别模型，利用人形陪伴机器人与儿童互动中的触觉数据进行情绪分类，结合多特征提取和聚合预测方法提高情绪识别准确性。
江苏特贝尔精密机械科技有限公司,1,1,江苏特贝尔精密机械科技有限公司专注于开发用于加工行星滚柱丝杠滚柱螺纹的全自动数控磨床，通过集成夹取、磨削、检测和自动化控制技术，提高行星滚柱的加工效率和精度。
陕西工业职业技术学院,1,1,陕西工业职业技术学院在机器人领域专注于多维力传感器技术，特别是宽频域六维力传感器的设计与应用。研究重点在于通过复合测量分支和解耦结构提高传感器的频率响应范围和测量精度。
深圳市星裳尔电子商务有限公司,1,1,深圳市星裳尔电子商务有限公司专注于开发高性能复合材料及其在微型电机中的应用，特别是以陶瓷纤维、碳墨硅纤维(Seek)及聚氮碳硅为基体的耐高温轻量化复合材料。通过创新的合成与集成技术，实现无铁芯微型电机的制造。
北京华大九天科技股份有限公司,1,1,北京华大九天科技股份有限公司专注于芯片和面板的建模、仿真及验证技术，特别是在实时自动生成多层级模型方面具有创新性研究，能够根据用户需求自动生成特定类型和精度的模型，提高建模质量和仿真速度。
国瑞科创稀土功能材料(赣州)有限公司,1,1,国瑞科创稀土功能材料(赣州)有限公司专注于R-Fe-B系永磁材料的研发，通过采用双主相体系和晶界相R-Ga-M合金，实现不添加重稀土元素Dy、Tb的情况下提高内禀矫顽力，促进磁体致密化。
睿尔曼智能科技(江苏)有限公司,1,1,睿尔曼智能科技专注于机械臂控制技术，特别是在机械臂边界限制方法及系统方面，通过实时监测和调整关节运动参数，实现机械臂超出边界时的降速及位置保持功能，提高系统的安全性和可靠性。
海卓布罗克有限公司,1,1,海卓布罗克有限公司专注于开发用于机床上的工件夹持装置，特别关注通过可移动夹持销和支撑组件实现高效、精确的工件定位与固定技术。
重庆沃尔夫化工有限公司,1,1,重庆沃尔夫化工有限公司专注于研发用于高压连接器的高性能电磁屏蔽材料。其核心技术在于通过结合高磁导率的镍金属和高磁损耗的石墨，以及利用不锈钢纤维的高导电性和机械性能，制备出在宽频段内具有优异屏蔽效能的PPS复合材料。
苏州优利金新材料有限公司,1,1,苏州优利金新材料有限公司专注于高性能PEEK复合材料的研发，特别是在机器人骨架中的应用。通过添加自制的相容剂，改善了PEEK与碳纤维的界面相容性，提升了材料的强度和弯曲疲劳性能。
引望智能技术有限公司,1,1,引望智能技术有限公司专注于提升探测装置的探测性能，通过调节探测器的工作电压来优化光电探测效率（PDE），特别是在处理杂散光干扰方面具有显著的技术优势。
智慧式有限公司,1,1,智慧式有限公司专注于开发无人可移动自动烹饪机器人及系统，通过多模块协同和数据驱动优化，实现精准火候控制、安全保障、自动驾驶和智能食材管理，提供高效便捷的烹饪服务。
江苏省纺织产品质量监督检验研究院,1,1,江苏省纺织产品质量监督检验研究院在惯性导航和姿态估计技术领域进行研究，专注于基于双环控制的姿态传感器高频输出方法及系统，通过数据融合算法提高陀螺仪精度和九轴姿态传感器的输出频率。
河北医科大学第四医院(河北省肿瘤医院),1,1,河北医科大学第四医院主要研究方向为基于多模态数据的消化道数据库建立技术，通过跨模态注意力机制、时空语义融合模型及因果关系增强方法进行特征提取与增强，并利用联邦学习和区块链技术实现数据的安全共享与高效补全。
湖北海之澜新材料科技有限公司,1,1,湖北海之澜新材料科技有限公司专注于开发适用于AI智能仿真机器人的硅橡胶材料及其制备方法，通过优化配方和工艺，使硅橡胶具有更低的硬度、更柔软顺滑的触感，以及优异的柔韧性、延展性和耐高低温性能，以更好地模拟人体皮肤。
辽宁石油化工大学,1,1,辽宁石油化工大学在机器人控制领域专注于基于TD3算法的自适应策略迁移技术，通过构建动力学参数插值模型和分阶段进化优化，实现不同任务间的高效、鲁棒策略迁移，提高强化学习在跨域应用中的稳定性和效率。
八维通科技有限公司,1,1,八维通科技有限公司专注于几何引擎中曲面模型的高效生成技术，通过计算曲线簇在目标视角下的投影交点并生成插值曲面，结合预设拟合系数优化曲面模型的构建过程，提升模型生成效率。
九江明阳电路科技有限公司,1,1,九江明阳电路科技有限公司专注于空心杯电机技术领域，特别是柔性绕组的设计与制造。通过优化绕组结构和材料使用，提高铜利用率，降低成本，并改善磁场分布，减少噪声和振动，从而提升电机的整体性能和效率。
深圳明阳电路科技股份有限公司,1,1,深圳明阳电路科技股份有限公司专注于空心杯电机技术领域，特别是柔性绕组的设计与制造。其核心技术在于通过优化柔性绕组结构，减少铜耗，提高铜利用率，并改善绕组线宽、线距均匀性，从而优化磁场分布，降低噪声和振动，提升电机输出效率。
郑州磨料磨具磨削研究所有限公司,1,1,该企业专注于金刚石滚轮的设计与制造，特别是针对摆线齿轮展成加工的高效连续磨削技术。通过优化滚轮廓形和采用低熔合金层结合金刚石镀层，实现对摆线齿轮的高效率、高质量加工。
北京精华耀邦医药科技有限公司,1,1,北京精华耀邦医药科技有限公司的研究主攻方向为开发高效、安全、环保的油电混合汽车动力系统，特别关注肼及其他多种液体燃料的应用及其相关子系统的集成与优化。
上海科世达-华阳汽车电器有限公司,1,1,上海科世达-华阳汽车电器有限公司专注于旋转运动驱动器领域的技术创新，特别是在转角-扭矩执行器的设计上，通过引入扭转弹性件和多级齿轮组配合传感器技术，实现了对转角、转速、加速度及扭矩等参数的高精度监测与控制。
西安瑟福能源科技有限公司,1,1,西安瑟福能源科技有限公司专注于锂电池负极浆料均匀性的测量技术，通过扫描电镜背散射电子成像方法和图像分析软件，精确表征掺硅石墨负极中硅材料的分布情况，提升锂离子电池性能。
无锡灵掌机器人科技有限公司,1,1,无锡灵掌机器人科技有限公司专注于基于肌电信号的机器人灵巧手控制系统，通过高质量肌电信号采集、预处理及神经网络模型识别动作指令，并结合实时监测与反馈优化执行效果，提升机器人灵巧手的控制精度和响应能力。
武汉飞恩微电子股份有限公司,1,1,武汉飞恩微电子股份有限公司专注于机器人足底传感器组件的研发，集成了力传感器、距离传感器和惯性测量单元，通过综合感知技术实现对机器人足底状态的精确测量与控制。
包头钢铁(集团)有限责任公司,1,1,包头钢铁(集团)有限责任公司专注于无取向硅钢微观织构试样的高效制备方法，通过优化样品处理步骤和腐蚀条件，提高织构演变规律的研究效率。
科世达(上海)机电有限公司,1,1,科世达(上海)机电有限公司专注于旋转运动驱动器领域的技术创新，特别是通过集成扭转弹性件与多级齿轮组的转角-扭矩执行器设计，结合高精度传感器技术实现对转角、转速、加速度及扭矩等关键参数的精确监测与控制。
厦门晨曦芯光半导体有限公司,1,1,厦门晨曦芯光半导体有限公司专注于全息和空间探测技术，主要研究方向为开发具备被动感光与深度感光功能的图像传感器及相机系统。通过创新的深度函数构造方法和叠层调制技术，实现高精度三维空间信息采集与重建，适用于手持设备等智能化系统的全息感知应用。
上海光未远科技有限公司,1,1,上海光未远科技有限公司专注于基于多模态检测的机器人寻物技术，通过结合RGB和深度图像以及语音交互，实现对目标物体的高效识别与定位。该技术简化了用户操作流程，提升了机器人在复杂环境下的物品搜索能力。
立昇汽车科技(广州)有限公司,1,1,立昇汽车科技(广州)有限公司专注于基于V2X技术的车辆安全领域，特别是通过实时数据分析和双重判断机制来提高车辆开门防碰撞预警系统的准确性和可靠性。
昆山峰实电子外观应用科技有限公司,1,1,昆山峰实电子外观应用科技有限公司专注于开发具有压力、感温、加热一体化功能的智能人形手指结构，通过双层薄膜基板和多功能油墨技术实现高集成度的机器人皮肤组件，适用于人形机器人的应用。
华中科技大学同济医学院附属同济医院,1,1,华中科技大学同济医学院附属同济医院在机器人领域的研究主攻方向为基于智能体的儿童术前焦虑缓解技术，通过采集和分析儿童生理数据与监护人问卷数据，结合情境感知和个性化偏好，优化生成高效的焦虑缓解方案。
上海智位机器人股份有限公司,1,1,上海智位机器人股份有限公司专注于开发先进的机器人感知决策执行系统，通过视觉语言环境模型和扩散模型实现复杂环境下的高效感知与决策，并利用自适应反馈机制优化动作规划，提升机器人的响应速度和执行效率。
中国科学院兰州化学物理研究所,1,1,中国科学院兰州化学物理研究所专注于开发高性能耐磨材料，特别是通过将ZIF-62与聚醚醚酮（PEEK）复合，提升材料的3D打印性能和摩擦学性能，以增强其在高磨损环境下的应用。
北京大学鄂尔多斯能源研究院,1,1,北京大学鄂尔多斯能源研究院主要研究基于计算机视觉技术的机器人支护方法及系统，通过获取和处理立体图像数据，生成实时更新的动作指令，实现高效精准的煤矿巷道支护作业，提高施工安全性和作业效率。
山东协和学院,1,1,山东协和学院在机器人领域的研究主攻方向为开发高效、集成化的液压关节控制技术，通过创新的阀芯与阀套设计实现对多腔体液压缸的精准控制，以提高机器人的驱动效率并实现装置的小型化与轻量化。
广州高新兴机器人有限公司,1,1,广州高新兴机器人有限公司专注于机器人自主导航技术，特别是基于RTK与视觉感知的室外场景自动建图方法。通过融合RTK数据、激光雷达点云和视觉感知图像，实现高精度、全自动的道路导向型地图构建，显著提升效率并降低成本。
东信和平科技股份有限公司,1,1,东信和平科技股份有限公司专注于无人机可信数字身份识别技术，通过集成数字身份识别模块和可信数字身份管理平台，实现无人机的双向认证、实名登记及飞行轨迹信息的实时采集与上报，以提升无人系统的交通管理和安全管控能力。
上海健康医学院,1,1,上海健康医学院在机器人领域主要研究基于形状记忆合金和珀耳帖效应的关节模组，通过结合半导体制冷器和SMA丝实现高效、轻量化且安全稳定的关节驱动系统，适用于仿人灵巧手等应用。
中国机械总院集团宁波智能机床研究院有限公司,1,1,该企业专注于高精密行星滚柱丝杠加工技术，特别是磨削砂轮的在线修整方法及装置，通过实时检测和动态调整修整深度，解决传统方法中因磨损梯度变化导致的过修或欠修问题。
深圳市睿能技术服务有限公司,1,1,深圳市睿能技术服务有限公司专注于电池管理系统的技术创新，特别是通过外部接口实现系统升级的方法。其核心技术在于开发了一种简便的操作流程，能够自动识别并更新电池管理系统的软件版本，确保设备始终保持最佳运行状态。
长城汽车股份有限公司,1,1,长城汽车股份有限公司专注于提升车载导航与机器人技术的集成应用，通过开发创新的显示控制方法，在车载导航界面上直观展示机器人的位置信息，增强驾驶者对车内智能设备状态的感知，从而提高用户体验和行车安全性。
张景飞,1,1,张景飞的研究主攻方向是结合教育人工智能、增强现实技术和生物信号感知的外语学习与作业系统，通过智能眼镜和多模态传感器实现个性化内容推送和自适应复习规划，提升学习效率。
江西金力永磁科技股份有限公司,1,1,江西金力永磁科技股份有限公司专注于钕铁硼永磁体的研发，通过优化重稀土元素在不同区域的分布，提高永磁体的抗热减磁性能和尺寸稳定性。
广州诚橙动力科技有限公司,1,1,广州诚橙动力科技有限公司专注于全驱动仿人机械手的研发，通过高精度运动映射和20个独立可控自由度，实现人手抓取、捏合、旋转等精细化动作的精准复现，高度模拟人类手指的复合运动能力。
象山县机械科学研究总院南方中心,1,1,象山县机械科学研究总院南方中心专注于高精密行星滚柱丝杠加工技术，特别是在磨削砂轮的在线修整方法及丝杠加工装置方面，通过实时检测和动态调整修整深度，解决传统方法中因磨损梯度导致的过修或欠修问题。
苏州亚太精睿传动科技股份有限公司,1,1,苏州亚太精睿传动科技股份有限公司专注于行星滚柱丝杠传动技术，主要研究方向为循环式行星滚柱丝杠副的接触运动学分析，通过建模和模拟揭示其复位过程及循环机理。
成都九系机器人科技有限公司,1,1,成都九系机器人科技有限公司专注于开发具有高灵活性的双臂重载机器人，其核心技术在于配备视觉系统的可升降六轴机械臂和轮腿组件，适用于产品组装、分拣、检测及搬运等任务，显著提升生产效率与质量。
克龙贝格和舒伯特汽车有限公司,1,1,克龙贝格和舒伯特汽车有限公司专注于开发用于自动化连接线路端插头触点到插头壳体的装置与方法，利用搬运装置、光学传感器系统及控制单元实现精准定位与对准。
北京孪界科技有限公司,1,1,北京孪界科技有限公司专注于具身智能技术领域，主要研究方向为三维模型的构建与仿真训练方法。通过创建包含详细配置信息和层级关系的入口文件，实现从原始数据到标准数据的转换，并基于此构建适用于复杂仿真训练需求的目标三维模型。
光明信科(北京)控股有限公司,1,1,光明信科(北京)控股有限公司专注于康养机器人系统的情绪状态识别技术，通过结合图像采集和非接触式心率感应装置，实现对用户情绪特征和心率变化的综合分析，以提高情绪识别准确度和服务质量。
湖南美湖智造股份有限公司,1,1,湖南美湖智造股份有限公司专注于研发紧凑轻量型机器人关节模组，通过优化谐波减速机、电机及编码器的集成设计，实现关节模组的小型化和轻量化，同时提高其维护便利性。
湖北中航精机科技有限公司,1,1,湖北中航精机科技有限公司专注于机器人领域的减速装置研发，特别在多级传动机构设计方面具有显著技术优势，通过优化内外齿传动轮的偏心设置及同步转动机制，实现高效、精准的动力传输。
上海伍盾新材料科技有限公司,1,1,上海伍盾新材料科技有限公司专注于开发特种高分子材料，特别是以含氟芳酮单体、双酚类化合物和羧酸功能单体为基础的环保型高分子乳液。这些材料具有优异的机械性能、耐腐蚀性和耐高温性，适用于高性能涂层及碳纤维复合材料领域。
广州市绯影信息科技有限公司,1,1,广州市绯影信息科技有限公司专注于机器人导航技术，特别是基于FAR Planner全局路径规划算法的实时动态导航方法。该技术能够在已知或未知地图环境中，通过单镜头传感器实时提取环境特征并建立局部可视图，实现高效的路径规划和导航。
林兵,1,1,林兵的研究主攻方向为构建语言文本与图形图像视频之间的自然映射转换系统，通过分析和归纳肢体造型及运动轨迹，实现高效灵活的意图表达与理解。该技术方案强调简洁性、扩展性和通用性。
中国一冶集团有限公司,1,1,中国一冶集团有限公司的研究主攻方向为城镇狭窄街道管道沟槽支护技术，通过模块化支撑箱和驱动组件实现边开挖边支护的施工方法，有效防止沟槽坍塌并提高施工效率。
杭州传感器有限公司,1,1,杭州传感器有限公司专注于六维力传感器的研发，通过创新的环形结构设计和多方向连接梁布局，实现了高灵敏度、大布线空间及信号传输稳定性，解决了传统传感器布线容量受限和信号干扰问题。
安徽哈工标致医疗健康产业有限公司,1,1,安徽哈工标致医疗健康产业有限公司专注于研发应用于康复类机器人的静音关节齿轮技术，通过采用多段连续微弧线段替代传统渐开线设计，有效降低啮合冲击和噪音，提升齿面接触强度并减少摩擦，从而提高关节齿轮的使用寿命和性能。
宜宾四川大学产业技术研究院,1,1,宜宾四川大学产业技术研究院专注于行星滚柱丝杠的载荷分配计算方法，通过建立混合润滑模型和非线性接触刚度模型，结合机加工粗糙度和微观形貌，实现更精确的载荷分配计算。
苏州极湃电磁科技有限公司,1,1,苏州极湃电磁科技有限公司专注于双稳态电磁制动器的研发，通过优化磁体和线圈的布局及相互作用，实现低能耗、高效率的制动与释放状态切换，适用于需要频繁启停且对能源消耗敏感的应用场景。
四川德恩精工科技股份有限公司,1,1,四川德恩精工科技股份有限公司专注于行星滚柱丝杠的载荷分配计算方法，通过建立基于混合润滑界面特性的模型，考虑机加工粗糙度、微观形貌及弹性变形等因素，实现更精确的载荷分配计算。
宏嬴金图智能科技(上海)有限公司,1,1,宏嬴金图智能科技(上海)有限公司专注于异形曲面显示屏的制作方法，通过3D激光扫描、网格划分和3D打印技术在非平面基底上制备驱动电路和封装显示区域，实现高分辨率的异形曲面显示。
湖州师范学院,1,1,湖州师范学院在机器人领域专注于仿生手技术的研发，特别是通过创新的机械结构设计增加仿生手指的自由度。其核心技术在于利用双电机和双丝杠传动系统实现手指的弯曲、伸直及侧摆动作，使仿生手的动作更加接近真实人手。
上海辉磁科技有限公司,1,1,上海辉磁科技有限公司专注于基于仿生学的人工智能模拟集成电路技术，借鉴生物神经系统中的神经元和突触工作机制，通过模拟信号传递和突触可塑性，实现复杂任务的智能处理。
深圳市嘉鑫激光科技有限公司,1,1,深圳市嘉鑫激光科技有限公司专注于EtherCAT总线协作机器人在激光加工领域的控制技术，通过智能总线控制板卡和按键操作面板实现简单易用的拖动示教模式，降低设备使用门槛并提高操作便捷性。
爱浦路网络技术(南京)有限公司,1,1,爱浦路网络技术(南京)有限公司专注于基于3GPP标准的机器人动态组网系统，通过智能组网机制和协议互操作性，实现广域通信、跨区域协作及多厂商设备间的无缝通信与协同工作。
无锡灵德自动化科技有限公司,1,1,无锡灵德自动化科技有限公司专注于机器人复合运动驱动结构的研发，通过创新设计实现单驱动件控制直线与旋转的双向定位精度，提高运作效率和定位精度，减少空间占用和响应时间，适用于高频微调、狭窄作业及位姿调整等复杂工况。
深圳市威磁智能科技有限公司,1,1,深圳市威磁智能科技有限公司专注于机器人多关节永磁同步电机的联动控制技术，通过引入误差修正驱动电流，实现对各电机的精准控制，确保机器人能够准确完成复杂动作。
维他动力(北京)科技有限公司,1,1,维他动力(北京)科技有限公司专注于机器人运动控制领域，特别是头部组件的设计与优化。其核心技术在于通过创新的机械结构设计，提高机器人头部的运动自由度和动作表现力，同时避免与颈部结构的机械干涉，从而增强机器人的感知范围和交互能力。
上海玄宇医疗器械有限公司,1,1,上海玄宇医疗器械有限公司专注于电生理机器人通信系统的研发，通过集成嵌入式Linux主板、CANopen和EtherCAT主从站，实现灵活多样的网络架构，以适应不同应用场景的需求。
深圳申美科技检测设备有限公司,1,1,深圳申美科技检测设备有限公司专注于基于六维力传感器的汽车碰撞分析技术，通过多信号同步处理和拓扑导数分析，构建颈部损伤模型并进行风险评估，生成三维损毁可视化图谱，以提高驾驶员假人碰撞测试的准确性和可靠性。
玄宇医疗器械(武汉)有限公司,1,1,玄宇医疗器械(武汉)有限公司专注于电生理机器人领域的通信系统研发，通过集成CANopen和EtherCAT主从站于嵌入式Linux主板上，实现灵活适配不同应用场景的网络架构，以提升机器人的通信效率与适应性。
孙颐,1,1,孙颐的研究主攻方向为机器人仿生关节驱动技术，特别是基于绳索驱动和被动张紧机构的脖颈机构设计，实现类似生物椎骨的功能，增强机器人的稳定性和自适应能力。
唐山多玛乐园旅游文化有限公司,1,1,唐山多玛乐园旅游文化有限公司专注于主题乐园中现代别墅式酒店的设计与运营，通过联排别墅结构提高住宿密度和运营效率，结合中央厨房提供个性化餐饮服务，并配备专属户外活动区，将传统住宿产品升级为集住宿与游乐于一体的综合体验。
贵安新区威迈尔科技有限公司,1,1,贵安新区威迈尔科技有限公司专注于智能机器人技术领域，特别是多模态感知机器人的头部运动装置。其核心技术在于设计一种集成视觉、语音和运动模块的头部机构，通过转头电机实现头部绕X轴的灵活转动，提升机器人的感知和交互能力。
万拿机器人(北京)有限公司,1,1,万拿机器人(北京)有限公司专注于开发灵巧手用快换手腕技术，通过设计快速拆装的连接结构，提高灵巧手在多任务场景中的更换效率和操作便捷性，增强机器人系统的灵活性和适应性。
浙江商业职业技术学院,1,1,浙江商业职业技术学院在机器人领域主要研究仿生机器人散热技术，特别是通过模拟生物发汗机制实现高效散热。其核心技术包括利用储水箱、微通道和多孔结构层协同作用，通过流体流动和蒸发来对关节、电池和芯片等关键部件进行散热。
共生无界科技(深圳)有限公司,1,1,共生无界科技(深圳)有限公司专注于基于多模态大语言模型的异构机器人系统，通过环境反馈和机器间的意见交换实现二元问题的决策优化，适用于多种任务场景和机器人形态，强调在异构多机系统中有效利用不同能力的机器人。
云南昆船烟草设备有限公司,1,1,云南昆船烟草设备有限公司专注于烟草加工领域的智能化升级，主要研究方向为原烟转运和上料的自动化系统，通过优化配方信息处理、智能调度及物料流转，提高生产效率与质量控制水平。
南京夸克电动科技有限责任公司,1,1,南京夸克电动科技有限责任公司专注于机器人电机的行星减速器技术，通过设计包含双联排行星轮和内齿圈的结构，实现高减速比与轻量化，以满足机器人领域对高效、紧凑传动系统的需求。
江西省丰诚精密机械有限公司,1,1,江西省丰诚精密机械有限公司专注于内螺纹高效磨削工艺，通过采用多线磨砂轮结构和优化主轴转速配比，实现同时磨削多个螺纹，大幅提升加工效率和降低成本。
博尔特新材料(银川)有限公司,1,1,博尔特新材料(银川)有限公司专注于开发用于硅碳负极材料的煤基多孔炭，通过高分子树脂、异质元素掺杂及碳纳米管构建三维刚柔导电网络，实现多孔炭的高强度和合理孔隙分布，以解决硅碳负极材料制备中的孔隙分布不合理和基体强度差的问题。
江西铜业技术研究院有限公司,1,1,江西铜业技术研究院有限公司专注于开发高性能柔性离电式压力传感器，通过在电极层与离子弹性体层之间构建化学粘合界面并引入微结构，提升传感器的机械稳定性、可靠性和灵敏度，同时保持良好的柔性和透明性，适用于人形机器人和智能假肢等领域。
无为弗迪电池有限公司,1,1,无为弗迪电池有限公司专注于电池制造领域的高效自动化生产技术，特别是通过集成切断和压缩成型工艺的装备来提高电池极芯叠片速度和制造效率。
北京同益中新材料科技股份有限公司,1,1,北京同益中新材料科技股份有限公司专注于高分子材料领域，特别是低蠕变表面涂覆型超高分子量聚乙烯纤维的制备技术。通过特定工艺提高纤维的尺寸稳定性和耐用性，适用于人形机器人灵巧手腱绳等特殊应用。
四川建筑职业技术学院,1,1,四川建筑职业技术学院的研究主攻方向为基于语音识别的多语言交互学习系统，通过跨模态编码、微环光子储备网络和低秩适配语言模型等技术实现高精度、低功耗的多语言语音交互与学习。
盐城东晟精密科技有限公司,1,1,盐城东晟精密科技有限公司专注于新能源电池托盘的高效焊接技术，通过多组等离子弧焊机和智能转移机构实现连续、高效的自动化生产流程，提高设备利用率和生产效率。
江西服装学院,1,1,江西服装学院在机器人领域主要研究面向具身智能的类脑决策技术，通过仿生神经形态计算架构提升机器人在复杂环境中的实时响应能力和决策效率，显著提高其应对突发情况的能力。
龙岩市新罗区智电电子产品有限公司,1,1,该企业专注于开发结合大数据与人工智能技术的智能教育及护老视频装置，旨在通过自动化和智能化手段提升家庭教育效果并为老年人提供可靠的生活辅助。
无锡惠昆医疗科技有限公司,1,1,无锡惠昆医疗科技有限公司专注于柔性触觉传感器的智能标定技术，通过无刷电机控制模块获取不同倾斜角度下的补偿力和静载电流值，建立关系模型并进行精细化标定，优化标定资源分配，提高标定效率和准确性。
人工智能与数字经济广东省实验室(深圳),1,1,该单位主攻多智能体协同强化学习在仿生灵巧手中的应用，通过构建模拟环境和采用多智能体近端策略优化算法，实现高自由度场景下的自适应抓取，提高抓取精度、稳定性和对动态环境的适应性。
姜鹏飞,1,1,姜鹏飞的研究主攻方向是基于视觉监测和运动学分析的机器人竞技策略选择技术，通过实时采集对手机器人关节状态并进行故障识别，动态调整竞技策略以提升机器人的智能化水平和竞技性能。
世纪恒通科技股份有限公司,1,1,世纪恒通科技股份有限公司专注于具身智能类脑决策技术，通过结合大语言模型和脉冲神经网络，实现对多模态感知数据的高效处理与任务执行，提升机器人在复杂环境中的感知精度和决策响应效率。
浙江微能科技股份有限公司,1,1,浙江微能科技股份有限公司专注于机器人任务优化技术，特别是在物流配送领域。通过智能路径规划和多机器人协作，提高寄件效率、资源利用率及成功率。
北京忆海原识科技有限公司,1,1,北京忆海原识科技有限公司专注于开发腱传动系统，该系统通过柔性腱鞘约束元件和引导槽或孔的设计，实现对腱的柔顺约束和关节运动解耦，适用于仿生灵巧手、机械足等机器人部件，具有结构简单、柔顺性好、寿命长及易维护的特点。
所罗门股份有限公司,1,1,所罗门股份有限公司专注于开发自动移动拍摄系统，通过控制装置和自动移动拍摄装置协同工作，实现精准定位、影像比对与校正，以及目标信息的高效获取。该技术特别适用于需要高精度视觉反馈和动态调整的应用场景。
山东东方宏业化工有限公司,1,1,"山东东方宏业化工有限公司专注于有机废液回收技术，特别是在1,4-二（4-氟苯甲酰基）苯生产过程中高纯度氟苯的回收工艺。通过除水、过滤和精馏等步骤，实现高纯度氟苯的连续批量化生产，具有工艺简单、能耗低的特点。"
奥瑞隆新材料(山东)有限公司,1,1,"奥瑞隆新材料(山东)有限公司专注于有机废液回收技术，特别是在1,4-二（4-氟苯甲酰基）苯生产过程中高纯度氟苯的回收。通过反应除水、过滤和精馏等步骤，实现高纯度氟苯的连续批量化生产，工艺简单且能耗低。"
湖南贝源动力科技有限公司,1,1,湖南贝源动力科技有限公司专注于双电机驱动总成的研发，通过创新的齿轮组和行星排设计，实现双侧独立驱动、动力耦合及分流，具有结构紧凑、成本低和功能集成等优势。
卓益得机器人(河南)有限公司,1,1,卓益得机器人(河南)有限公司专注于机器人安全控制技术，特别是隐藏式急停开关的设计。通过在机器人躯体背部设置活动竖立槽和急停拉手结构，结合导电接触件和牵引复位部件，实现快速、隐蔽且可靠的急停断电功能，确保机器人操作的安全性。
深圳市旗畅科技有限公司,1,1,深圳市旗畅科技有限公司专注于机器人目标物识别技术，通过结合环境图像、距离数据和机器学习模型提高识别精度，并利用摄像头标定参数获取目标物的实际三维坐标，以生成精确的导航路径。
东北师范大学,1,1,东北师范大学在机器人领域专注于开发适用于三维不可展曲面的光不敏感可拉伸接近传感阵列，通过结合有机半导体和弹性体材料，实现对环境光干扰的有效抑制，并推动电子皮肤的共形贴合与商业化应用。
北京成敏智能科技有限责任公司,1,1,北京成敏智能科技有限责任公司专注于开发高性能复合行星齿轮减速器及机器人关节，通过创新的差齿传动设计实现大减速比，结合力矩传感器技术，满足高负载、轻质化、高集成度和高精度的应用需求。
杭州诚信汽车轴承有限公司,1,1,杭州诚信汽车轴承有限公司专注于精密磨床夹具技术，特别是针对高精度轴类零件的自动化加工。其代表性技术为一种结构简单、夹紧力大且旋转刚性足的夹具系统，能够实现自动化上下料，同时保持零件定位精度。
陈灿,1,1,陈灿的研究主攻方向是开发高效电动肌肉技术，通过优化线圈和硅钢片的结构设计，实现高功率密度和灵活的功率调节，适用于机器人关节驱动，无需减速器和永磁体。
广州锐嘉工业股份有限公司,1,1,广州锐嘉工业股份有限公司专注于开发具有高度灵活性和协同工作能力的双臂多向移动式机器人。其核心技术在于通过分体式躯干设计与蜘蛛手机械臂的应用，实现对不同尺寸物品快速、精准的操作，特别是在旋转和平移机构的支持下，显著提升了机器人的工作效率及动作复杂度。
纽尔络维吉尔公司,1,1,纽尔络维吉尔公司专注于通过生物信号转换技术实现对计算设备的控制，并基于生物信号数据预测睡眠状态下的创伤性脑损伤。其核心技术在于利用电极采集并分析生物信号，以识别用户意图并执行相应操作。
南京多联摩擦材料有限公司,1,1,南京多联摩擦材料有限公司专注于开发环保且具有高摩擦系数的摩擦材料，特别是通过硼掺杂多孔氧化铝和环氧-酚醛互穿网络结构设计，提升摩擦片在恶劣环境下的性能，满足高强度、耐磨及小尺寸大扭矩的应用需求。
上海雷赛机器人科技有限公司,1,1,上海雷赛机器人科技有限公司专注于研发紧凑型、高稳定性的关节模组，通过优化电机和减速器的集成设计，减少端盖数量，简化装配过程，提高输出性能。
合肥安安信息技术有限公司,1,1,合肥安安信息技术有限公司专注于开发具备高效家居管理功能的机器人，特别是通过创新设计解决机械臂在工作过程中因毛发缠绕导致的问题。其核心技术在于利用独特的摆动、剪切及行走组件实现对机械臂关节处毛发的自动清理，确保机器人能够长期稳定地执行家居管理任务。
孙家文,1,1,孙家文的研究主攻方向是开发具备多自由度的类球形关节装置及其矢量驱动算法，通过创新的双轴设计和传动机制实现机器人手臂在三维空间中的灵活运动。
上海市雷智电机有限公司,1,1,上海市雷智电机有限公司专注于研发紧凑型高稳定性的关节模组，通过优化电机与减速器的集成设计，减少端盖数量，简化装配过程，提升整体结构紧凑性和输出性能。
上海精赋达传感技术有限公司,1,1,上海精赋达传感技术有限公司专注于编码器检测与调试技术，通过集成指令输入、电源接线、通信电路、驱动逆变及线路切换等单元，实现无需机械连接的高效编码器调零和校正，并支持直接写入设定数据，提高操作灵活性和准确性。
青岛维舍环保新能源科技有限公司,1,1,青岛维舍环保新能源科技有限公司专注于高分子化工生产技术领域，特别是聚醚醚酮（PEEK）的连续化高效制备方法。通过优化反应流程和溶剂回收利用，实现能源高效利用和生产的连续化。
成都锦发边缘智能科技有限公司,1,1,成都锦发边缘智能科技有限公司专注于移动型机器人的边缘智能计算技术，通过设计可插拔的AI子卡与基板系统，实现灵活升级和扩展算力，支持多模态数据处理和任务分配，提升机器人在复杂环境中的感知和决策能力。
陕西科鑫朝晖能源科技有限公司,1,1,陕西科鑫朝晖能源科技有限公司专注于锂离子电池领域，特别是高性能复合集流体的研发。其核心技术在于通过多层结构设计和微织构处理，提高集流体的表面积、力学性能及耐热耐蚀性，以满足高要求的固态锂电池应用。
深圳众燊智汇科技有限公司,1,1,深圳众燊智汇科技有限公司专注于基于脉冲神经网络的机器人控制技术，通过多模态数据处理和情感脉冲神经网络生成情绪化行为节律，结合STDP算法优化权重，实现高效的情绪交互和场景适应。
深圳纽迪瑞科技开发有限公司,1,1,深圳纽迪瑞科技开发有限公司专注于机器人领域的力检测技术，通过集成三维传感单元和优化应变板结构，实现高精度、多维度的力反馈和平面位置同步检测，简化了传感器布局并提高了系统的响应速度和稳定性。
中铁工程装备集团有限公司,1,1,中铁工程装备集团有限公司专注于盾构机的自动化换刀技术，通过机器人路径规划和点云数据分析，实现对磨损超限刀具的自动更换，提高盾构机作业效率和安全性。
珠海英搏尔电气股份有限公司,1,1,珠海英搏尔电气股份有限公司专注于机器人关节驱动技术，特别是通过创新的驱动部件、丝杠连接部件和驱动腱绳设计，实现高精度的手指收展运动控制，提升灵巧手及机器人的操作灵活性与可靠性。
深圳市灵枢动力有限公司,1,1,深圳市灵枢动力有限公司专注于机器人关节模组的创新设计，特别是在机械制动系统方面。其研究主攻方向为开发集成纯机械结构制动系统的机器人关节，以提高关节模组在意外断电情况下的安全性和可靠性，同时简化结构、减小体积并降低能耗。
北京首发展智能科技有限公司,1,1,北京首发展智能科技有限公司专注于基于大模型的电数字数据处理技术，特别是在供需匹配领域。通过大模型进行意图识别、问题提炼、解决方案生成及多模态呈现，提高供需匹配的准确度和用户体验。
杭州三相科技有限公司,1,1,杭州三相科技有限公司专注于机器人关节模组的研发，通过将谐波减速器波发生器与电机轴一体化设计，提高关节模组的结构紧凑性、稳定性和转动精度，实现低噪音、轻量化和小型化。
赛那德数字技术(嘉兴)有限公司,1,1,赛那德数字技术(嘉兴)有限公司专注于智能机器人控制技术，特别是融合小脑模型与跨模态注意力的多层次协同控制框架。该技术通过高层策略网络、中层小脑网络和底层执行器的协同工作，实现动态抗干扰能力和实时补偿，有效应对环境扰动并提升整体任务执行的稳定性和准确性。
武汉万至达智能科技有限公司,1,1,武汉万至达智能科技有限公司专注于研发驱控一体化微型伺服模组的控制方法，通过集成微型控制器、传感器和电机传动模块，优化硬件资源利用，提高伺服控制性能、精度及可靠性。
东莞市伟创动力科技有限公司,1,1,东莞市伟创动力科技有限公司专注于电机控制技术，特别是在电机短路情况下通过实时分析和控制方法增强断电自锁力。其核心技术包括非线性时间序列分析、动态反电动势频谱特征解耦、量子化触发脉冲序列生成以及三维电磁场强分布优化，以实现高效的能量转换和自锁力提升。
深圳市万至达电机制造有限公司,1,1,深圳市万至达电机制造有限公司专注于研发驱控一体化微型伺服模组的控制技术，通过优化控制模块、电机与传动模块以及传感器模块的集成设计，提高微型伺服系统的控制性能、精度和可靠性，特别是在有限硬件资源条件下的高效利用。
清华大学苏州汽车研究院(相城),1,1,清华大学苏州汽车研究院(相城)专注于开发高灵敏度和机械韧性平衡的阵列式传感器，应用于汽车安全性测试。通过优化基底材料配比和导线预处理技术，确保传感器在多向受力场景下的电学和力学性能稳定。
深圳市卓驭科技有限公司,1,1,深圳市卓驭科技有限公司专注于开发集成化的传感器装置，特别是将视觉传感器与雷达传感器整合在同一壳体内的技术，以提高设备的集成度和安装便利性，适用于可移动平台。
广东泰坦智能动力有限公司,1,1,广东泰坦智能动力有限公司专注于无线充电技术领域，特别是在无线充电系统的可变拓扑结构紧急停机系统及方法方面，通过发射端和接收端的协同工作，实现从SS-SS补偿网络到LCC-SS补偿网络的切换，并在异常情况下短路负载以实现紧急停机。
河南省农业科学院畜牧研究所,1,1,河南省农业科学院畜牧研究所专注于养殖技术领域，特别是养猪场的智能化管理。其代表性技术方向为开发多功能巡检机器人，通过集成诱情装置、状态采集模块和读卡器等设备，实现对母猪发情状态的精准判断与个体追踪，提高配种成功率和养殖效率。
广州华伟医疗设备有限公司,1,1,广州华伟医疗设备有限公司专注于机器人控制技术在康复训练中的应用，主要研究方向为多关节等速动态阻抗控制系统及方法，通过实时数据获取、分析和处理，实现对康复训练过程的精准控制和个性化调整，提高康复效果和安全性。
中国计量大学,1,1,中国计量大学在机器人领域主要研究方向为通过结合触觉和视觉信息的多模态感知技术，优化机器人的抓握控制策略，以提高其在抓取物体时的精度与适应性。
招商局先进技术开发(深圳)有限公司,1,1,招商局先进技术开发(深圳)有限公司专注于人工智能领域，特别是数字生命技术的持续会话方法。通过设计多轮次、多成员的对话机制，提升数字生命的对话自主性和持续性，增强交互的真实感。
中国科学技术大学先进技术研究院,1,1,中国科学技术大学先进技术研究院在机器人领域主要研究仿人行为动作的全向多自由度运动结构，通过优化腰部连接机构和实时PID控制技术，实现类似人类腰部复杂动作的精确控制。
宁波瀚晟传动技术有限公司,1,1,宁波瀚晟传动技术有限公司专注于研发高效的传动机构，特别是在行星齿轮传动领域。其核心技术在于通过优化齿轮和中心轴的设计，实现小速比、大扭矩输出，并提供较大的容纳空间，从而提升传动系统的整体性能和可靠性。
黄山徽熿新能源科技有限公司,1,1,黄山徽熿新能源科技有限公司专注于六维力传感器的高精度标定技术，通过设计特定的标定方法和装置，实现多维度力的同时加载与解耦，显著提高传感器的测量精度。
江苏鸿淼精密机械科技有限公司,1,1,江苏鸿淼精密机械科技有限公司专注于行星滚柱丝杠反向螺母的高效加工技术，通过车磨一体化工艺，实现对反向螺母内孔的高精度、低成本加工。
江苏中工高端装备研究院有限公司,1,1,江苏中工高端装备研究院有限公司专注于模块化机器人关节的双定子永磁电机驱动技术，通过内外双定子设计实现高转矩和高转速的动态切换，覆盖更宽的工作范围，提升能效并降低机械复杂度。
武汉轻工大学,1,1,武汉轻工大学在机器人领域专注于倒立摆控制技术的研究，通过结合扩展卡尔曼滤波（EKF）和低通滤波器（LPF）的复合滤波方法，优化状态估计，有效减少系统噪声和高频振动干扰，提高控制精度和稳定性。
赫千汽车科技(深圳)有限公司,1,1,赫千汽车科技(深圳)有限公司专注于开发集成光纤通信和高功率充电技术的智能充电设备，旨在实现汽车和机器人富余算力的有效利用与共享，通过充电桩作为中继站连接算力中心，支持有线和无线快充及数据传输。
深圳市哇小叽科技有限公司,1,1,深圳市哇小叽科技有限公司专注于AI人宠交互机器人技术，通过多模态数据采集与嵌入式AI模型实现宠物身份识别，并结合云端处理生成情绪化的语音反馈，提升人宠互动体验。
广州数志科技有限公司,1,1,广州数志科技有限公司专注于利用大模型和知识图谱技术进行企业技术演进趋势的识别与预测，通过多源数据处理、任务解析、语义建模和时序推理，为企业提供准确的技术发展趋势分析和智能决策支持。
深圳市华成工业控制股份有限公司,1,1,深圳市华成工业控制股份有限公司专注于机器人关节模组的高效控制技术，通过中央计算单元集中处理伺服计算任务，减轻驱动模组负担，实现尺寸和成本的优化，同时提高控制精度和数据分析能力。
常州隆磁材料科技有限公司,1,1,常州隆磁材料科技有限公司专注于稀土永磁材料技术领域，特别是无重稀土的晶界扩散源及其制备高矫顽力磁体的方法。通过使用SmCo磁粉和混合合金作为扩散源，并采用特定的表面处理和涂装工艺，提高钕铁硼磁体的矫顽力。
华为云计算技术有限公司,1,1,华为云计算技术有限公司在机器人领域主要研究方向为机器人点位规划方法，通过结合目标物体位置与机器人执行器工作空间，自动计算出移动底盘的合理停靠区域及点位，提高机器人操作任务执行效率和适应性。
享刻智能技术(北京)有限公司,1,1,享刻智能技术(北京)有限公司专注于机器人领域的机械臂碰撞检测技术，通过实时监测电机电流和温度并进行校准计算，提高高温环境下碰撞检测的灵敏度和准确性，降低误触发率，确保机械臂在复杂环境中的安全运行。
公安部第三研究所,1,1,公安部第三研究所专注于机器人移动性能测试技术，特别是通过设计多层可升降的路面环境模拟装置来实现不同路况下的高效测试。该装置能够快速更换测试样本并减少空间占用，从而提高测试效率和灵活性。
东燊新材料科技(深圳)有限公司,1,1,东燊新材料科技(深圳)有限公司专注于开发适用于机器人的高性能刚性PPS材料，通过引入POSS基环氧树脂和改性纤维来显著提升材料的强度、韧性和耐热性能，满足机器人制造中的高要求。
明新梅诺卡(江苏)新材料有限公司,1,1,明新梅诺卡(江苏)新材料有限公司专注于开发高灵敏度的柔性薄膜压力传感器，通过在导电复合材料敏感层中添加量子点（如ZnS或SnS）和采用有机绝缘微球自组装的微结构化绝缘层，显著提升传感器的灵敏度、柔性和结构稳定性。
明新智源(浙江)新材料科技有限公司,1,1,明新智源(浙江)新材料科技有限公司专注于开发高灵敏度的柔性薄膜压力传感器，通过在导电复合材料敏感层中添加量子点（如ZnS或SnS）和采用有机绝缘微球自组装的微结构化绝缘层，显著提升传感器的灵敏度、柔性和结构稳定性。
深圳TCL新技术有限公司,1,1,深圳TCL新技术有限公司专注于机器人技术领域，特别是对象追踪技术。其研究主攻方向是通过多模态数据融合（如图像和声纹信息）提升机器人在复杂环境下的目标识别与追踪准确性及成功率。
明新旭腾新材料股份有限公司,1,1,明新旭腾新材料股份有限公司专注于开发高灵敏度的柔性薄膜压力传感器，通过在导电复合材料敏感层中添加量子点（如ZnS或SnS）和采用有机绝缘微球自组装的微结构化绝缘层，提升传感器的柔性和结构稳定性，同时显著增强其灵敏度。
字节跳动技术有限公司,1,1,字节跳动技术有限公司在机器人领域主要研究姿态确定技术，通过分析对象的关节旋转数据和末端部位位置，结合接触状态，实现对执行器姿态的精确控制与调整。
扬州华翀电力电子科技有限公司,1,1,扬州华翀电力电子科技有限公司专注于永磁环充磁技术领域，特别是开发用于环形永磁体的多极充磁装置及方法。其核心技术在于通过耐高温永磁组件对加热后的待充磁永磁环进行高效、可调的多极充磁，以满足不同产品的波形需求。
新剑机电传动(上海)有限公司,1,1,新剑机电传动(上海)有限公司专注于执行器技术领域，特别是开发具有自锁功能的紧凑型执行器结构。通过创新设计丝杠、螺母、支撑套、转子和中间件之间的配合，实现高效自锁，同时减小整体体积。
武汉钢铁有限公司,1,1,武汉钢铁有限公司专注于无框力矩电机用高性能无取向硅钢的生产方法，通过优化电磁感应加热工艺控制成品织构和改善组织均匀性，提高生产效率和降低成本。
广州中鸣智能机器人科技有限公司,1,1,广州中鸣智能机器人科技有限公司专注于基于大模型的语音处理和变量提取技术，通过云端与机器人的协同工作，实现高精度的语音转文字、语义识别及关键信息提取，进而提升人机交互体验。
杭州昼光科技有限公司,1,1,杭州昼光科技有限公司专注于视频编码技术，特别是在屏幕共享场景下的高效视频编码方法。其核心技术在于通过动态调整量化参数和构建长期参考帧组来优化编码效率，减少网络拥塞，提高视频传输质量。
浙江方元明鑫精密机械有限公司,1,1,浙江方元明鑫精密机械有限公司专注于机器人仿生绳驱前臂装置的研发，采用仿生设计原理和3D打印技术，利用自润滑高强度低密度复合材料制作前臂骨架，并通过微型减速丝杆电机和拉线绳实现多自由度控制，以替代人手前臂内部肌腱的功能。
南京同尔电子科技有限公司,1,1,南京同尔电子科技有限公司专注于基于物联网的空心杯电机故障诊断技术，通过多传感器融合与动态建模，实现振动、温度和电流三重特征数据的精准分析，显著提高故障检测准确性和早期故障识别能力，适用于高可靠性要求的高端装备领域。
歌尔微电子股份有限公司,1,1,歌尔微电子股份有限公司专注于开发高精度、低成本的六维力传感器技术，通过集成多个压力传感器组件和弹性体设计，实现对机器人多维度力的精确测量与计算，适用于需要精细力反馈的应用场景，推动了机器人感知技术的小型化和智能化发展。
浙江佳华精化股份有限公司,1,1,浙江佳华精化股份有限公司专注于开发高性能热塑性柔性电子皮肤材料，通过优化材料组成和制备工艺，实现材料的导电均匀性、耐老化、耐弯折、耐磨及良好成型性。
株式会社艾迪斯,1,1,株式会社艾迪斯专注于气柜控制技术领域，特别是通过RFID和光学扫码双重校验、防障碍传感器检测以及自动化机器人操作，实现气柜门的自动控制与安全高效的气瓶更换流程。
四川福摩斯工业技术有限公司,1,1,四川福摩斯工业技术有限公司专注于智能机器人在工业上料领域的应用，特别是在橡胶制品的自动化抓取与搬运方面。通过图像识别和多点受力分析生成高效精准的抓取方案，实现五指机器人的稳定上料操作。
华力创科学(深圳)有限公司,1,1,华力创科学(深圳)有限公司专注于开发高精度多维力触觉传感器技术，通过集成光学传感与柔性触觉接触件，实现对接触点位置、力值大小及方向的精确检测，提升机器人在复杂环境下的感知能力。
金洪润,1,1,金洪润的研究主攻方向为气柜门的自动控制技术，通过RFID和光学扫码双重校验、防障碍传感器及机器人操作实现安全高效的气瓶更换流程。
孙备宽,1,1,孙备宽的研究主攻方向为开发零耗电自解锁型制动器，通过机械结构将输入轴的旋转运动转换为直线运动，实现自动解除和施加制动功能，无需额外电力供应。该技术特别适用于需要节能和自动控制的制动系统。
山东鞅动力信息科技有限公司,1,1,山东鞅动力信息科技有限公司专注于开发基于多模态感知与行为决策的人形照护机器人系统，通过改进的RT-DETR模型和模态冲突图，提升机器人在复杂环境下的任务稳定性和智能响应能力。
中煤科工集团重庆研究院有限公司,1,1,中煤科工集团重庆研究院有限公司主要研究方向为基于巷道交岔点匹配的惯性导航误差校正技术，通过建立空间地磁坐标系和自主识别校准点来减少地图交互数据量并消除惯导累计误差。
杭州海康机器人股份有限公司,1,1,杭州海康机器人股份有限公司专注于机器视觉技术领域，特别是通过智能移动设备和3D扫描仪结合的方法，实现高效、自动化的物体三维模型构建与优化。
蓝腾制药公司,1,1,蓝腾制药公司专注于开发用于预测药物分子血脑屏障通透性的机器学习系统。通过处理和增强分子数据集，利用逻辑回归等技术优化特征选择，并训练模型以准确预测候选分子的血脑屏障通透性。
苏州森伯特智能科技有限公司,1,1,苏州森伯特智能科技有限公司专注于机器人末端电动快换盘技术，通过丝杆电机驱动钢珠锁紧活塞结构实现高效、可靠的夹具自动切换。其核心在于利用电机驱动丝杆精准控制活塞伸缩，结合三导向槽设计提升导向精度和锁紧可靠性，确保在各种环境下的稳定性能。
中屹振良(大连)科技有限公司,1,1,中屹振良(大连)科技有限公司专注于机器人领域的同轴旋转关节技术，通过创新设计实现预紧力可调，提高摩擦力矩和使用寿命，增强关节姿态保持和调节能力，同时保持结构紧凑和灵活性。
唐山松下产业机器有限公司,1,1,唐山松下产业机器有限公司专注于基于视觉的焊接轨迹实时调整技术，通过图像处理和三维坐标计算实现焊丝与焊缝位置的精准控制，提高焊接精度和效率，降低成本并增强应用广泛性。
中豫飞马新材料技术创新中心(郑州)有限公司,1,1,中豫飞马新材料技术创新中心(郑州)有限公司专注于高能量密度无负极锂金属电池的研发，通过在正极材料中添加补锂剂和石墨烯添加剂，并采用MOF结构包覆及涂覆隔离膜，提升电池的循环寿命、大倍率放电性能、能量密度和安全性，适用于高空无人机、低空飞行器和人行机器人等领域。
苏州深庭纪智能科技有限公司,1,1,苏州深庭纪智能科技有限公司专注于开发轻量级障碍物地图生成技术，通过融合点云数据与超声波数据，并结合机器人位姿信息实时更新障碍物地图，实现高效且低成本的避障效果。
万擎机器人(北京)有限责任公司,1,1,万擎机器人(北京)有限责任公司专注于机器人小臂结构和灵巧手的设计与优化，通过模块化设计和高效传动系统，实现便捷维护、延长使用寿命及增强工况适应性。
苏州锐璞科技有限公司,1,1,苏州锐璞科技有限公司专注于3D打印柔性制件的后处理技术，特别是开发环境友好的发光涂层材料。通过合成SWPUA涂层，结合SAOED粉体和改性PUA预聚体，实现对SLS打印TPU制件的高效涂覆，提升其在可穿戴设备、汽车内饰及人形机器人等领域的应用性能。
浙江东睦科达磁电有限公司,1,1,浙江东睦科达磁电有限公司专注于研发MHz级低损耗铁硅铝磁粉芯及其制备方法，通过金属扩散固溶技术提高材料的工作频率、有效磁导率并降低功率损耗。
浙江尘想人工智能科技有限公司,1,1,浙江尘想人工智能科技有限公司专注于开发基于粒子群算法的具身智能重载双臂协作机器人，通过状态感知模块和作业控制模块优化机器人的运动参数与约束，提升其在复杂作业环境中的稳定性和智能性。
国立大学法人大阪大学,1,1,大阪大学在机器人领域专注于开发结合操作者脑波与环境感知的智能控制系统，通过动态调整基于操作者意图和自主控制的权重，实现更灵活精准的操作对象行为决策。
北京海百川科技有限公司,1,1,北京海百川科技有限公司专注于开发仿真面部表情机器人的颈部运动设备，通过集成电动伸缩推杆和多自由度转动结构，实现机器人头部的灵活抬头、低头及旋转动作，增强仿真人机交互的真实性和自然度。
大连铂生高科技集团有限公司,1,1,大连铂生高科技集团有限公司专注于人型机器人仿生皮肤的加热控制技术，通过数字孪生模型和预测性运动状态分析，实现自适应功率分配，优化复杂动态任务中的热管理效果。
原力在线(北京)科技有限公司,1,1,原力在线(北京)科技有限公司专注于基于边缘计算的触觉感知处理技术，通过在近端或邻近边缘计算节点上动态分配和并行处理触觉传感器数据集，以减少传输延时、分散处理负载，确保实时性和高效性。
中国电信股份有限公司技术创新中心,1,1,中国电信股份有限公司技术创新中心专注于具身智能的全维度评测技术，涵盖具身大脑、小脑、系统及安全等多个层面，通过综合性能指标对智能体进行全面评估与分析。
中国电信股份有限公司,1,1,中国电信股份有限公司在机器人领域的研究主攻方向为具身智能的全维度评测技术，涵盖具身大脑、小脑、系统及安全等多个层面，旨在全面评估智能体在实际应用场景中的综合性能。
巨力自动化设备(浙江)股份有限公司,1,1,巨力自动化设备(浙江)股份有限公司专注于无框力矩电机的设计与优化，特别是在定转子冲片及磁钢结构方面，通过特定的槽极比设计和绕组结构改进，实现电机效率提升、齿槽转矩降低以及转矩脉动减少。
福建北峰通信科技股份有限公司,1,1,福建北峰通信科技股份有限公司专注于开发具有人形移动功能的集群通信基站系统，通过集成主控、感知、通信、分布式电源和用户交互等模块，实现复杂环境下的自主通信部署与优化，特别适用于应急通信和灾害救援等高危场景。
索爱信息科技(广州)有限公司,1,1,索爱信息科技(广州)有限公司专注于碳纤维材料在人形机器人骨架中的应用及其制造工艺，通过铆接结构实现快速组装和灵活关节弯曲，旨在提高机器人轻量化和强度。
惠州市宏泰碳纤维科技有限公司,1,1,惠州市宏泰碳纤维科技有限公司专注于碳纤维材料在人形机器人骨架中的应用及其制造工艺，通过铆接结构实现各部件的快速组装和灵活关节弯曲，旨在提高机器人骨架的强度与轻量化性能。
广东万怡家居用品有限公司,1,1,广东万怡家居用品有限公司专注于基于动态建模的梯子四连杆机构优化技术，通过分析传动角和力矩序列，结合摩擦圆修正和全行程峰值建模，实现单一控制参数优化，以降低操作力、避免卡滞并提升结构的一致性和可制造性。
上海无限工坊机器人科技有限公司,1,1,上海无限工坊机器人科技有限公司专注于开发高精度遥操作机器人技术，特别是在模拟人体生理活动范围的机械臂设计方面。其研究重点在于通过精确控制关节组件的运动范围来提高遥操臂的安全性和耐用性，适用于需要精细操作的场景。
湖北九峰山实验室,1,1,湖北九峰山实验室专注于氮化镓异质外延结构及其制备方法的研究，通过优化衬底上的多层结构设计，提高氮化镓材料的耐压性能和晶体质量。
无锡市恒汇电缆有限公司,1,1,无锡市恒汇电缆有限公司专注于研发具有智能监测功能的控制电缆，特别是针对机器人应用领域。其核心技术在于通过内置光纤传感器和螺旋式金属线实现对电缆弯曲、温度及剪切情况的实时监测，以提高电缆的安全性和使用寿命。
三星显示有限公司,1,1,三星显示有限公司专注于开发先进的显示装置制造与弯折技术，特别是通过集成多轴机器人和精密弯折设备实现高效、精准的基板弯折处理。该技术利用可拆卸连接器和旋转构件等组件，提高了生产过程中的灵活性与自动化水平。
上海师范大学,1,1,上海师范大学在机器人领域主要研究轻量化的单目三维目标检测方法，通过构建高效的统一检测模型，在保证高精度的同时大幅降低计算成本，适用于资源受限的机器人平台。
烟台工程职业技术学院(烟台市技师学院),1,1,烟台工程职业技术学院(烟台市技师学院)的研究主攻方向为谐波减速器的柔性装配自动化产线，通过集成双工业机器人、动态视觉检测、AMR运输及协同控制系统，实现高精度、高效率和多型号适配的自动化生产。
深圳砺焜智能科技有限公司,1,1,深圳砺焜智能科技有限公司专注于机器人灵巧手技术，特别是轻量化、小型化和高精度控制的指节模组设计。通过集成电机、换向机构和减速器，实现模块化手指关节，便于拆装和维修。
苏州共为电子科技有限公司,1,1,苏州共为电子科技有限公司专注于机械手指传感器技术，通过集成信号处理单元、多层线路结构和动态检测机制，实现对不同重量物体的精准抓取，提升操作的准确性和安全性。
北京晟世天安科技有限公司,1,1,北京晟世天安科技有限公司专注于双足机器人的掉电控制技术，通过实时监控和动态调整策略，引入外部支撑点以确保机器人在复杂掉电工况下的安全落位，避免摔落和损坏。
云南云天墨睿科技有限公司,1,1,云南云天墨睿科技有限公司专注于石墨烯复合材料的制备技术，特别是通过表面改性和浸渍超声处理，提高石墨烯导热件的机械强度和导热性能。
中国建设银行股份有限公司,1,1,中国建设银行股份有限公司在金融科技领域专注于提高服务器异常修复的安全性和效率，通过智能筛选异常服务器并自动生成和调整修复操作，确保在符合操作权限的前提下对目标服务器进行安全有效的修复。
建信金融科技有限责任公司,1,1,建信金融科技有限责任公司的研究主攻方向为服务器异常修复技术，通过智能筛选和生成修复操作，并结合位置信息与操作权限进行安全调整，提高服务器网络的运行稳定性和安全性。
安徽淘云科技股份有限公司,1,1,安徽淘云科技股份有限公司专注于不规则形态机器人的地图设置技术，通过在环境地图中标记传感器无法检测到的障碍物位置，提高地图精度和机器人导航的安全性。
广东墨睿科技有限公司,1,1,广东墨睿科技有限公司专注于石墨烯复合材料的制备技术，特别是通过表面改性和浸渍超声处理，提高石墨烯导热件的机械强度和导热性能，以实现高效导热和结构稳定性。
探客柏瑞科技(北京)有限公司,1,1,探客柏瑞科技(北京)有限公司专注于基于脑机接口的元认知训练控制技术，通过构建训练数据库和SOM模型，实现个性化任务推荐与刺激处理，提升训练对象与机器人之间的交互效果。
中国电子工程设计院股份有限公司,1,1,中国电子工程设计院股份有限公司专注于基于多源数据的运动恢复控制技术，通过融合惯性测量单元、光学动作捕捉系统及深度视觉传感器的数据，利用注意力机制和深度学习模型实现高精度的运动状态估计与闭环控制。
深圳市弘火智能科技有限公司,1,1,深圳市弘火智能科技有限公司专注于情感机器人技术领域，特别是通过集成呼吸组件与面部组件联动，使机器人能够模拟具有节律性的呼吸动作，提升拟人化表达的真实性和用户交互过程中的情感共鸣。
河北省科学院应用数学研究所,1,1,河北省科学院应用数学研究所专注于三维重建技术领域，特别是基于结构光图案的三维点云重建方法。通过获取和处理目标结构光图案中的绝对相位及坐标信息，快速准确地生成三维点云数据，提升三维重建的速度和效率。
威晟汽车科技(宁波)有限公司,1,1,威晟汽车科技(宁波)有限公司专注于电子水泵技术领域，特别是斜盘式柱塞水泵的设计与优化。其核心技术在于将电机组件、泵头组件及转轴集成于同一外壳内，实现一体化结构和高效直驱传输，从而提高水泵的整体性能和可靠性。
牛瓦时克(上海)科技有限公司,1,1,牛瓦时克(上海)科技有限公司专注于类人型机器人的关节设计，特别是髋关节的创新。其核心技术在于开发紧凑且高度灵活的连接组件，通过独特的旋转电机和半轴结构，实现机器人腿部的多方向自由运动，同时减少空间占用并提高运动灵活性。
苏州翼菲智能科技有限公司,1,1,苏州翼菲智能科技有限公司专注于开发高效、紧凑且自适应的机器人夹爪技术，特别针对空间受限场景和多样化作业需求。其核心技术包括高效的传动系统、快速响应机制以及基于柔性结构的自适应夹持能力，适用于人形机器人和工业自动化设备。
湖南科技大学三亚研究院,1,1,湖南科技大学三亚研究院专注于基于多维度传感器信号采集的电机快速检测技术，通过综合分析电流、电压、转速、温升及振动等关键信号，实现对电机内部损耗、绝缘老化、结构性缺陷及机械特性的全面自动化检测，显著提高检测效率和准确性。
瑞声科技(南京)有限公司,1,1,瑞声科技(南京)有限公司专注于直线驱动技术领域，主要研究方向为开发高效且精确的直线驱动机构。该机构通过集成位置传感器和感测组件实现对转子转动及丝杆轴向位置的实时检测与反馈，以提高绝对位置控制精度和自动回零校准效果。
广州盛中电子有限公司,1,1,广州盛中电子有限公司专注于电感器生产设备的研发，特别是针对一体成型电感的自动化生产线。其核心技术在于通过优化磁芯压制和线圈套装的顺序，提高电感产品质量，并实现高效流水线作业。
苏州益维铂科技有限公司,1,1,苏州益维铂科技有限公司专注于特种工程塑料改性技术，特别是高强度高导热CF-PEEK复合材料的制备方法。通过碳纳米管的精准引入与工艺优化，提升材料的刚度和导热性能，适用于人形机器人关节及传动部位等高端应用。
青岛浪潮海若人工智能有限公司,1,1,青岛浪潮海若人工智能有限公司专注于利用TensorBoard日志驱动和大模型服务进行强化学习训练参数的自动化调优，通过多模态日志解析和动态调参策略生成，显著提升调参效率。
石斌,1,1,石斌的研究主攻方向为机器人情感交互系统，通过高效语义理解、情绪状态识别和实时反馈调整，生成自然的语音、表情和动作反馈，以实现更自然流畅的人机交互体验。
安徽聆动通用机器人科技有限公司,1,1,安徽聆动通用机器人科技有限公司专注于开发基于视觉和自然语言处理的机器人控制技术，通过结合当前图像与动作指令预测机器人的未来行为，并利用世界模型增强动作预测的合理性和泛化能力。
苏州易德龙科技股份有限公司,1,1,苏州易德龙科技股份有限公司专注于轴向电机控制技术，通过采用主控芯片与协处理器的双处理架构，实现高实时性的磁场定向控制算法，提升电机控制精度、响应速度及运行稳定性，增强系统在复杂工况下的可靠性和安全性。
安徽广鼎智能科技有限公司,1,1,安徽广鼎智能科技有限公司专注于机器人视听融合的问答式交互技术，通过主动澄清、运动增强感知与高精度空间锚定策略，提升机器人在复杂环境下的任务执行准确性、空间定位鲁棒性及人机交互效率。
北京京东乾石科技有限公司,1,1,北京京东乾石科技有限公司专注于开发高效的任务处理方法与装置，通过任务分解模型和单元操作控制模型，实现复杂任务的自动化执行。其研究重点在于提高设备在多场景下的资源调度灵活性及对不同类型任务的适应性，同时降低模型训练复杂度和任务间的相互干扰。
丽水南城新澄产业创新服务有限公司,1,1,丽水南城新澄产业创新服务有限公司专注于开发应用于轮廓仪中的自动识别技术，特别是针对螺纹滚道类型的智能检测方法。该技术通过自动化流程实现对不同类型螺纹滚道的高效、准确区分，旨在提高工业检测过程的自动化水平与精度，减少人工依赖。
喀什大学,1,1,喀什大学在机器人领域主要研究基于异策略样本效率框架的对抗性模仿学习算法，通过高经验收集比例和动态回放缓冲池优化数据处理，利用Wasserstein距离剔除异常样本，并结合SAC算法增强样本数据，以提高模仿学习的准确性和效率。
苏州得尔达国际物流有限公司,1,1,苏州得尔达国际物流有限公司专注于研发适用于机器人的阁楼式货架结构及仓储方法，通过设计架空平台、护栏和转移支架等组件，实现地面与阁楼式货架上物流设备的有效衔接，提高物料转移的联动性能和仓储物流的灵活性。
浙江农林大学,1,1,浙江农林大学在机器人关节电机领域主攻高度集成化设计，通过中空内走线结构和一体化拼接式外壳，实现电机、减速机、制动器及驱动器的紧凑集成，显著减小轴向和径向尺寸，适用于高集成度场景如协作机器人和人形机器人。
浙江锂欣能源科技有限公司,1,1,浙江锂欣能源科技有限公司专注于开发适用于二次电池的高性能聚合物涂层及集流盘技术，通过优化涂层材料和结构，提升电池的机械性能、耐高温性能和化学稳定性，有效降低电池内阻和提高存储稳定性。
北京明正维元电机技术有限公司,1,1,北京明正维元电机技术有限公司专注于机器人领域的集约式多操作臂传动机构研发，通过永磁电机和电磁齿轮构成的多组动力单元，实现多轴、多维度的动力输出，为工业自动化提供高效、紧凑的多操作臂动力解决方案。
南通大任永磁电机制造有限公司,1,1,南通大任永磁电机制造有限公司专注于研发集约式多操作臂传动机构，通过永磁电机和电磁齿轮构成的多组动力单元，实现多轴、多维度的动力输出，为机器人工业自动化提供高效、灵活的动力解决方案。
常州市凯迪电器股份有限公司,1,1,常州市凯迪电器股份有限公司专注于提升编码器精度的二次校准技术，通过结合自校准程序和伺服电机对拖平台生成的两组校准参数进行线性拟合，以消除系统级误差并提高灵活性。
深圳市濠云科技有限公司,1,1,深圳市濠云科技有限公司专注于多模态重载助行机器人的研发，通过深度学习算法和激光雷达技术实现智能导航与路径规划。其核心技术包括多模态信息融合、动态地图构建、风险物体识别及智能避障策略。
浙江澜沐浦科技有限公司,1,1,浙江澜沐浦科技有限公司主要研究方向为石墨烯的高效制备技术，通过创新的微波工艺装置和方法实现连续式生产，简化了制备过程中的气氛控制要求，降低了成本并提高了生产效率。
昆山佰奥软件有限公司,1,1,昆山佰奥软件有限公司专注于行星滚柱丝杠的恒定力加载测试技术，通过集成主驱动电机、负载模拟装置、拉压力传感器和控制模块，实现对丝杠螺母往复运动中负载力的精确控制与平稳换向，确保测试过程中负载力的恒定及无波动过渡。
江苏鹿山新材料有限公司,1,1,江苏鹿山新材料有限公司专注于开发高灵敏度、宽检测范围和快速响应时间的复合纳米纤维电子皮肤。该技术结合了柔性传感与先进材料制备方法，通过静电纺丝工艺制备具有周期性排列凸起结构的纳米纤维层，适用于智能可穿戴设备等领域的应用。
姚舜,1,1,姚舜的研究主攻方向是基于自然语言理解和动作基元库的高鲁棒性具身陪伴机器人系统，通过多模态数据采集和个性化扩展方法，实现情感交互、生活协助等场景下的高度贴合用户需求的陪伴服务。
安徽瑞控信光电技术股份有限公司,1,1,安徽瑞控信光电技术股份有限公司专注于电磁型角位移传感器的自校准技术，通过引入温度观测值和时间累积漂移量建模，结合补偿电压算法与卡尔曼滤波，实现在线自校准，有效抑制温度漂移和安装误差，提高角度测量精度与长期稳定性。
镇江先锋汽车零部件有限公司,1,1,镇江先锋汽车零部件有限公司专注于铝合金机壳的高效冲压成型技术，通过优化材料利用和工艺流程，实现成本降低与生产效率提升。其核心技术在于采用特定的轴向叠料及局部侧向冲压方法，以形成具有内外叠料部和外通道的铝合金机壳。
惠州市新泰欣宏精密模具有限公司,1,1,惠州市新泰欣宏精密模具有限公司专注于开发耐高温、耐腐蚀的挤出模具技术，特别是通过采用镍合金材料和耐磨嵌件设计，提高模芯在高温和腐蚀环境下的使用寿命和性能。
徐工消防安全装备有限公司,1,1,徐工消防安全装备有限公司专注于开发化学品侦检技术，通过无人机与全地形移动装置的协同作业，结合非接触式傅立叶红外光谱分析，实现复杂环境下的快速、精准和全方位化学品检测。
西南交通大学,1,1,西南交通大学在机器人领域的研究主攻方向为开发高效高质的齿轮抛光技术，通过设计与被抛光齿轮相啮合的抛光头，结合化学和机械协同作用，实现多齿面同步均匀接触，提高抛光质量和效率，同时保证抛光过程的稳定性和低磨损。
山东瓦利斯智能科技有限公司,1,1,山东瓦利斯智能科技有限公司专注于人形结构作业机器人的研发，主要研究方向为多模块资源的自主感知、智能规划与协同控制技术，通过中央控制器实现动态环境下的高效流水线作业。
深圳供电局有限公司,1,1,深圳供电局有限公司在机器人领域主要研究方向为足式机器人的高效散热技术，特别是通过结合第一散热组件和第二散热组件实现电机盒和轴承润滑油的协同散热，适用于空间紧凑、热负荷高的机器人腿部环境。
上海宝山区上大通用智能机器人研究院,1,1,上海宝山区上大通用智能机器人研究院专注于事件驱动的机器人手势识别与控制技术，通过事件相机捕捉手部动作并实时转化为机器人关节电机的控制指令，实现低延迟、自然流畅的人机交互体验。
华北电力大学,1,1,华北电力大学在机器人领域主要研究基于空天异步联邦边缘学习的通感算资源管理方法，通过设计分层的联邦模型聚合机制和优化通信、感知、计算资源分配，提升联邦学习性能。
扬华智造(四川)创新科技有限公司,1,1,扬华智造专注于开发高效齿轮抛光技术，通过设计与齿轮啮合的抛光头和多轴联动系统，结合化学抛光液，实现高质量、高效率的齿轮表面处理。该技术显著提升了抛光质量和效率，同时降低了抛光头磨损，保证了抛光过程的稳定性。
北京锦域天成科技有限公司,1,1,北京锦域天成科技有限公司专注于低铁损无取向硅钢的制备工艺及其在新能源汽车驱动电机和工业无人机扁线电机中的应用，通过优化化学成分和表面涂层技术，实现材料的低铁损和高磁感性能。
泰州英博科技有限公司,1,1,泰州英博科技有限公司专注于智能机器人安全与能效一体化系统，通过多源数据融合、非线性模型预测控制及云边协同技术，实现机器人的高效能监控、安全预警和智能控制。核心在于利用改进型非线性模型预测算法优化轨迹误差，提升系统的同步校准精度和整体性能。
深圳市杉川谐波传动科技有限公司,1,1,深圳市杉川谐波传动科技有限公司专注于谐波传动技术领域，特别是通过优化凸轮设计来增强凸轮和柔性轴承的连接可靠性。其核心技术在于利用表面织构（包括轴向微槽和周向微槽）在不同区域的密度分布来改善机械性能。
常州恒益电机股份有限公司,1,1,常州恒益电机股份有限公司专注于机器人关节制动器的扭矩过载预测与自适应保护控制技术，通过实时采集和分析传感器数据，结合历史制动数据，实现对扭矩过载风险的预测，并生成相应的自适应保护策略，以提高制动器的安全性和可靠性。
苏州博安捷机器人科技有限公司,1,1,苏州博安捷机器人科技有限公司专注于模块化轮腿机构和机器人的研发，通过将机器人肢体设计为包含控制与执行模块的模块化结构，实现无外壳关节设计，从而减轻整体重量、提高散热效率并增强运行稳定性。
无锡锦业智能装备有限公司,1,1,无锡锦业智能装备有限公司专注于钢板加工设备领域，特别是张力夹送切割装置的研发。其核心技术在于通过集成张力组件、剪切组件和换向铲板组件，实现高精度、高同步性和高灵活性的钢板分条、矫平及纵剪线连续化加工。
深圳优艾智合机器人科技有限公司,1,1,深圳优艾智合机器人科技有限公司专注于机器人强化学习训练技术，通过结合策略模型、物理仿真和奖励函数优化机器人的关节控制力矩，提高其在不同状态下的姿态平衡与运动控制能力，增强机器人训练的可靠性和精确性。
中松博士创新研究所,1,1,中松博士创新研究所专注于开发高精度的日语生成AI技术，特别是在提高日语英语翻译准确性方面。其研究还涉及将该技术应用于基于语音交互的咨询服务、竞选活动以及产品使用说明书等场景中，以增强用户体验和信息传递效率。
东北财经大学,1,1,东北财经大学在机器人领域的研究主攻方向为基于多条件编码器模型和多条件交叉注意力机制的演讲行为识别与人机对话动作生成技术，实现自然流畅且内容匹配的动作序列生成。
蒂普爱可斯有限公司,1,1,蒂普爱可斯有限公司专注于神经网络模型的转换与优化技术，通过提供多种编译选项和NPU选择，实现高效灵活的神经网络处理，适用于不同硬件平台的智能计算需求。
江西省纳米技术研究院,1,1,江西省纳米技术研究院专注于开发多模态柔性传感器，特别是压力-温度-红外复合传感器。该传感器采用聚酰亚胺-MXene-碲化铋复合气凝胶作为敏感层，具备三维多孔结构，实现无干扰的多信号检测，并具有接触式和非接触式感知功能，适用于多种应用场景。
上海畅荔智能科技有限公司,1,1,上海畅荔智能科技有限公司专注于开发多功能具身智能护理机器人，集成了自由转向移动底盘、爬楼装置、可移位座垫、抬移助力装置、折叠轮椅靠背和双臂智能机器手等组件，并通过AI电控系统实现智能化控制。该机器人旨在为失能及半失能老年人或病患者提供全方位的护理服务，包括移位、入厕、洗浴、更衣、饮食以及出行等，同时具备处理日常家务和与老人交流的能力。
中电海康集团有限公司,1,1,中电海康集团有限公司在磁编码器领域专注于开发基于嵌套码型的绝对值式编码技术，通过多层格雷码实现高精度和高分辨率的角度测量，同时降低磁环加工难度和安装误差敏感性，适用于小型化应用。
奥兰特智能机器人科技(苏州)有限公司,1,1,奥兰特智能机器人科技(苏州)有限公司专注于家用智能人形服务机器人的控制系统，通过环境感知、意图推断和柔顺调控等技术，实现对儿童交互意图的识别与自适应调整，提升机器人在家庭环境中的安全性与适配性。
无锡聚诚智能科技有限公司,1,1,无锡聚诚智能科技有限公司专注于机器人技术领域，特别是基于参数自学习的永磁EC电机模块化关节力矩控制方法。该方法通过在线参数自学习机制，实时辨识并动态补偿电机参数变化，实现高精度、高鲁棒性的力矩控制。
立讯电子科技(昆山)有限公司,1,1,立讯电子科技(昆山)有限公司在机器人技术领域专注于开发高效紧凑的头部结构，通过矩阵排列的运算模组和连接器设计，在有限空间内大幅提升算力，优化机器人的计算性能。
湖南视比特机器人有限公司,1,1,湖南视比特机器人有限公司专注于智能机器人在汽车制造领域的应用，特别是在汽车门盖的智能装调技术。通过三维点云获取和分析，结合机器学习模型进行精准的装调决策，提高门盖装调的准确性和效率。
江苏赛福天集团股份有限公司,1,1,江苏赛福天集团股份有限公司专注于机器人用复合材料腱绳及其超高分子绳芯的研发，通过创新的材料组合和工艺技术，提升腱绳的结构稳定性、力学性能及耐疲劳性，以满足机器人驱动系统在重载、高频运动与复杂工况下的高性能需求。
安徽建筑大学,1,1,安徽建筑大学在机器人领域专注于高效人体姿态估计技术，通过多阶段动态Token感知方法增强对人体关键点局部与全局信息的建模能力，在较低计算量下实现准确、高效的人体姿态估计，提升具身智能交互任务的执行效果。
贵州大学,1,1,贵州大学在机器人领域专注于开发具有优良力学性能和导热性能的细晶高导电半固态注射成型镁合金及其制备方法，适用于高质量、高精度的镁合金部件制造。
武汉海默机器人有限公司,1,1,武汉海默机器人有限公司专注于机器人控制技术，特别是基于CSFM非线性摩擦模型和混合GWO-PSO算法的机器人关节动态参数辨识方法。该方法通过优化动力学模型和参数辨识过程，提升机器人在复杂运动场景中的适应性和精确控制能力。
嘉兴市敏硕智能科技有限公司,1,1,嘉兴市敏硕智能科技有限公司专注于变刚度机器人关节的双电机驱动系统及其控制方法，通过构建多模型并优化目标函数实现对双电机的协同控制，以提高机器人关节的响应速度和刚度柔顺性。
深圳市速腾聚创科技有限公司,1,1,深圳市速腾聚创科技有限公司专注于机械手指的驱动装置和机械手技术，通过创新设计的导轮组件、驱动组件及张紧组件，实现对机械手指牵引绳的自动张紧与松紧度调节，提高机械手操作精度与可靠性。
大冶有色金属有限责任公司,1,1,大冶有色金属有限责任公司的研究主攻方向为银的高效提纯技术，通过改进电解工艺和使用特定杂质络合剂，实现高纯度银的提取，同时降低生产成本和对原料的要求。
重庆小康动力有限公司,1,1,重庆小康动力有限公司专注于机器人关节模组的扭矩控制技术，特别是在润滑故障情况下通过监测和调整摩擦系数及温度来优化扭矩输出，以提高机器人关节的安全性和可靠性。
深圳理工大学,1,1,深圳理工大学在机器人领域专注于开发基于磁流变液的可调流体间隙液压缸技术，通过控制磁场和流体间隙来实现对液压缸阻抗力矩的精确调节，以适应不同步态相位的需求。
上海速腾聚创科技有限公司,1,1,上海速腾聚创科技有限公司专注于机械手指的驱动装置和机械手的研发，通过创新的导轮组件、驱动组件和张紧组件设计，实现对牵引绳的自动张紧和松紧程度的自动调整，提高机械手指的稳定性和可靠性。
安徽睿思博机器人科技有限公司,1,1,安徽睿思博机器人科技有限公司专注于极窄空间谐波减速机及其密封装置的研发，通过无骨架密封件、斜面密封设计和内圈轴凸缘压合等创新技术，实现紧凑化设计，提高密封可靠性和传动稳定性。
深圳市鑫精诚传感技术有限公司,1,1,深圳市鑫精诚传感技术有限公司专注于多维力传感器的研发，特别是在长方形板式结构的创新设计上，通过优化弹性体和形变梁的布局，提高传感器在多维度力测量中的精度和响应性能。
宁国睿思博机器人科技有限公司,1,1,宁国睿思博机器人科技有限公司专注于极窄空间谐波减速机的设计与优化，通过创新的无骨架密封件、斜面密封设计和内圈轴凸缘压合技术，实现紧凑结构下的高效密封和稳定传动，满足机器人领域对高精度、小体积减速机的需求。
浙江拾玥科技有限公司,1,1,浙江拾玥科技有限公司专注于机器人技术领域，特别是参数化多连杆多模态灵巧手的研发。该灵巧手集成了视觉识别与触觉感知功能，能够提供精确的接触信息，支持对微小物体的精准识别、操控与动态调整，适用于非结构化环境中的复杂任务。
招商局检测车辆技术研究院有限公司,1,1,招商局检测车辆技术研究院有限公司专注于人形机器人领域，特别是在冗余机械臂的逆运动学解析方法上，通过考虑关节限位与避障约束，实现高效且安全的机械臂运动规划。
深圳市奋达科技股份有限公司,1,1,深圳市奋达科技股份有限公司专注于智能交互技术领域，特别是通过多模态数据融合与分析来提升陪伴机器人的交互体验。其核心技术在于利用情感识别和意图推测模型，实现对用户情感状态及需求的精准理解，并据此生成个性化的交互方案。
宁国市普萨斯密封技术有限公司,1,1,宁国市普萨斯密封技术有限公司专注于极窄空间谐波减速机的密封技术，通过无骨架密封件、斜面密封设计和内圈轴凸缘压合等创新，实现紧凑化设计，同时保证密封可靠性和传动稳定性。
浙江淡淡智能科技有限公司,1,1,浙江淡淡智能科技有限公司专注于基于智能体递归与多模型融合的异构硬件智能管理技术，通过多层级智能体协作和动态模型权重调整，实现跨领域的高效硬件管理和智能调度，适用于超级计算机、智能汽车及智慧城市等场景。
深圳鹰瞰智翼科技有限公司,1,1,深圳鹰瞰智翼科技有限公司专注于小型机器人腿部结构的优化设计，通过减少膝关节处的传动机构数量和降低转动惯量，实现紧凑高效的腿部结构，从而在低能耗条件下提升机器人的待机时长。
浙江省质量科学研究院,1,1,浙江省质量科学研究院的研究主攻方向为自动化台阶攀爬测试装置，通过灵活调节台阶高度来模拟多样化测试场景，适用于多种型号设备和多场景需求的测试任务。
淮南师范学院,1,1,淮南师范学院在机器人领域主要研究基于自适应梯度裁剪的深度神经网络训练优化方法，通过动态阈值生成机制和梯度裁剪技术提高具身机器人的学习效率和性能。
中航光电科技股份有限公司,1,1,中航光电科技股份有限公司专注于智能化仓库维护技术，特别是通过无线数电集成互连系统实现装备的不开箱维护和机器人组网协同，提高特种仓库的安全性和维护效率。
中国运载火箭技术研究院,1,1,中国运载火箭技术研究院在机器人领域专注于基于脑电和肌电信号的机械臂拟人化操控技术，通过人体运动解算网络和安全性校正处理，实现对人体上肢动作的精准模拟与控制。
无锡蔚动智能科技有限公司,1,1,无锡蔚动智能科技有限公司专注于机器人一体化关节模组的高精度多圈计数技术，通过扩展霍尔状态的有效角度区间和深度耦合低分辨率霍尔信号与高精度角度读数，显著提高系统的可靠性和鲁棒性。
济南创泽生物医药科技有限公司,1,1,济南创泽生物医药科技有限公司专注于无人化P3实验室的研发，通过集成智能搬运器械、视觉系统和HEPA系统等技术，实现生化实验操作的自动化，减少人员感染风险并提高工作效率。
杭州联汇科技股份有限公司,1,1,杭州联汇科技股份有限公司专注于基于OmAgent的具身智能体视觉思维链训练数据生成技术，通过预处理、视觉推理、文本转化、数据结构化及人工校准等步骤，提升训练数据质量和可靠性，增强具身智能体的多模态信息处理能力和训练效率。
天府绛溪实验室,1,1,天府绛溪实验室专注于锂离子电池电解液的创新研究，通过开发新型混合有机溶剂体系及添加剂，优化SEI膜的成分和结构，以提高锂电池的安全性、循环寿命和功率性能。
无锡泉智博科技有限公司,1,1,无锡泉智博科技有限公司专注于机器人关节轴承的抗冲击测试技术，通过设计多方向和多角度的冲压组件及可转动的测试平台，实现对轴承在复杂工况下的全面、精确模拟测试，提升测试的真实性和覆盖范围。
宁波尼兰德磁业股份有限公司,1,1,宁波尼兰德磁业股份有限公司专注于低磁偏角稀土永磁体的制备技术，通过优化充磁、标记基本面及后续加工工艺，确保磁体在回火和加工过程中保持低磁偏角，提高磁体性能和精度。
东莞市益铁金属制品有限公司,1,1,东莞市益铁金属制品有限公司专注于铁芯加工技术领域，特别是通过改进铁芯旋片工艺及装置来优化硅钢片的叠片过程，以实现铁耗方向的均匀分布，从而提高电机效率并降低电流损耗。
厦门市铂联科技股份有限公司,1,1,厦门市铂联科技股份有限公司专注于研发高精度、高稳定性的FPC薄膜应变片及其制作方法，通过无胶溅射结合特定铜镍合金配方，解决传统应变片的胶层老化和温度漂移问题，实现超薄柔性及批量生产。
杭州华望系统科技有限公司,1,1,杭州华望系统科技有限公司专注于基于物理熵减与流形重塑的具身智能控制技术，通过多级任务路由机制和轻量化三维结构化场景描述符，实现对柔性、流体及动态博弈任务的高效泛化，并采用异构同步架构解决软硬件协同难题。
湖南美磁科技有限公司,1,1,湖南美磁科技有限公司专注于稀土永磁材料技术领域，特别是无重稀土钕铁硼磁体的研发。通过优化主相和辅相成分及制备方法，实现高磁性能、优良力学性能，并适用于大规模生产。
智新科技股份有限公司,1,1,智新科技股份有限公司专注于轴向磁通电机的研发，通过双定子对称布置和反向绕组电流设计，实现磁通路径的轴向流动与磁拉力的对称抵消，显著提升功率密度和转矩密度，同时降低轴承负荷，优化电机重量。
重庆尚循熙机械制造有限公司,1,1,重庆尚循熙机械制造有限公司专注于机械传动技术领域，特别是紧凑型减速机总成的设计与开发。其核心技术在于通过两级行星齿轮结构共用同一轴向空间，并利用动力转换齿圈实现高效、超薄的减速传动系统。
上海联合滚动轴承有限公司,1,1,上海联合滚动轴承有限公司专注于开发直线关节反式丝杠副的防转机构，通过设计独特的推杆防转装置，有效限制推杆转动，提高机械传动的稳定性和精度。
深圳市灵巧驱控技术有限公司,1,1,深圳市灵巧驱控技术有限公司专注于人形机器人领域，特别是灵巧手的抓握系统及其控制方法。通过监测电机电特性并进行智能控制，实现对不同硬度、形状和重量物体的精确抓握，确保抓握稳定性和避免电机过热问题。
陕西电器研究所,1,1,陕西电器研究所在智能传感器信号处理领域，专注于多维力传感器的非线性耦合误差建模与解耦方法，通过精度筛选、分段变阶拟合和正负矩阵修正技术，实现高精度力控需求，适用于机器人和航空航天等领域。
重庆凤凰技术有限公司,1,1,重庆凤凰技术有限公司专注于机器人末端执行器的快速更换技术，通过设计连接和解锁机构实现机械臂与末端执行器之间的自动切换，提高工作效率。
北京泽声科技有限公司,1,1,北京泽声科技有限公司专注于单芯片触觉或应力感应技术，通过在单个芯片上集成应力感知单元和ADC转换器，实现对触觉或应力变化的高精度数字化感知。该技术应用于芯片阵列中，每个节点独立完成信号处理，减少引线干扰，提高整体系统的灵敏度和可靠性。
阿克勒斯仿生学有限公司,1,1,阿克勒斯仿生学有限公司专注于开发用于假肢、矫形器或人工肢体的智能自适应控制系统，通过结合运动模型和训练响应模型，实现基于当前运动状态和候选机械动作的自学习和优化，以提高假肢等设备的控制精度和适应性。
洛阳轴承集团股份有限公司,1,1,洛阳轴承集团股份有限公司专注于轴承试验技术领域，特别是在交叉滚子轴承的试验装置方面。其研究主攻方向是开发功能全面、精度高且操作便捷的试验装置，能够模拟实际工况中的复杂受力环境，确保试验结果的准确性和可靠性。
江阴法尔胜泓昇不锈钢制品有限公司,1,1,江阴法尔胜泓昇不锈钢制品有限公司专注于开发高性能灵巧手用钨质腱绳及其制备工艺，通过掺杂氧化镧和精确控制加工参数，实现高拉力、低松弛率和良好疲劳寿命的腱绳。
王应天,1,1,王应天的研究主攻方向为改进型类人脑智慧机，通过优化存储比较单元、增加高电平汇聚总线和释放电源输入总线，以及改进互激传输阻尼网，增强纯硬件设备的学习、识别、联想和推理能力，使其具有更强大的智慧功能且更易设计制造。
浙江劳伦斯机床有限公司,1,1,浙江劳伦斯机床有限公司专注于精密齿轮加工设备领域，特别是在插齿机让刀量调节技术方面具有显著创新。其核心技术在于开发了一种通过可调支点和偏心套实现的传动比可调杠杆机构，能够在不停机、不更换凸轮的情况下连续精确调整让刀量，并确保刀具运动轨迹与工件轴线平行，提高加工精度和适应性。
法尔胜泓昇集团有限公司,1,1,法尔胜泓昇集团有限公司专注于高拉力低松弛钨质腱绳的研发，通过掺杂氧化镧和精确控制制备工艺，提升腱绳的破断拉力、降低应力松弛率并延长弯曲疲劳寿命，适用于机器人灵巧手等高要求应用场景。
吉林省中研高分子材料股份有限公司,1,1,吉林省中研高分子材料股份有限公司专注于聚醚醚酮树脂的逆向连续抽提和水洗技术，通过多级串联的抽提塔和水洗塔，结合溶剂分离罐，实现高效、连续的聚合物纯化过程。
赛力斯汽车有限公司,1,1,赛力斯汽车有限公司专注于智能座舱交互界面的自动化测试技术，通过生成和筛选操作路径来提高测试准确率。
富迈科(常州)智能控制技术有限公司,1,1,富迈科(常州)智能控制技术有限公司专注于微型伺服减速器的研发，致力于提高精密控制微电机的传动精度和稳定性。其核心技术包括高精准机座设计、修缘顶切型内齿圈及行星架一体式结构，并通过定压阻尼器消除轴承轴向游隙，适用于精密仪器、智能设备及人形机器人等领域。
壮思飞(上海)管理咨询有限公司,1,1,壮思飞(上海)管理咨询有限公司专注于基于高算力ARM64-NPU模组的智能导览机器人系统，通过多模态感知数据和场景动态理解实现智能决策和服务策略自适应调整，提升机器人在复杂环境下的服务适应性和用户交互体验。
无锡嘉合汇智科技有限公司,1,1,无锡嘉合汇智科技有限公司专注于机器人关节模组的紧凑化设计，通过将中空轴电机和谐波减速器直接连接，省去传统联轴器，显著减小轴向尺寸，使关节模组更加紧凑，适用于空间受限的应用场景。
沛嘻科技股份有限公司,1,1,沛嘻科技股份有限公司专注于开发基于机器学习的智能机器人社群系统，通过设定机器人属性并利用生成式智能模型在社群媒体上创建内容，实现用户与智能机器人之间的互动和社群关系建立。
上海前瞻创新研究院有限公司,1,1,上海前瞻创新研究院有限公司专注于开发基于MXene材料的柔性触觉传感器技术，通过结合具有赝电容活性的MXene与改性离子导电水凝胶，实现高灵敏度、宽压力范围和温度稳定性的传感性能。
浙江众邦机电科技有限公司,1,1,浙江众邦机电科技有限公司专注于机器人关节模组中的编码器信号处理技术，通过构建数据缓存区和高阶多项式插值方法，提高位置信号的连续性和精度，从而优化机器人的运动控制性能。
王晶,1,1,王晶的研究主攻方向为基于语音驱动的机器人表情生成技术，通过将用户的语音信息转换为面部表情控制指令，实现机器人在实时交互场景中的自然表情反馈。
四川陈信智控科技有限公司,1,1,四川陈信智控科技有限公司专注于电机平滑线性加减速系统的研发，通过优化扫描周期计算和精准控制脉冲信号，实现电机在不同应用场景下的平滑加减速，提高响应速度和控制精度，减少超调和震荡现象。
中国科学院上海硅酸盐研究所,1,1,中国科学院上海硅酸盐研究所专注于全固态电池技术领域，特别是硫化物固态电解质粉体的细化方法。通过优化球磨工艺和选择合适的溶剂，实现高离子电导率和小粒径的硫化物固态电解质粉体，以提升全固态电池性能。
北京星箭长空测控技术股份有限公司,1,1,北京星箭长空测控技术股份有限公司专注于基于惯性导航的机器人定位技术，通过优化分析、多模块融合及有效点筛选策略，提高巡检机器人的定位精度。
南昌市言诺科技有限公司,1,1,南昌市言诺科技有限公司专注于化学实验操作任务的机器人动作序列优化，通过自适应调整动作块大小和利用专家数据集训练ACS-ACT模型，提高机器人在执行高精度和平滑度要求任务时的表现，从而提升任务成功率、减少耗时并改善动作平滑度。
华软科技股份有限公司,1,1,华软科技股份有限公司专注于四足机器人在室外广域范围内的高精度定位技术，通过改进GNSS RTK定位方法，利用双天线接收卫星数据并结合4G网络获取差分数据进行RTK解算，提高四足机器人的定位精度和适应性。
湖北汉派科自动化技术有限公司,1,1,湖北汉派科自动化技术有限公司专注于机器人领域的仿生液压踝关节设计，通过简化传统机构并采用弧形油缸驱动，提升机械腿的灵活性和驱动力，同时优化密封性能和紧凑性，实现更符合仿生运动学原理的机械腿结构。
上海舞肌科技有限公司,1,1,上海舞肌科技有限公司专注于开发低成本、大面积铺设的触觉感知技术，通过电极阵列实现高效的触觉感知和反馈系统。
青葵智造(杭州)科技有限公司,1,1,青葵智造(杭州)科技有限公司专注于化学实验操作任务中机器人动作序列的优化，通过自适应调整动作块大小并结合专家数据集训练ACS-ACT模型，提升机器人在高精度和平滑度要求任务中的执行效果，包括减少任务耗时、提高成功率和动作平滑度。
刘力军,1,1,刘力军的研究主攻方向是基于动态自进化拟人式计算的跨模态情感交互系统，通过多模态感知、自注意力机制和联邦学习实现情感识别与自然交互，结合拓扑优化硬件设计提升机器人在养老服务等领域的应用效果。
北京极光智芯科技有限公司,1,1,北京极光智芯科技有限公司专注于基于视觉的高灵敏度触觉传感器技术，通过分析柔性层形变图像信息来提高机械手和机器人的感知精度与操作精细度。
中船西南(重庆)装备研究院有限公司,1,1,中船西南(重庆)装备研究院有限公司专注于机器人关节技术领域，特别是力位控制直线关节的研发。通过采用反向式行星滚柱丝杠和双编码器设计，实现高精度的位置标定与传动效率提升，增强机器人的运动控制性能和使用寿命。
光象(北京)科技有限公司,1,1,光象(北京)科技有限公司专注于移动操作机器人的位姿优化技术，通过多目标优化函数整合机械臂可达性、作业距离偏好和双臂负载均衡，采用差分进化算法实现全局优化，并提供容差范围及可视化决策支持，以提升机器人自主作业的效率和可靠性。
茂名市百强微电子有限公司,1,1,茂名市百强微电子有限公司专注于锂电池电路保护技术，特别是通过监测和分析锂电池模组在充放电过程中的温度变化趋势，实现对异常情况的检测与反馈调节，以确保锂电池的安全性、性能和寿命。
杭州今日芯动科技有限公司,1,1,杭州今日芯动科技有限公司专注于开发高拟真度的机器人表情控制系统，特别是通过创新的形变引导约束结构实现自然流畅的仿生皱眉动作，提升人机交互的真实感和用户体验。
北京超核电子科技有限公司,1,1,北京超核电子科技有限公司专注于高精度姿态测量技术，通过融合惯性测量、地磁采集和自适应滤波算法，实现全温域下的动态跟随与振动抑制，提升系统的环境适应性和部署效率。
中国人民解放军海军工程大学,1,1,中国人民解放军海军工程大学在机器人领域主要研究基于子等变图神经网络的协同演化方法，通过构建包含结构变换、属性调整与行为控制的框架，利用PPO算法优化形态和行为策略，提升3D复杂任务中的样本效率、泛化能力和形态-任务适配性。
上海国华智驱人形机器人有限公司,1,1,上海国华智驱人形机器人有限公司专注于谐波减速器柔轮结构的创新设计，通过优化柔轮外壳、过渡连接件及加强肋的结构和材料特性，提升柔轮的承载性能、传动稳定性和使用寿命，确保谐波减速器在机器人应用中的高效可靠。
联通智网科技股份有限公司,1,1,联通智网科技股份有限公司专注于图像生成模型的训练方法，通过结合多模态数据（如点云和图像）来提升模型生成图像的质量，降低模型训练难度。
中色正锐(山东)铜业有限公司,1,1,中色正锐(山东)铜业有限公司专注于压延铜箔母材的高效制备技术，通过优化熔炼、冷轧及退火工艺，实现材料内部组织均匀、导电性好、表面质量优异和高尺寸精度，显著提升铜箔的整体性能和加工效率。
湖北开特汽车电子电器系统股份有限公司,1,1,湖北开特汽车电子电器系统股份有限公司专注于电机技术领域，特别是预制线圈的制备方法。其核心技术在于通过优化线圈架设计、绕制方式及灌封处理工艺，提高线圈结构稳定性与散热性能，从而提升电机装配效率和整体性能。
湖南习嘉机器人有限公司,1,1,湖南习嘉机器人有限公司专注于基于深度图关键点3D定位的工业料包自动投料系统与方法，通过结合彩色图像与深度图实现高精度的关键点定位和三维坐标重建，利用混合逆运动学算法进行机器人轨迹规划，实现全流程自动化操作，提高识别精度、作业效率和安全性。
杭州轻蛙科技有限公司,1,1,杭州轻蛙科技有限公司专注于仿生机器人的研发，特别是在机器人手部与躯干部的活动连接及驱动技术方面。其核心技术在于通过多轴线驱动装置实现手部灵活运转的同时减小连接部位尺寸，提高仿生机器人的结构紧凑性和动作多样性。
绍兴吉能纳米科技有限公司,1,1,绍兴吉能纳米科技有限公司专注于研发高效能的同向斜齿行星滚柱丝杠及传动系统，通过创新的斜齿结构设计，实现力的同向叠加，显著提升传动效率、承载能力和使用寿命，突破传统直齿结构的性能限制。
国华鼎立(北京)智能装备有限公司,1,1,国华鼎立(北京)智能装备有限公司专注于谐波减速器柔轮结构的优化设计，通过改进柔轮外壳、过渡连接件及加强肋的结构与材料特性，提升柔轮的承载性能、传动稳定性和使用寿命，确保谐波减速器的高效可靠运行。
合肥徽自机器人技术有限公司,1,1,合肥徽自机器人技术有限公司专注于开发具有自主导航和柔性操作能力的轮式人形智能机器人，特别注重在狭小空间内的物料搬运功能以及设备稳定性和耐用性的提升。通过创新设计如电动丝杆驱动系统与三角支撑结构，增强机器人的适应性和负载能力。
拟态机器人科技(宜宾)有限公司,1,1,拟态机器人科技(宜宾)有限公司专注于开发可变形多模态运动智能机器人的控制方法，通过集成分布式感知系统、地形识别与模式映射技术，实现机器人在不同应用场景中平滑切换爬行、轮式、足式与人形等多种运动模式，以适应复杂环境并提高任务执行效率。
康士伯海事有限公司,1,1,康士伯海事有限公司专注于浮式风力涡轮机的拖拽操作辅助系统，通过无线通信和位置传感器技术，结合动态定位系统，实现对主拖拽船和辅助拖拽船的精确控制，优化拖拽过程中的力和方向设定。
重庆前卫科技集团有限公司,1,1,重庆前卫科技集团有限公司专注于柔性自动化生产单元的研发，通过集成工业机器人、多台加工设备、料库存储单元及清洗机构，并利用控制器实现高效通信与控制，以适应快速切换的样品试制和小批量生产需求。
惠州亿纬锂能股份有限公司,1,1,惠州亿纬锂能股份有限公司专注于电池管理技术领域，特别是在机器人多电池包供电系统的管理和优化方面。其核心技术在于通过自动识别供电模式并动态调整供电策略，以提高机器人的供电可靠性和连续性。
成都兴锦人形机器人科技有限公司,1,1,成都兴锦人形机器人科技有限公司专注于开发高效紧凑的机器人头颈部结构，通过集成侧摆、水平转动和俯仰机构，实现多自由度运动，解决现有技术中结构复杂、空间占用大及运动受限的问题，提升仿人机器人的设计灵活性和功能性。
广州新烨数码科技股份有限公司,1,1,广州新烨数码科技股份有限公司专注于教育机器人行走机构的研发，通过改进轮胎花纹以增强抓地力，并结合灯光和水雾等辅助教育功能，设计适用于低龄儿童的非人形教育机器人。
星海图(北京)人工智能科技股份有限公司,1,1,星海图(北京)人工智能科技股份有限公司专注于基于扩散策略的仿人形双臂机器人模仿学习技术，通过任务需求编码和生成模型提高机器人动作序列生成的多样性和准确性，增强其模拟人类复杂动作和交互的能力，提升服务机器人的整体性能和稳定性。
南京因克斯智能科技有限公司,1,1,南京因克斯智能科技有限公司专注于基于动作捕捉技术的运动对象控制方法及系统，通过采集和处理操作者的全身姿态数据，生成平滑的控制指令以优化目标运动对象的动作执行，减少不必要的驱动动作并降低能耗。
深圳市源生霖科技有限公司,1,1,深圳市源生霖科技有限公司专注于智能机械臂系统的研发，特别是基于场致流变技术的新型致动系统。该技术通过优化几何拓扑构造和场强分布，实现高效、安全且无需持续供电的静态保持力矩，解决了传统机械臂关节在静态保持力、电机过热及远程操作安全性方面的难题。
天津云起自动化科技有限公司,1,1,天津云起自动化科技有限公司专注于开发用于搬运机器人的高效搬运装置，通过集成气动夹持器、气缸和支撑板等组件，实现对人形机器人腿部及腰部的稳定夹持与搬运。
施凯宸,1,1,施凯宸的研究主攻方向是模块化直流有刷电机系统的驱动与控制，通过H桥电路和单片机为核心的技术方案，实现减少内部导线数量、降低物理干涉并提高系统可靠性，适用于人形机器人等应用场景。
长坂(扬州)机器人科技有限公司,1,1,长坂(扬州)机器人科技有限公司专注于开发适用于人形机器人的扁薄型组合轴承旋转执行器，通过优化减速器内部结构设计，实现更紧凑的轴向布局，以满足对空间要求较高的应用场景需求。
杭州申昊科技股份有限公司,1,1,杭州申昊科技股份有限公司专注于人形机器人的外观设计与研发，主要应用于日常巡视和服务作业领域，强调产品的形状设计以满足功能性和用户体验需求。
诺力智能装备股份有限公司,1,1,诺力智能装备股份有限公司专注于人形机器人（具身智能机器人）的设计与开发，主要应用于工业、公共服务和家庭服务领域，强调机器人的外观形状设计以提升智能交互体验。
深圳市万德昌创新智能有限公司,1,1,深圳市万德昌创新智能有限公司专注于智能人形机器人的设计与开发，主要应用于人脸识别、情绪筛查及老人陪护陪伴。其核心技术在于机器人外观形状的设计，以提升用户体验和功能性。
孙彦军,1,1,孙彦军的研究主攻方向是基于世界模型的机器人通用认知架构，通过构建多模块耦合系统实现从世界理解到行为生成的闭环控制，特别强调责任边界、决策可追溯性和伦理约束，为机器人在家庭和工业场景中的应用提供技术保障。
清研华宇智能机器人(天津)有限责任公司,1,1,清研华宇智能机器人(天津)有限责任公司专注于人形机器人的设计与开发，其研究主攻方向包括机器人视觉、传感器信息处理、人工智能、步态规划及运动控制等关键技术领域，旨在推动教学、开发、竞技比赛和服务娱乐等多场景应用。
武汉京天机器人有限公司,1,1,武汉京天机器人有限公司专注于开发用于室内外场地测绘的人形机器人，通过集成多种专业测绘设备，实现高效精准的测量工作。其设计重点在于机器人的外观形状，以适应不同环境下的测绘需求。
江苏软通天擎机器人科技有限公司,1,1,江苏软通天擎机器人科技有限公司专注于人形双足教育机器人的设计与开发，结合人工智能技术，为学术研究、教育教学及竞赛提供支持。其核心在于机器人的外观形状设计，旨在提升用户体验和教学实训效果。
湖北普罗格科技集团股份有限公司,1,1,湖北普罗格科技集团股份有限公司专注于物流仓储与运输领域的人形机器人设计，特别是适用于货物搬运场景的机器人外观形状创新。
杭州宇岛人工智能科技有限公司,1,1,杭州宇岛人工智能科技有限公司专注于人形机器人的外观设计，特别是在机械类机器人领域的形状创新。其研究主攻方向在于通过独特的外观设计提升机器人产品的视觉识别度和功能性。
珠海市一微机器人技术有限公司,1,1,珠海市一微机器人技术有限公司专注于人形机器人的外观设计与应用，主要针对商用服务如前台接待、景区介绍、安保以及家庭服务如居家陪护养老和陪伴儿童等领域。设计重点在于机器人的形状，以满足不同场景下的功能需求。
杭州图睿智能装备有限公司,1,1,杭州图睿智能装备有限公司专注于双足人形机器人的外观设计与应用，主要研究方向为适用于巡检、安防、探索、搬运、工业作业等多领域的机器人形状设计。
深圳市矩阵动力科技开发有限公司,1,1,深圳市矩阵动力科技开发有限公司专注于人形机器人的外观设计，特别注重产品的形状创新。其研究方向主要应用于玩具、机器人研究及课堂教学领域，通过独特的外观设计提升用户体验和教育价值。
山东省工业设计研究院有限公司,1,1,山东省工业设计研究院有限公司专注于人形机器人的外观设计，其研究主攻方向在于开发适用于工业生产、商业服务、家庭服务及空间探索等多场景应用的机器人产品，强调产品的形状设计以满足不同领域的功能需求。
优必选(厦门)软件技术有限公司,1,1,优必选(厦门)软件技术有限公司专注于设计和开发面向青少年儿童的教育娱乐型积木人形机器人，注重产品的整体外观形状设计，以吸引目标用户群体并提升用户体验。
深圳市汇洋信息技术有限公司,1,1,深圳市汇洋信息技术有限公司专注于具身智能人形机器人的设计与开发，特别是在车载桌面陪伴机器人领域，注重机器人的外观形状设计，以提升用户体验和互动性。
李火娇,1,1,李火娇的研究主攻方向为人形机器人玩具的外观设计，专注于产品的形状创新和视觉呈现。
灵心巧手(北京)科技股份有限公司,1,1,灵心巧手(北京)科技股份有限公司专注于人形机器人的外观设计，特别是软体机器人双臂的运动动态演示。其研究重点在于通过独特的形状设计来增强机器人的表现力和实用性。
赛那德科技有限公司,1,1,赛那德科技有限公司专注于高速重载类人形机器人的研发，主要应用于物流场景中标准箱的识别、抓取与搬运。该机器人设计注重形状优化，以实现平稳高效的自动化作业。
安徽中科灵犀科技有限公司,1,1,安徽中科灵犀科技有限公司专注于轮式人形机器人的设计与开发，主要研究方向为适用于狭小或复杂工况下的双手双臂协作机器人，通过独特的形状与图案结合设计，实现替代人工进行工作的目标。
四川中科彭成机器人技术有限公司,1,1,四川中科彭成机器人技术有限公司专注于智能教育机器人的研发，特别是在人形机器人领域，致力于通过独特设计的外观形状，为用户提供人工智能、编程语言及机器人硬件学习的创新解决方案。
东莞市九摩电子有限公司,1,1,东莞市九摩电子有限公司专注于人形机器人的外观设计，特别是在移动机器人助手及工业应用领域。其设计重点在于产品的形状创新，以提升用户体验和功能适应性。
任丹,1,1,任丹专注于智能陪伴编程教育人形机器人的外观设计，特别是在产品的形状设计方面，致力于创造具有独特视觉效果和用户体验的机器人产品。
上海英辰信息技术有限公司,1,1,上海英辰信息技术有限公司专注于智能交互型人形机器人的外观设计，特别注重于机器人形状的创新与优化，以提升用户体验和互动性。
沈阳创新设计研究院有限公司,1,1,沈阳创新设计研究院有限公司专注于人形机器人的研发，致力于设计与人类外观和功能相似的机器人，强调其在感知、决策、行为和交互能力方面的类人特性，以实现辅助或替代人类进行生产和生活活动的目标。
橙子人工智能(深圳)有限公司,1,1,橙子人工智能(深圳)有限公司专注于人形机器人的设计与开发，其核心技术领域在于机器人外观形状的创新设计，旨在满足制造、家庭服务及医疗等多个领域的应用需求。
湖南坎德拉创新科技有限责任公司,1,1,湖南坎德拉创新科技有限责任公司专注于设计和开发适用于多领域的人形机器人，特别是两轮移动式人形机器人。其研究主攻方向在于通过优化整体外观设计来提升机器人在家庭、小区、农业、工业、医疗等场景下的服务、监控及安防功能。
上海荭杏信息科技有限公司,1,1,上海荭杏信息科技有限公司专注于研发适用于医院和家庭环境的智能陪护轮式人形机器人，主要技术方向为拟人化交互、物品取放及健康监测。
无锡贝塞克设计有限公司,1,1,无锡贝塞克设计有限公司专注于人形轮式机器人的外观设计，特别是在机器人形状方面的创新。其代表性专利展示了在人形机器人外观设计上的独特性和创意，强调了产品外形的美观与实用性。
成都卡诺普机器人技术股份有限公司,1,1,成都卡诺普机器人技术股份有限公司专注于轮式人形机器人的设计与开发，主要应用于搬运、分拣、装配等工业场景及服务业中的展示、问答和巡游等任务。其核心技术在于机器人的外观形状设计，以适应多种复杂环境下的长时间作业需求。
北京电子科技职业学院,1,1,北京电子科技职业学院在机器人领域的研究主攻方向为人形机器人的外观设计，特别是在头部的设计上，注重立体形态的创新与美观。
北京龙邱科技有限公司,1,1,北京龙邱科技有限公司专注于人形机器人的外观设计，特别是在机器人头部的设计方面，强调立体视觉效果和美学特征，以提升机器人整体的拟人化程度和用户体验。
深圳市哈瓦机器人科技有限公司,1,1,深圳市哈瓦机器人科技有限公司专注于人形机器人的设计与开发，特别是在具有25个自由度的高灵活性机器人领域。其产品主要用于教育和研究机构，作为算法学习的教具，强调在形状设计上的创新。
盘锦伊艾克斯机器人有限公司,1,1,盘锦伊艾克斯机器人有限公司专注于智能人形机器人的设计与开发，其产品具备可编程和语音互动功能，主要应用于陪伴、家庭陪护、智力教育及生活助手等领域。设计重点在于机器人的整体造型。
法商奧德巴倫公司,1,1,法商奧德巴倫公司的研究主攻方向为人形机器人的设计与开发，专注于创造具有人类外观和功能的机器人技术。
广东矩阵智拓科技有限公司,1,1,广东矩阵智拓科技有限公司专注于智能仿人形机器人的设计与开发，主要应用于工业生产、服务业和仓储物流等领域。其核心技术在于机器人的外观形状设计，以满足多种智能化场景的需求。
福建船政交通职业学院,1,1,福建船政交通职业学院在机器人领域主要研究方向为人形机器人的外观设计，专注于教育及娱乐用途的机器人形态创新。
思灵(深圳)智能机器人科技有限责任公司,1,1,思灵智能机器人科技有限责任公司专注于开发自动化去毛刺装置及机器人，通过集成力传感器、旋转驱动件和打磨头等组件，实现高效且无需人工干预的毛刺去除过程，显著提升清洁机器人的工作效率。
刘汪,1,1,刘汪的研究主攻方向是机器人履带式前进装置，特别关注于通过履带和动力齿轮的组合设计，提高机器人在复杂地形中的适应性和移动能力。该技术还强调了在人形机器人上的应用，能够灵活调整以适应不同环境需求。
华馨晶贸易(深圳)有限公司,1,1,华馨晶贸易(深圳)有限公司专注于双足人形机器人的外观设计，主要应用于机器人研究、人工智能类比赛及STEAM教育学习领域。其设计重点在于机器人的形状创新。
宁波纳川自动化科技有限公司,1,1,宁波纳川自动化科技有限公司专注于人形机器人电机驱动器的设计与开发，特别注重驱动器的外观形状设计，以提升其在人形机器人中的应用性能。
广州富唯智能科技有限公司,1,1,广州富唯智能科技有限公司专注于人形机器人的设计与开发，其产品广泛应用于工业、农业和服务等多个领域。主要技术方向在于通过独特的外观形状设计提升机器人在特定任务中的适应性和功能性。
刘俊杰,1,1,刘俊杰的研究主攻方向是通过虚拟现实技术操作的人形机器人设计，重点关注人形机器人的外观形状和用户体验。
浙江有鹿机器人科技有限公司,1,1,浙江有鹿机器人科技有限公司专注于人形机器人的智能化和无人化技术，特别是通过开发智能大脑组件来提升非智能人形机器人的自主操作能力。其研究重点在于设计能够显著增强机器人感知、决策及执行效率的集成系统。
富海特机器人技术有限公司,1,1,富海特机器人技术有限公司专注于人形机器人的外观设计，特别是具有可拆卸和可更换面部的功能，强调产品的形状设计和外观创新。
合肥小步智能科技有限公司,1,1,合肥小步智能科技有限公司专注于设计适用于配电房环境的人形机器人，其研究主攻方向在于机器人的外观形状设计，以适应特定工作场景的需求。
珠海酷哇科技有限公司,1,1,珠海酷哇科技有限公司专注于人形机器人的外观设计与功能实现，主要研究方向为开发能够执行拣选、清扫、搬运和服务等任务的智能化无人操作机器人。设计重点在于优化机器人的外形以适应不同应用场景的需求。
陈宝康,1,1,陈宝康专注于人形机器人的外观设计，特别是通过虚拟现实技术进行操作的人形机器人。其研究重点在于提升机器人外形的美观性和实用性，以增强用户在虚拟现实环境中的交互体验。
图迹科技有限公司,1,1,图迹科技有限公司专注于人形机器人的外观设计，特别是在机器人形状方面的创新。其研究主攻方向在于提升人形机器人的视觉吸引力和设计美感。
法奥意威(苏州)机器人系统有限公司,1,1,法奥意威(苏州)机器人系统有限公司专注于人形机器人的设计与开发，特别在人形机器人手臂的外观设计和装配方面具有显著的技术特点，注重手臂形状的设计创新。
韩端科技(深圳)有限公司,1,1,韩端科技(深圳)有限公司专注于人形机器人的外观设计与整体形状创新，致力于开发具有独特视觉效果和实用功能的人形机器人产品。
苏州镁伽科技有限公司,1,1,苏州镁伽科技有限公司专注于人形机器人的研发，特别是在机械类机器人外观设计方面，注重产品的形状创新与优化。
酷哇科技有限公司,1,1,酷哇科技有限公司专注于人形机器人的外观设计与功能实现，主要研究方向为开发能够执行拣选、清扫、搬运和服务等任务的智能化无人操作机器人。其核心技术领域在于通过优化机器人形状以增强其实用性和用户体验。
威海技师学院,1,1,威海技师学院在机器人领域主要研究方向为提高服务机器人的平衡稳定性和障碍跨越能力，通过创新设计如水囊和水箱联动系统增强送餐机器人的实用性和可靠性。
中科第五纪(杭州)智能技术有限公司,1,1,中科第五纪(杭州)智能技术有限公司专注于设计和开发适用于工业生产、物流、商业服务及家庭服务等多场景应用的轮式人形机器人，其研究主攻方向在于机器人的外观形状设计。
上海酷移机器人有限公司,1,1,上海酷移机器人有限公司专注于人形机器人的外观设计与功能实现，主要研究方向为开发能够执行拣选、清扫、搬运和服务等任务的智能化无人操作机器人，强调其在形状设计上的创新。
数字人工智能股份有限公司,1,1,数字人工智能股份有限公司专注于人形机器人连接器的设计与开发，特别是在连接器主体的外观设计和形状优化方面，以提升电线或电缆连接的效率和可靠性。
广东天机智能系统有限公司,1,1,广东天机智能系统有限公司专注于轮式人形机器人的设计与开发，重点在于机器人主体的外观形状设计，以实现与人类协作或替代完成重复繁杂工作的目标。
萍乡学院,1,1,萍乡学院在机器人领域的研究主攻方向为家用服务机器人的设计与开发，特别关注结合摇摇车功能的多功能底盘结构，通过创新的槽轮式离合器和偏心柱支撑设计，提升机器人在家庭环境中的实用性和互动性。
山口任一,1,1,山口任一专注于人形机器人的关节装置设计，特别是髋关节的多自由度配置，以实现更自然、灵活和紧凑的运动性能。通过优化关节轴的位置和布局，提高机器人在不同使用模式下的平衡性和稳定性，同时减少腿部运动时的干涉问题。
安徽鑫美芝光电科技有限公司,1,1,安徽鑫美芝光电科技有限公司专注于智能机器人玩具的研发，主要技术方向为集成多种传感器和互动模块的仿人形机器人，旨在通过音视频播放、避障等功能实现儿童陪伴与教育的结合。
上海舒爽材料科技有限公司,1,1,上海舒爽材料科技有限公司专注于开发兼容口气及唾液检测的身体指标检测系统，通过一次性检测耗材和智能检测装置实现对口腔健康状况的便捷分析，旨在提升大众生活质量并减轻医疗负担。
杭州舞动细胞网络技术有限公司,1,1,杭州舞动细胞网络技术有限公司专注于开发适用于海外市场的广告投放管理技术，通过自动化分析广告特征数据、构建广告层级结构及计算竞价区间，实现高效精准的广告投放。
无锡英科科技培训有限公司,1,1,无锡英科科技培训有限公司专注于教具机器人技术领域，特别是开发具有多重缓冲机制的转轮机构，以提高机器人在意外倾倒时的安全性和稳定性。通过多层弹簧协同作用，有效降低冲击力，减少损坏风险，提升整体可靠性。
国网江苏省电力有限公司建设分公司,1,1,国网江苏省电力有限公司建设分公司专注于开发适用于高感应电环境的自主操作机器人技术，通过多层架构设计实现机器人的主动感知与控制，提高其在复杂电力作业环境中的适应性和稳定性。
北京彦圣科技有限公司,1,1,北京彦圣科技有限公司专注于融合具身智能技术的智慧物流系统，通过构建“感知-通信-调度-执行”的闭环架构，实现无人驾驶物流车、无人机、四足机器人及人形机器人的智能协同调度与全状态管控，适用于科研教学和智慧物流技术验证。
傑凌企業有限公司,1,1,傑凌企業有限公司专注于仿人形机器人的内部构造设计，通过合理布局驱动元件以适应人体外形和体积限制，使机器人在外观和动作上高度模仿自然人。
万华化学集团股份有限公司,1,1,万华化学集团股份有限公司专注于开发高性能热塑性聚氨酯弹性体及聚氨酯热熔胶膜，特别关注其在人形机器人功能层和柔性基材粘结中的应用。研究重点在于提高材料的耐黄变特性、高弹性恢复率以及低温加工性能，以减少对敏感基材的热损伤风险。
酷智家机器人(广州)有限公司,1,1,酷智家机器人(广州)有限公司专注于开发结合人工智能、语音识别和物联网技术的机器人语音控制系统，通过智能移动终端与机器人肌体上的多协议无线传输接收模块、音频处理及功放模块等组件协同工作，实现对人形机器人的语音控制，使其更好地融入家居生活。
獨立行政法人科學技術振興機構,1,1,独立行政法人科学技术振兴机构专注于研发具有高适应性和稳定性的两脚步行式仿人型机器人，特别关注在颠倒或不稳定状态下的自我检测与冲击缓解技术，通过多轴向可动关节设计和智能控制系统实现机器人的灵活运动及安全防护。
上海亨临光电科技有限公司,1,1,上海亨临光电科技有限公司专注于集成式安防巡检机器人的研发，通过多源信息融合与人工智能技术，实现智能安防监控和远程信息传输，提升安保效率。核心技术包括双目深度相机、红外热像仪、传感器组及声音探测器等多功能集成。
健行學校財團法人健行科技大學,1,1,健行科技大學的研究主攻方向是两足式人形机器人的步态控制技术，通过结合数字影像捕捉和虚拟现实投影，实现对机器人行走姿态的实时监控与调整，以提高其运动稳定性。
沈阳理工大学,1,1,沈阳理工大学在机器人领域主要研究可变形多功能教学机器人，该机器人能够实现人形与车型之间的转换，并通过集成多种传感器和控制模块来完成直立行走、轮式移动及其它功能，为教育和多功能机器人开发提供支持。
南台科技大學,1,1,南台科技大學在机器人领域的研究主攻方向为两足行走人形机器人的设计与控制技术，通过优化髋部和腿部的多自由度机构，提高机器人在左右方向上的行走能力和运动灵活性，使其运动方式更加接近人类。
柔昊精密科技(苏州)有限公司,1,1,柔昊精密科技(苏州)有限公司专注于轻型高精度减速器的研发，特别在人形机器人领域应用。其核心技术包括弹性变形齿圈、偏心轴及谐波刚齿轮设计，以实现紧凑结构、高精度和强承载能力的传动系统。
宁德时代未来能源(上海)研究院有限公司,1,1,宁德时代未来能源(上海)研究院有限公司专注于机器人关节结构的创新设计，特别是在人形机器人颈部关节的小型化和灵活性方面。通过优化驱动件布局和关节组件设计，实现更紧凑、高效的多自由度运动控制。
劉俊民,1,1,劉俊民的研究主攻方向是人形机器人的结构改良，特别是通过优化腿部架构和关节连接方式，利用伺服电机实现多轴向控制，使小型人形机器人能够完成复杂的翻转、倒立及踢球等动作，提高其稳定性和操控性。
河源市勇艺达科技有限公司,1,1,河源市勇艺达科技有限公司专注于机器人脚板结构的设计与优化，通过集成电机驱动的钻头和可扩展橡胶套，实现机器人在地面钻孔并稳固站立的功能，提升人形机器人的稳定性和适应性。
日立製作所股份有限公司,1,1,日立製作所股份有限公司在机器人领域的研究主攻方向是开发具有高稳定性和持续运作能力的人形机器人。通过优化机器人的结构设计，特别是行进部的驱动轮和从动轮配置，以减少因电源中断、离心力或外力导致的跌倒风险。
武汉需要智能技术有限公司,1,1,武汉需要智能技术有限公司专注于类人形机器人机械臂关节的设计与优化，通过集成机械限位、感应器和阻尼器等组件，提高机械臂的控制精度和运动范围的安全性。
华动智行人工智能科技(苏州)有限公司,1,1,华动智行人工智能科技(苏州)有限公司专注于双轮全向人形机器人的研发，通过齿轮连杆协同转向机构和耦合角补偿技术，实现灵活的全向移动和高精度轨迹跟踪，提升机器人在复杂环境中的适应性和稳定性。
蔡清元,1,1,蔡清元的研究主攻方向是轮式人形机器人的设计与控制，重点在于结合移动转向驱动模块和多关节上半身机构，实现行进、转向、目标物搜寻及手眼协调操作，并通过视觉和距离传感器实现避障功能。
杭州国辰机器人科技有限公司,1,1,杭州国辰机器人科技有限公司专注于开发教育用途的机器人系统，特别是设计用于教学演示的人形机器人。其技术重点在于通过直观展示机器人内部结构及工作原理，帮助学生理解复杂的机械与控制系统，而无需实际拆解设备。
黃奇卿,1,1,黃奇卿的研究主攻方向是人形机器人的运动控制与平衡技术，通过在躯干和腿部设置惯性测量单元及脚底板的压力感测单元，实现ZMP零力矩点步态控制和MPC模型预测控制，以提高机器人自主检测和重心平衡能力。
天津市路道科技有限公司,1,1,天津市路道科技有限公司专注于开发具有高度互动性的独眼人形机器人演艺装置，其核心技术在于设计仿生运动结构，使机器人能够实现眼部转动、头部转动、手臂及腿部的多方向运动，增强表演效果和观众体验。
苏州晨本智能科技有限公司,1,1,苏州晨本智能科技有限公司专注于开发具有压力反馈功能的人形机器人双臂示教操纵杆，通过集成绝对位置旋转传感器和振动反馈技术，简化机械臂的示教过程，提升操作直观性和用户体验。
黃立杰,1,1,黄立杰的研究主攻方向是人形机器人的快速运输装置，通过结合自行车单元和磁力底座，实现机器人在多种地形上的安全、稳定运输。该技术利用磁力连接和平衡机制，提高机器人在运输过程中的操作安全性。
中电云数(山西)智能科技有限公司,1,1,中电云数(山西)智能科技有限公司专注于人形机器人的电池安装技术，特别是电池拆装结构的稳定性和便捷性。通过设计带有弹簧伸缩杆和限位组件的盖板，确保电池在机器人内部的稳固安装，防止偏移错位，从而保障机器人的正常供电和使用。
周鑫,1,1,周鑫的研究主攻方向为高拟人化和智能化的仿人形机器人，重点在于集成超声波测距、红外避障及多舵机控制的自主行走技术，以及通过触摸屏、投影仪和音频播放装置实现的人机互动与辅助学习功能。
斯坦德机器人(无锡)股份有限公司,1,1,斯坦德机器人专注于开发高稳定性能的底盘组件及轮式人形机器人，通过集成化设计的舵轮机构减少占用空间，优化电池布局，提升整体稳定性。
武汉喧越智能装备有限公司,1,1,武汉喧越智能装备有限公司专注于人形机器人的研发，重点在于实现高度仿生的运动功能。其核心技术包括多自由度关节设计和电机驱动系统，以实现手臂、头部及躯干的复杂动作，如抬臂、摆手、转头、弯腰等，旨在提高机器人在各种应用场景中的灵活性和实用性。
成都川哈工机器人及智能装备产业技术研究院有限公司,1,1,成都川哈工机器人及智能装备产业技术研究院有限公司专注于基于多模态强化学习的人形机器人运动控制技术，通过视觉语言模型和多模态数据融合提升机器人在复杂非结构化地形中的泛化能力和稳定性。
广州澳博信息科技有限公司,1,1,广州澳博信息科技有限公司专注于开发多关节连动的激光导航行走人形机器人，通过优化传动机构和舵机控制，提升机器人手指动作的灵活性和抓取力度，同时降低噪音，增强机器人的实用性和便捷性。
江苏好点机器人科技有限公司,1,1,江苏好点机器人科技有限公司专注于多关节自动导航人形机器人的研发，特别是在加工头的精准定位技术上有所创新，通过可调节角度的激光指示系统提高加工精度和操作便捷性。
一工机器人银川有限公司,1,1,一工机器人银川有限公司专注于人形机器人运动测试平台的研发，通过创新的底座、带式运动机构、高度调节装置和控制系统设计，实现平滑变坡与高刚性、高精度测试的统一，有效抵御高频大载荷冲击并防止系统丢步。
广州骏威电子科技有限公司,1,1,广州骏威电子科技有限公司专注于人形机器人脚部设计，通过集成压力传感器、六维力传感器及微型电机等组件，实现对不同路面的自适应调整，提升机器人行走时的步态稳定性和平衡控制能力。
云南开放大学(云南国防工业职业技术学院),1,1,云南开放大学(云南国防工业职业技术学院)的研究主攻方向是开发用于工业零部件混流装配的人形机器人自适应抓取系统，通过结合视觉反馈和材质属性分析，实现对多种异质零部件的高精度柔性抓取，解决传统机械手在处理易碎、柔性及刚性混合部件时的问题。
三明索飞机电设备有限公司,1,1,三明索飞机电设备有限公司专注于仿人体结构的人形机器人研发，主要技术方向在于通过优化机械结构设计和控制方式，实现低成本、高灵活性与自然动作表现的机器人解决方案。其创新点包括集中式驱动电机布局及软刹车线传动机制，旨在提高机器人的抗过载能力和维护便利性。
昆山至博微智能科技有限公司,1,1,昆山至博微智能科技有限公司专注于仿人形机器人手指机构的设计与优化，通过改进关节连接方式和材料应用，提高手指灵活性、美观性和耐用性，同时集成蓄电功能，增强整体实用性。
上海半醒科技有限公司,1,1,上海半醒科技有限公司专注于机器人设计领域，特别是人形机器人的机械脚踝机构。其研究主攻方向在于开发能够模拟人类步态、提高行走稳定性和适应不同地形的机械脚踝结构，通过角度限位和多方向旋转固定技术增强机器人的静态和动态稳定性。
西安食神电器科技有限公司,1,1,西安食神电器科技有限公司专注于人形机器人的仿生手臂技术，主要研究方向为提高仿生手臂的安装稳定性、便于维护和替换手指部件，从而延长使用寿命并增强安全性。
诺岚鲸(天津)科技有限公司,1,1,诺岚鲸(天津)科技有限公司专注于教育用人形机器人的研发，通过集成控制面板、供电模块、无线接收模块及分析存储模块等技术，提升机器人在教育场景中的智能性、教育效果和使用便捷性。
盐城忠达网络科技有限公司,1,1,盐城忠达网络科技有限公司专注于智能教育人形机器人的研发，主要研究方向为通过创新的机械结构设计和电动驱动技术提升机器人行动能力。其核心技术在于利用机械胯、电动万向球及电动转轮等组件实现机器人双脚灵活移动，显著增强其在复杂环境中的通行性和实用性。
沈阳思鸣远仪器仪表有限公司,1,1,沈阳思鸣远仪器仪表有限公司专注于人形机器人控制装置的研发，特别是在控制面板的防护和操作便捷性方面。其技术重点在于通过机械结构设计实现对控制面板的有效保护，防止外部碰撞和误触，同时确保操作简便。
胡书畅,1,1,胡书畅的研究主攻方向是人形机器人的通风散热技术，特别是通过定时改变气流方向和自动清理过滤网来提高主控制仓的散热效率和防尘效果。
遨博(北京)智能科技股份有限公司,1,1,遨博(北京)智能科技股份有限公司专注于人形机器人的测试平台开发，通过设计支撑架、吊架、滑轨和腰部固定架等组件，实现对机器人在特定运动测试中的稳定支撑与防护，确保测试过程的安全性和有效性。
中师(山东)智能科技有限公司,1,1,中师(山东)智能科技有限公司专注于人形机器人上臂结构的稳定性与控制技术，通过机械设计实现对小臂快速转动的感知及自动停止功能，提高机器人动作精度与安全性。
昆山绿柏精密机械有限公司,1,1,昆山绿柏精密机械有限公司专注于人形机器人的动力关节机构设计，通过优化齿轮传动系统，在有限空间内实现高效扭矩输出，并提高关节结构的可靠性和冗余性。
昆山铭仁快速成型技术有限公司,1,1,昆山铭仁快速成型技术有限公司专注于双足人形机器人的脚底支撑组件设计，通过优化基座与支撑件的插接结构，提高机器人脚部的稳定性和拆卸便捷性，以满足不同应用场景的需求。
江苏工程职业技术学院,1,1,江苏工程职业技术学院在机器人技术领域主要研究方向为仿人形机器人的结构设计与优化，特别专注于开发便于调节身高、使用灵活的机器人结构，通过电机驱动丝杆传动系统实现伸缩架的高度调整，提高机器人应用的适应性和灵活性。
三阀阀门集团有限公司,1,1,三阀阀门集团有限公司专注于人形机器人线性执行器的设计与优化，特别是在伺服电缸的散热和固定结构方面，通过创新的散热装置和限位结构设计，提高执行器的使用寿命和性能稳定性。
杭州未名信科科技有限公司,1,1,杭州未名信科科技有限公司专注于人形机器人关节标定技术，通过总线通信实现关节电机的精准定位与控制，提高零位标定的准确性和处理效率。
王彬,1,1,王彬的研究主攻方向是高自由度人形机器人的设计与优化，特别是在简化内部连接线路和提高运动灵活性方面。通过采用总线舵机技术，减少连接线对机器人活动的限制，实现更自然流畅的动作表现。
浙江省北大信息技术高等研究院,1,1,浙江省北大信息技术高等研究院专注于基于总线通信的人形机器人关节标定技术，通过优化设备标识与位置标识的映射关系，提高关节电机零位标定的准确性和处理效率。
深圳市赛洛诗健康科技有限公司,1,1,深圳市赛洛诗健康科技有限公司专注于开发具有高结构强度的仿真人形机器人，特别是通过创新设计增强机器人脖颈部分的稳定性和耐用性，以减少在使用过程中出现的扭曲或断裂问题。
扬州宏远电子股份有限公司,1,1,扬州宏远电子股份有限公司专注于人形机器人电容器用高可靠电极箔的激光检测技术，通过多激光检测头循环工作实现不间断连续检测，提高检测精度和可靠性。
山东广视通智能科技有限公司,1,1,山东广视通智能科技有限公司专注于人形机器人下肢结构的设计与优化，通过引入液压伸缩杆增强机械大腿、小腿及足部的稳定性，防止膝盖反向弯折，提升机器人行走时的整体稳定性和可靠性。
曹仲文,1,1,曹仲文专注于开发具有高自由度的总线舵机人形机器人，通过优化内部线路连接方式，减少对机器人活动的影响，提升机器人的灵活性和可控性。研究重点在于简化结构设计与提高控制效率。
深圳海默电机技术有限公司,1,1,深圳海默电机技术有限公司专注于人形机器人关节润滑技术的研发，通过设计高效的润滑组件提高关节的使用寿命和润滑效果，同时便于维护和添加润滑油。
深圳市得城网络科技有限公司,1,1,深圳市得城网络科技有限公司专注于开发具有高稳定性和易搬运性的前台人形机器人，通过创新的支撑部和滑轮设计，提升机器人在移动过程中的安全性和便捷性。
陇东学院,1,1,陇东学院在机器人技术领域专注于双足人形机器人的脚底支撑组件设计，通过引入可调节装置如电机驱动的双头螺纹杆和滑块机构，实现对不同尺寸机器人脚部的适应性支撑，解决了传统固定式安装底座无法灵活调整的问题。
银川市联合商检科技有限公司,1,1,银川市联合商检科技有限公司专注于开发具有超声波感知能力的智能人形机器人，通过集成先进的液晶显示技术，增强机器人与用户的交互体验和智能化水平。
东莞岭南数字技术有限公司,1,1,东莞岭南数字技术有限公司专注于开发具有超声波感知功能的智能人形机器人，通过集成先进的液晶显示技术和多层玻璃保护结构，提升机器人与用户之间的交互体验和智能化水平。
宋泽昊,1,1,宋泽昊的研究主攻方向为类人形机器人的双臂结构设计，特别关注于手臂主体与机械爪之间的连接方式改进，通过引入支撑架和外露的锁紧螺栓设计，提高装配便捷性和维护效率。
无锡智慧震泽信息技术有限公司,1,1,无锡智慧震泽信息技术有限公司主要研究方向为具有超声波感知功能的智能人形机器人，通过集成超声波眼睛和多层结构的液晶显示屏，增强机器人的交互性和智能化水平。
广州今甲智能科技有限公司,1,1,广州今甲智能科技有限公司专注于智能人形机器人的头部结构设计，重点研究集成多功能组件如摄像头、触摸传感器和灯光系统，并通过精密的转头和点头机构实现高精度动作控制，以提升机器人互动性和用户体验。
常州易尔泰智能传动技术有限公司,1,1,常州易尔泰智能传动技术有限公司专注于人形机器人关节电机的固定结构设计，通过创新的限位组件、便拆组件和调节组件，实现关节电机的快速拆装与更换，并能适应不同尺寸和安装位置的需求，提高工作效率和适用范围。
天津英赛迪科技有限公司,1,1,天津英赛迪科技有限公司专注于双足人形机器人的研发，主要研究方向为提升机器人肢体组件的可折叠性和灵活性，通过优化腿部与手部组件的设计及驱动控制技术，实现更加稳定和多样化的动作模拟，增强机器人的实用性和推广价值。
青岛容商天下网络有限公司,1,1,青岛容商天下网络有限公司专注于智能仿人形机器人的关节设计，特别是三自由度髋关节总成。其研究重点在于通过优化结构和传动机制，实现类似人体髋关节的多自由度运动，同时提高关节组件的稳定性和使用寿命。
肖洪,1,1,肖洪的研究主攻方向是人形机器人头部的多自由度转动机构设计，通过双步进电机和锥齿轮传动实现头部的灵活转动。
合肥凌翔信息科技有限公司,1,1,合肥凌翔信息科技有限公司专注于多自由度人形机器人的研发，通过多个舵机和U型件连接实现灵活的肢体运动，使机器人能够模拟人类动作，具备广泛的运动能力和灵活性。
北京犀牛创思教育科技有限公司,1,1,北京犀牛创思教育科技有限公司专注于开发教育用途的仿人形机器人，其核心技术在于设计一种结构稳定、可编程且具有较高互动性的金属拼接机身机器人。该机器人配备有可旋转云台和三角履带轮，旨在增强学生的动手组装能力和编程技能。
合肥市卓甫科技有限公司,1,1,合肥市卓甫科技有限公司专注于人形机器人夹持装置的研发，主要通过优化机械手臂结构和传动机制，实现对不同形状工件的精准控制与稳定夹持，同时利用防滑块和缓冲设计提高夹持效果和稳定性。
王沛文,1,1,王沛文的研究主攻方向是仿人体肌肉收缩运动的双足人形机器人，通过绳盘驱动系统和动滑轮装置，实现高度仿真的自然运动，同时提高运动效率和降低功耗。
上海傲鲨智能科技有限公司,1,1,上海傲鲨智能科技有限公司专注于外骨骼和人形机器人技术，研究方向集中在开发能够在外骨骼辅助与自主驱动模式之间灵活切换的多功能机器人装置，以适应多种应用场景并提高任务执行效率与精度。
四川协同创新智能装备制造有限公司,1,1,四川协同创新智能装备制造有限公司专注于人形机器人装置的研发，主要技术方向包括提高机器人移动灵活性与稳定性、增强地面适应性及安全性，并通过优化信号处理系统和减震设计延长使用寿命。
深圳百马讯网络科技有限公司,1,1,深圳百马讯网络科技有限公司专注于人形机器人的安全监测与防护技术，通过分析电源纹波频谱识别异常行为，并在检测到潜在恶意操作时迅速切断动力电源，实现毫秒级的安全干预。
上海电科院技术有限公司,1,1,上海电科院技术有限公司专注于人形机器人电驱系统的定位精度测试技术，研发了集静态性能、动态性能及加载条件下绝对和重复定位精度测试于一体的综合测试平台。
湘潭大学,1,1,湘潭大学在机器人领域专注于人形机器人关节模组的性能测试技术，通过设计实验台对关节模组进行实时扭转角测量与信号反馈，以评估其性能。
王月轩,1,1,王月轩的研究主攻方向为智能化控制人形机器人的防护与缓冲技术，通过设计外力撞击防护装置和内部缓冲装置，提高机器人在移动过程中的稳定性和安全性。
上海电器设备检测所有限公司,1,1,上海电器设备检测所有限公司专注于人形机器人电驱系统的定位精度测试技术，开发了能够进行静态和动态性能测试的综合测试平台，特别强调在加载条件下实现高精度的绝对定位和重复定位测试。
沃德检测(广东)有限公司,1,1,沃德检测(广东)有限公司专注于人形机器人电磁兼容测试的辅助装置研发，特别在设计高效便捷的牵引调节系统方面具有显著技术优势，通过创新的机械结构实现对测试设备位置的精准控制与快速调整。
上海电器科学研究院,1,1,上海电器科学研究院主要研究方向为人形机器人电驱系统的定位精度测试技术，开发了综合测试平台以实现关节静态和动态性能测试，并支持绝对定位精度和重复定位精度的加载测试。
广东禾胜威信息科技有限公司,1,1,广东禾胜威信息科技有限公司专注于人形机器人的内部结构优化，特别是通过创新的卡线组件设计来提高电线管理效率，增强设备的可维护性和实用性。
中铁十二局集团有限公司,1,1,中铁十二局集团有限公司在机器人控制技术领域主攻轮式人形机器人的移动与操作一体化控制策略，通过构建孪生分层控制架构，实现双臂协同精度提升、抗干扰能力增强及系统鲁棒性优化。
上海云帆智控机器人科技有限公司,1,1,上海云帆智控机器人科技有限公司专注于人形机器人臂壳结构的创新设计，主要研究方向为集成走线槽与散热通道的一体化臂壳，通过优化内部空间布局和连接方式，提高机械臂的组装便捷性和维护效率。
中晟盈信科技(河北)有限公司,1,1,中晟盈信科技(河北)有限公司专注于人形机器人关节用丝杠传动装置的寿命测试技术，通过设计多工位同步测试平台，实现高效、可靠的丝杠传动装置性能评估。
李君,1,1,李君的研究主攻方向为远端传动人形机器人关节模组，通过伺服电机、滚珠丝杆和链条传动组件实现高效稳定的力矩放大和运动转换，适用于恶劣环境且成本较低。
苏交科集团股份有限公司,1,1,苏交科集团股份有限公司在机器人控制技术领域主攻轮式人形机器人的移动与操作一体化控制策略，通过构建孪生分层控制架构，实现双臂协同精度提升、抗干扰能力增强及系统鲁棒性优化。
广州思泰信息技术有限公司,1,1,广州思泰信息技术有限公司专注于人形机器人试验用搬运装置的研发，主要涉及减震、保护和搬运技术，通过设计带有滚轮、减震装置和气囊的搬运设备，提高人形机器人在试验过程中的安全性和稳定性。
中铁建南方建设投资有限公司,1,1,中铁建南方建设投资有限公司专注于轮式人形机器人的移动与操作一体化控制技术，通过构建孪生分层控制架构，实现高精度双臂协同作业和系统鲁棒性提升。
知行机器人科技(苏州)有限公司,1,1,知行机器人科技(苏州)有限公司专注于人形机器人臂壳结构的创新设计，通过集成走线槽与散热通道的一体化方案，优化机械臂内部空间布局，减少线缆干涉与磨损，同时采用便捷的连接方式替代传统螺栓固定，简化安装过程，提高维护效率。
南京智航科技发展有限公司,1,1,南京智航科技发展有限公司专注于轮式人形机器人的移动与操作一体化控制技术，通过构建孪生分层控制架构，实现双臂协同作业的高精度和强抗干扰能力，增强系统鲁棒性和作业连续性。
深圳市波心幻海科技有限公司,1,1,深圳市波心幻海科技有限公司专注于人形机器人控制驱动技术，特别是通过无线通讯实现积木块的智能组装与互动。其研究方向旨在增强儿童与机器人的互动性和娱乐性。
郁有华,1,1,郁有华的研究主攻方向为仿人形机器人的设计与优化，专注于通过多自由度控制机构实现高效、灵活且易于拆卸的机器人结构，以减少电动机使用数量并提高功率利用效率。
孙量,1,1,孙量的研究主攻方向是基于人体解剖学和面部拓扑结构的人形机器人表情控制技术，通过结合语言发音规则实现唇齿舌联动的自然表情生成，提升机器人在各种场景下的拟人真实度与交互自然度。
北京天工俊联传感器有限公司,1,1,北京天工俊联传感器有限公司专注于紧凑型人形机器人直线关节力传感器的研发，通过优化传感器弹性体结构和集成化设计，实现与电机的直接机械连接，简化安装结构和信号处理流程，显著降低尺寸、重量和成本。
福建(泉州)哈工大工程技术研究院,1,1,福建(泉州)哈工大工程技术研究院专注于开发应用于鞋服展示的人形机器人，集成了自主导航移动、信息采集、人机交互和动态展示功能。该研究方向结合了AGV底盘技术、智能移动控制、动态模特展示及自主充电系统，旨在提升零售行业的用户体验和展示效果。
北京加速进化科技有限公司,1,1,北京加速进化科技有限公司专注于开发高灵活性和响应速度的人形机器人腿部机构，特别是通过创新的连杆组件设计与多自由度连接组件实现脚板在多个方向上的灵活转动，以增强机器人的运动性能。
东莞市达盛舵机科技有限公司,1,1,东莞市达盛舵机科技有限公司专注于人形机器人腿部结构的改良设计，通过多点连结和平行连杆技术，结合伺服电机马达实现膝关节和腿部的曲弧转控操作，提高机器人架撑的稳固性和安全性。
赵旭亮,1,1,赵旭亮的研究主攻方向是应用斜齿轮舵机的高逼真度组装式人形机器人，通过优化关节驱动和控制技术，提升机器人的运动灵活性和自然度。
北京赛博万智能装备制造有限公司,1,1,北京赛博万智能装备制造有限公司专注于人形机器人的自主起身动作智能规划，通过融合内部状态和外部环境信息，结合深度强化学习和模型预测控制技术，实现自适应、安全、稳定且高效的起身动作，提升机器人在未知跌倒姿态下的自主性和鲁棒性。
国网湖北省电力有限公司襄阳供电公司,1,1,该企业主攻基于地表物理特性的室内路径规划技术，通过分析地表类型、摩擦系数和平整度等参数，生成安全可靠的运动策略，提升人形机器人的导航和避障能力。
海南亿美康健康管理有限公司,1,1,海南亿美康健康管理有限公司专注于人形机器人关节用丝杠传动装置的寿命测试技术，通过设计专用测试平台，确保行星滚柱丝杠副的稳定性和安全性，提高零部件匹配度和整体性能。
北京算能科技有限公司,1,1,北京算能科技有限公司专注于人形机器人肩关节运动控制技术，通过优化电机和传动装置布局，简化肩关节结构，提高组装拆卸便利性和维护效率，降低人力成本。
北京小狗智能机器人技术有限公司,1,1,北京小狗智能机器人技术有限公司专注于人形机器人的设计与开发，特别是在头部俯仰控制机构方面，通过优化旋转支点和传动结构，实现稳定且精确的头部俯仰动作。
广东格瑞新材料股份有限公司,1,1,广东格瑞新材料股份有限公司专注于开发用于人形机器人的高性能复合材料，特别是通过MXD6尼龙和PA66尼龙与短切碳纤维的复合，制备出兼具高强度、高刚性、高耐疲劳性和优异冲击韧性的材料，显著提升机器人结构件的性能和可靠性。
上海遨博智能科技有限公司,1,1,上海遨博智能科技有限公司专注于人形机器人试验平台的研发，通过集成机械手、定位构件、云台、深度摄像头、激光雷达等组件，构建高效灵活的测试环境，以缩短开发周期并加速产品迭代。
上海仪酷智能科技有限公司,1,1,上海仪酷智能科技有限公司专注于人形机器人底盘的设计与优化，通过创新的结构设计如环形橡胶圈和可伸缩的侧面支撑杆，提高机器人的移动灵活性和防撞缓冲能力，减少在复杂环境中的碰撞损伤。
上海众氢新能源科技有限公司,1,1,上海众氢新能源科技有限公司专注于柔性甲醇燃料电池的研发，该技术具有良好的弯曲、扭曲和拉伸弹性，适用于不规则表面和动态形变场景。公司将柔性甲醇燃料电池作为发电单元集成于人形机器人外表面，以提升机器人的能量密度和续航能力。
元域寰宇人工智能科技(苏州)有限公司,1,1,该企业专注于人形机器人实时唇形同步技术，通过前馈延迟补偿和轻量级神经网络处理音频特征，实现多自由度嘴部电机的精准控制与视听同步。
云樘(上海)智能科技有限公司,1,1,云樘(上海)智能科技有限公司专注于仿人形机器人手臂结构的设计与优化，通过创新的机械臂组件布局和旋转轴设计，实现类似人类弯腰的动作，从而在保证成本效益和稳定性的前提下，扩展机械臂的工作范围并增强其仿生性能。
朱周安,1,1,朱周安专注于人形机器人脚部结构的设计与优化，特别注重通过减震系统提升机器人在不平路面上的移动平稳性，减少晃动幅度，以提高整体性能和用户体验。
杭州壹航科技有限公司,1,1,杭州壹航科技有限公司专注于自动化人形机器人关节输出法兰的高精度动平衡精加工技术，通过创新的机械结构设计实现加工头的快速安装与定位，提高加工精度和效率。
国网河北省电力有限公司雄安新区供电公司,1,1,国网河北省电力有限公司雄安新区供电公司专注于利用人形机器人进行电力设备的智能化带电检测，通过多传感器融合、自主路径规划与避障、仿人机械臂操作及实时数据分析，提高开关柜检测效率和准确性。
上海俊聘教育科技有限公司,1,1,上海俊聘教育科技有限公司专注于人形机器人手部结构的设计与优化，通过仿生膜、多级移动块和连接杆的组合，结合牵引绳和电机组的控制，实现更加自然的手指弯曲动作，提高手部结构的使用效果并简化制造成本。
天津五格教育科技有限责任公司,1,1,天津五格教育科技有限责任公司专注于人形机器人的研发，特别是在高自由度和灵活动作控制方面。通过在机器人身体各部位设置多个舵机，实现多关节的独立控制，从而使人形机器人能够完成复杂的动作任务。
河南瑞禾医疗器械有限责任公司,1,1,河南瑞禾医疗器械有限责任公司专注于研发适用于人形机器人的腿部运动结构，通过创新的安装、悬臂及绑腿组件设计，实现对不同年龄和体型使用者腿部的舒适固定与康复运动，提高设备的适用性和实用性。
上海芭熹机器人有限责任公司,1,1,上海芭熹机器人有限责任公司专注于开发具有超声波探测功能的人形机器人，通过增强超声波发射器的功率和探测距离，提升机器人的环境感知与避障能力。
上海师范大学天华学院,1,1,上海师范大学天华学院在机器人技术领域主要研究人形机器人的运动控制与结构设计，特别是通过创新的腰部全方位转向机构实现360度旋转和弯腰动作，结合电子陀螺仪和控制器确保动作的稳定性和精确性，提升机器人在复杂环境中的适应能力。
贵阳市乌当区新天社区卫生服务中心,1,1,贵阳市乌当区新天社区卫生服务中心的研究主攻方向为医院导医人形机器人的设计与优化，特别关注于提升机器人内部电子元器件的散热性能，通过创新的结构设计和材料应用确保设备运行的安全性和稳定性。
中国人民解放军装甲兵工程学院,1,1,该单位主要研究方向为人形机器人的实时控制系统，通过RS232通信模块实现上位机与主控制器的双向通信，结合驱动模块、姿态检测及故障监测等功能，确保机器人控制的稳定性和可靠性。
武昌理工学院,1,1,武昌理工学院在机器人领域主要研究具有防碰撞功能的人形机器人设计，通过采用缓冲弹簧、支承结构和限位装置等技术手段，提高机器人在受到外部碰撞时的安全性和耐用性。
哈尔滨深潜科技有限公司,1,1,哈尔滨深潜科技有限公司专注于人形机器人夹持装置的研发，通过创新的齿轮传动和角度调节机制，实现对多种形状物品的有效抓取与固定，提高夹持装置的灵活性和稳定性。
深圳市易弥科技有限公司,1,1,深圳市易弥科技有限公司专注于开发具有多功能的人形机器人，特别是在空气质量检测方面。通过在机械臂上集成可调节高度的检测装置，实现对不同高度空气的精准监测，提升环境数据采集的全面性和准确性。
广州慧兔机器人有限公司,1,1,广州慧兔机器人有限公司专注于人形机器人的研发，主要研究方向为通过仿生工艺制造连接骨架，并利用转轴电机实现多自由度关节运动，使机器人能够模仿人类的运动轨迹，从而支持更广泛的开发和应用。
东莞旭琪智能科技有限公司,1,1,东莞旭琪智能科技有限公司专注于小型仿人形机器人的手指设计，通过优化关节连接和材料使用，实现结构简化与成本降低，适用于小型机器人应用。
北京龙邱智能科技有限公司,1,1,北京龙邱智能科技有限公司专注于人形机器人腿部结构的设计与优化，通过多连杆系统和扭转驱动装置增强机器人的稳定性和灵活性，有效解决支架变形导致的重心失衡问题。
宜春学院,1,1,宜春学院在机器人领域的研究主攻方向是人形机器人的设计与控制，特别关注通过舵机驱动实现灵活的行走、摆臂和转弯功能，以提高机器人的平衡性和通过性。
重庆科创职业学院,1,1,重庆科创职业学院在机器人领域的研究主攻方向为开发具有防碰撞功能的人形机器人，通过集成防撞装置和防护装置提高机器人的安全性和耐用性，减少外部冲击对内部结构的影响，并保护用户免受伤害。
江苏恒立精密工业有限公司,1,1,江苏恒立精密工业有限公司专注于人形机器人关节电动缸的研发，通过集成无框电机、行星滚柱丝杆和紧凑的结构设计，实现高效、精确的线性驱动。
浙江万马集团特种电子电缆有限公司,1,1,浙江万马集团特种电子电缆有限公司专注于开发适用于人形机器人的高性能组合线缆，通过优化线缆结构和材料，提高线缆在机器人运动中的耐久性和可靠性，满足动力和信号传输的特殊需求。
牛桂双,1,1,牛桂双的研究主攻方向是人形机器人手臂的模块化设计与多功能应用，特别关注于机械手臂的可拆分性及夹持工具的便捷更换，以提高机器人的灵活性和适应性。
上海帮楚自动化科技有限公司,1,1,上海帮楚自动化科技有限公司专注于人形机器人关节用旋转执行器的研发，特别在基于滚柱丝杠副的驱动机构方面，通过创新设计实现将丝杆的输入旋转转化为螺母无直线运动的输出旋转运动，提高关节灵活性和效率。
张小慧,1,1,张小慧的研究主攻方向是仿人形机器人手臂结构，通过优化支撑机构和驱动机构的设计，提高机械臂在操作过程中的稳定性和实用性。
广东银磁科学技术有限公司,1,1,广东银磁科学技术有限公司专注于人形机器人双足驱动系统的研发，特别是可变刚度齿轮箱技术。通过创新的齿轮箱设计和减震机制，有效减少行走过程中的震动，提高机器人的稳定性和使用寿命。
贵州赛曼特科技有限公司,1,1,贵州赛曼特科技有限公司专注于人形机器人手臂的设计与开发，主要研究方向为可拆分和模块化的机械手臂结构，以实现便捷的夹持工具更换及多功能操作。通过优化夹持装置、驱动装置、转动固定装置和移动装置之间的连接方式，提升机器人手臂的灵活性和实用性。
东莞银驱动力有限公司,1,1,东莞银驱动力有限公司专注于人形机器人双足驱动系统的研发，特别是可变刚度齿轮箱技术。通过创新的齿轮箱设计和减震机制，有效减少行走过程中的震动，提升机器人运行稳定性和使用寿命。
杭州智芯科微电子科技有限公司,1,1,杭州智芯科微电子科技有限公司专注于人形机器人运动控制技术，通过实时环境感知、云端数据匹配与动态修正优化运行向量，提升机器人在复杂环境中的适应性、稳定性和安全性，实现高效学习和精准控制。
刘俊民,1,1,刘俊民的研究主攻方向是人形机器人的多轴回转结构，通过优化腰部和手臂的多向转动控制，提升机器人在模拟人类动作时的灵活性与精确度。
重庆曼源科技有限公司,1,1,重庆曼源科技有限公司专注于电液集成驱动的仿生人形机器人上肢结构研发，通过结合仿人骨骼、韧带系统和液压人工肌肉单元，实现高自由度、强柔顺性和高动态性能的关节运动，构建具有生理结构相似性和控制响应灵敏性的先进机器人。
深圳市人动人信息技术有限公司,1,1,深圳市人动人信息技术有限公司专注于开发具有模块化动力装置和可更换外观的人形机器人，通过集成LED灯带和便捷的甲衣拼装系统，实现结构简单、视觉效果炫彩且角色多变的机器人设计。
广州智脑机器人有限公司,1,1,广州智脑机器人有限公司专注于人形机器人的腿部运动控制技术，特别是通过电子限位结构提高腿部的响应速度和灵活性，以实现快速改变运动方向和复杂动作的能力。
北京嘉越华泰科技有限公司,1,1,北京嘉越华泰科技有限公司专注于人形机器人机械连接结构的研发，通过创新的可调长度连接管设计，实现舵机输出轴的有效延长与重心调整，同时支持不同舵机的灵活连接，增强机器人结构的扩展性和适应性。
杭州宇树科技有限公司,1,1,杭州宇树科技有限公司专注于人形机器人的腿部动力结构设计，通过优化跨步驱动单元、大腿体组件、小腿体组件和脚部组件的连接与驱动方式，实现机器人腿部的灵活摆动和转动，以满足复杂动作姿态的需求。
汉威科技集团股份有限公司,1,1,汉威科技集团股份有限公司专注于人形机器人电子皮肤的数据压缩与传输技术，通过动态扫描采集、数据预处理、行程压缩和差分编码等方法，实现高效数据传输和边缘计算，提升机器人的感知能力。
山东恒义轴承科技有限公司,1,1,山东恒义轴承科技有限公司专注于人形机器人关节轴承的故障诊断技术，特别是通过多模态信号融合和先进分析方法实现高精度的堵转检测，以提升机器人的运行性能和安全性。
滁州天巡穹宇科技有限公司,1,1,滁州天巡穹宇科技有限公司专注于人形机器人维修技术领域，特别是开发高效便捷的零件维修装置。通过集成电机驱动、磁吸固定和电池供电等技术，实现对人形机器人内部螺丝的快速拆卸与安装，显著提升维修效率。
深圳市米客教育科技有限公司,1,1,深圳市米客教育科技有限公司专注于开发可切换运动模式的人形机器人装置，通过创新的机械结构设计和动力系统集成，实现机器人在不同速度模式下的灵活转换，增强其运动多样性和适应性。
中豫具身智能实验室,1,1,中豫具身智能实验室专注于开发基于大模型的人形机器人决策调度系统，通过多模态数据融合、自然语言处理和动态任务调度技术，实现高效的任务分解与执行，提升人形机器人的自主决策和环境适应能力。
金智东博(北京)教育科技股份有限公司,1,1,金智东博(北京)教育科技股份有限公司的研究主攻方向是人形机器人的双眼结构设计，专注于通过卡固结构实现快速拆装和固定，提高检修效率。
灭霸世纪机器人装备(湖北)有限公司,1,1,该企业专注于人形机器人上半身运动机构的研发，通过液压缸驱动实现灵活控制，简化控制系统，降低成本，提高结构轻巧性和功能丰富性。
镇江智谷高端装备研究院有限公司,1,1,镇江智谷高端装备研究院有限公司专注于人形机器人领域的反向式行星滚柱丝杠技术，通过创新的组合式长螺母设计，解决了传统大长径比螺母加工难题，降低了制造成本并提高了生产效率，特别适用于与无框力矩电机结合组成直线关节模组。
深圳市云恒智能有限公司,1,1,深圳市云恒智能有限公司专注于基于多模态生物特征的AI人形机器人交互技术，通过姿态联动采集、时空对齐与数据重构等方法，解决动态场景下的生物特征采集失配和时空错位问题，并结合活体校验、增量学习及加密设计提升系统安全性和稳定性。
广东兆力电机集团股份有限公司,1,1,广东兆力电机集团股份有限公司专注于人形机器人电驱动关节执行器的研发，通过创新的缓冲组件和散热系统提高机器人的稳定性和高负载下的性能。
武汉库柏特科技股份有限公司,1,1,武汉库柏特科技股份有限公司专注于开发用于药房自动化的人形机器人技术，通过集成行走底座、仿人形机械臂和机械手以及行为控制单元，实现药品的自动抓取、暂存与发放，提高药房发药效率。
伍元军,1,1,伍元军的研究主攻方向是人形机器人关节的高负载、高性能和低能耗减速器技术，特别是通过创新的纯滚针摆线减速器设计，提升关节模块的负载能力、寿命、能效比及可靠性。
北京天誉创新科技有限公司,1,1,北京天誉创新科技有限公司专注于人形机器人电动缸的设计与优化，特别是在内置压力传感器结构方面，通过改进固定和连接机制，实现电动缸的便捷拆装与维护，提高实用性和操作便捷性。
广州理工学院,1,1,广州理工学院在人形机器人领域专注于设计和优化机器人的结构与驱动系统，特别是通过改进肩部、臂部及手部的驱动机构来增强摆臂动作的稳定性和可靠性，同时简化整体结构以利于教学和拆装操作。
苏州致翰科技有限公司,1,1,苏州致翰科技有限公司专注于开发具有人机互动功能的人形机器人，结合体感互动装置和LED拼接屏技术，实现用户动作捕捉与机器人响应，提供沉浸式互动体验及科普展示。
华中科技大学同济医学院附属协和医院,1,1,华中科技大学同济医学院附属协和医院的研究主攻方向是开发用于药房自动化发药的人形机器人及其控制方法，通过集成行走底座、仿人形机械臂和机械手以及行为控制单元，实现药品的自动抓取、暂存和发放，提高药房工作效率。
深圳安迪上科新材料科技有限公司,1,1,深圳安迪上科新材料科技有限公司专注于人形机器人底板的设计与优化，通过改进底板的结构设计，增强其与机器人足底的连接稳定性和可靠性，同时提升防滑性能。
绵阳大手有艺文化科技有限公司,1,1,绵阳大手有艺文化科技有限公司专注于人形机器人的腰胯部结构设计，通过优化旋转连接和加固支撑调距机构，提高机器人腰胯部的运行平稳性和适应性，实现胯宽及跨高的灵活调节。
中国科学院合肥智能机械研究所,1,1,中国科学院合肥智能机械研究所专注于人形机器人脚部设计及力信息检测技术，通过集成六分量力传感器实现对行走过程中压力中心点和零力矩点的实时测量，为步态规划提供反馈控制。
上海交通大学绍兴新能源与分子工程研究院,1,1,上海交通大学绍兴新能源与分子工程研究院专注于人形机器人的电池安装结构设计，通过优化电池容纳腔、电池支架和盖板的布局，实现高效散热和安全防护，特别是在电池舱和电气舱的分隔及负压舱的设计上，提升了整体的安全性和可靠性。
西安蓝虫具身智能科技有限公司,1,1,西安蓝虫具身智能科技有限公司专注于人形机器人的双臂动力结构设计，通过优化肩部和胸部的连接方式及电机布局，实现更加紧凑、协调和拟人化的机器人外形，提升整体美观性和实用性。
沈阳中兴电力通信有限公司,1,1,沈阳中兴电力通信有限公司专注于开发基于人形机器人的射击对战系统，通过集成手枪模型、连接器、控制器和遥控器，实现多机器人在人类控制下的自由射击对抗，提升了仿人机器人的功能性和互动性。
麦歌智能科技(武汉)有限公司,1,1,麦歌智能科技(武汉)有限公司专注于人形机器人训练装置的研发，特别是针对提高机器人抓取精度的训练设备。通过设计可调节高度的放置台和集成距离传感器、重量传感器等组件，实现对人形机器人抓取能力的有效评估与提升。
安普(成都)机器人有限公司,1,1,安普(成都)机器人有限公司专注于人形机器人的框架结构设计，特别是在关节连接和多舵机协同控制方面，通过优化躯干、手臂及腿部的机械联动机制，实现更加灵活自然的人形机器人运动。
智能佳(北京)机器人有限公司,1,1,智能佳(北京)机器人有限公司专注于开发具有超声波传感器的人形机器人，通过将超声波传感器集成于机器人眼睛部位，并结合头部运动机构，实现多方位的环境探测。该技术不仅扩大了机器人的感知范围，还简化了硬件设计和软件控制，提升了机器人的实用性和观赏性。
珠海金萝卜智动科技有限公司,1,1,珠海金萝卜智动科技有限公司专注于人形机器人直流电机驱动器的研发，通过集成处理电路、桥式驱动电路及多种反馈调节机制，实现对直流电机的高效精准控制，提升人形机器人的运动性能与稳定性。
麦趣曼智能科技无锡有限公司,1,1,麦趣曼智能科技无锡有限公司专注于人形机器人关节结构的设计与优化，通过将伺服器与关节一体化，简化安装工艺，提高运动强度，并实现整体轻量化。
南京禄口国际机场空港科技有限公司,1,1,南京禄口国际机场空港科技有限公司专注于人形机器人关节结构的设计与优化，通过创新的支撑杆、负担杆、电机及减速传动组件组合，提高关节在承受较大负荷时的稳定性和耐用性，确保电机在高负载条件下不易损坏。
北京精仪达盛科技有限公司,1,1,北京精仪达盛科技有限公司专注于人形机器人实验系统的研发，通过将机器人拆分为机械手、机械腿和机械头三个部分，并利用主控制器对各部分进行精确控制，实现多模块应用教学与科研，拓展了人形机器人在教育和研究领域的应用。
