id,publication_no,肢体协调规划,监控安全报警,环境模式识别,人机交互输入,图像视觉分析,自主路径规划,仿生关节传动,伺服电机控制,仿生视觉传感,医疗辅助操作,双足移动底盘,仿生双臂系统,头部感知模块,具身智能控制,灵巧末端执行,柔性关节驱动,人机交互接口
1,CN100336633C,1,0,0,0,0,0,1,1,0,0,1,0,0,0,0,0,0
2,CN100337580C,0,0,0,0,1,0,0,0,0,0,0,0,0,0,0,0,0
3,CN100339871C,0,0,1,0,1,1,0,0,0,0,0,0,0,0,0,0,0
4,CN100344419C,1,0,0,1,0,0,1,1,0,0,1,0,0,1,0,0,0
5,CN100346941C,1,0,0,0,0,0,0,1,0,0,0,0,0,1,0,0,0
7,CN100352622C,0,0,1,1,0,0,0,0,0,0,0,0,0,1,0,0,1
8,CN100364728C,1,0,0,0,0,0,0,0,0,0,1,0,0,1,0,0,0
10,CN100376364C,0,0,0,0,0,0,1,0,0,0,1,0,0,0,0,0,0
11,CN100389937C,0,0,0,0,0,0,1,0,0,0,1,1,0,0,0,0,0
12,CN100398268C,0,0,0,0,0,0,1,0,0,0,1,0,0,0,0,1,0
13,CN100500358C,0,0,0,0,0,0,0,1,0,0,0,1,0,0,1,0,0
14,CN100503179C,1,0,0,0,0,0,1,1,0,0,1,0,0,0,0,0,0
16,CN100504675C,0,0,0,0,0,0,0,0,0,0,0,0,0,0,0,0,0
17,CN100506495C,0,0,0,0,0,0,1,1,0,0,0,0,0,0,0,0,0
18,CN100506626C,0,0,0,0,0,0,1,1,0,0,0,0,0,0,0,0,0
19,CN100544901C,0,0,0,0,0,0,1,1,0,0,0,0,0,0,0,0,0
20,CN100544904C,0,0,0,0,0,0,1,1,0,0,0,1,0,0,0,0,0
21,CN100548242C,1,0,0,0,0,0,0,0,0,0,1,0,0,1,0,0,0
22,CN100551473C,0,0,0,0,0,0,1,0,0,0,1,0,0,0,0,0,0
23,CN100576248C,0,0,1,0,1,0,0,0,1,0,0,0,0,0,0,0,0
24,CN100584000C,0,1,0,0,1,0,0,0,0,0,0,0,0,0,0,0,0
25,CN100590679C,0,0,0,0,0,0,0,1,0,0,0,0,0,0,0,0,0
26,CN100593001C,0,0,0,0,0,0,1,0,0,0,1,0,0,0,0,1,0
27,CN100594361C,0,0,0,0,0,0,0,0,0,0,0,0,0,0,0,0,0
28,CN101022996B,0,0,0,0,0,0,0,0,0,0,0,0,0,0,0,0,0
29,CN101084817B,1,0,1,1,1,1,0,0,1,0,0,0,0,1,0,0,1
30,CN101092036B,0,0,0,0,0,0,0,0,0,0,0,0,1,0,0,0,0
31,CN101116970A,0,0,0,0,0,0,1,1,0,0,0,1,1,0,0,0,0
32,CN101142062B,0,0,0,1,0,0,0,0,0,0,0,0,0,0,0,0,1
33,CN101154385A,0,0,0,1,0,0,0,0,0,0,0,0,0,0,0,0,1
34,CN101164645A,0,0,0,0,0,0,1,0,0,0,0,0,0,0,0,1,0
35,CN101198387B,0,0,0,0,0,0,0,0,0,0,0,0,0,0,0,0,0
36,CN101204815B,0,0,0,0,0,0,1,0,0,0,0,1,0,0,1,1,0
37,CN101229826B,0,0,0,0,0,0,1,1,0,0,1,0,0,0,0,0,0
38,CN101293539A,0,0,0,0,0,0,0,1,0,0,0,0,0,0,0,0,0
39,CN101301755B,0,0,0,0,0,0,1,0,0,0,0,0,0,0,0,0,0
40,CN101301756B,0,0,0,0,0,0,1,0,0,0,0,0,0,0,0,0,0
41,CN101306534B,0,0,0,0,0,0,1,0,0,0,0,0,0,0,0,0,0
42,CN101307797B,0,0,0,0,0,0,1,0,0,0,0,0,0,0,0,1,0
43,CN101327818B,0,0,0,0,0,0,1,0,0,0,1,0,0,0,0,0,0
44,CN101334063A,0,0,0,0,0,0,1,0,0,0,0,0,0,0,0,1,0
45,CN101340337A,0,0,0,1,0,0,0,0,0,0,0,0,0,0,0,0,1
46,CN101403619B,0,0,0,0,0,0,0,0,0,0,1,0,0,1,0,0,0
47,CN101417425A,0,0,0,0,0,0,0,1,0,0,0,0,0,0,0,0,0
48,CN101428421B,1,0,0,0,0,0,0,1,0,0,1,0,0,0,0,0,0
49,CN101433759B,0,0,0,0,0,1,0,0,0,0,0,0,0,0,0,0,0
50,CN101450259A,0,0,0,0,0,0,0,1,0,0,0,0,0,0,0,0,0
51,CN101464942B,0,0,0,0,0,0,0,1,0,0,0,0,0,0,1,0,0
52,CN101476874B,0,0,0,0,1,0,1,1,1,0,0,0,0,0,0,0,0
53,CN101504542A,0,0,0,1,0,0,0,0,0,0,0,0,0,0,0,0,1
54,CN101524594B,1,0,0,0,0,0,0,0,0,0,0,0,0,1,0,0,0
55,CN101525011A,1,0,0,0,0,0,1,1,0,0,0,0,0,1,0,0,0
56,CN101554893B,0,0,0,0,0,0,1,1,0,0,1,0,0,0,0,0,0
57,CN101564840A,1,0,0,0,0,0,0,1,0,0,0,0,0,0,0,0,0
58,CN101610877B,0,0,0,1,0,0,0,0,0,0,0,0,0,0,0,0,1
59,CN101618549B,0,0,1,0,0,0,1,1,0,0,1,0,0,0,0,1,0
61,CN101670581A,0,0,0,0,0,0,1,0,0,0,0,0,0,0,1,1,0
62,CN101706296B,0,0,0,0,0,0,0,0,0,0,0,0,0,0,0,0,0
63,CN101739172B,0,0,0,1,0,0,0,0,0,0,0,0,0,0,0,0,1
64,CN101751852A,0,0,0,0,0,0,0,0,0,0,0,0,1,0,0,0,1
65,CN101754739A,0,0,0,0,0,0,0,0,0,1,0,0,0,0,0,0,0
66,CN101758498B,0,0,0,0,0,0,1,1,0,0,0,0,0,0,0,1,0
67,CN101779991B,0,0,0,0,0,0,1,1,0,0,0,1,0,0,0,0,0
68,CN101780675B,0,0,0,0,0,0,1,1,1,0,0,0,1,0,0,0,0
69,CN101801486A,0,0,0,0,0,0,1,0,0,0,0,0,0,0,0,0,0
70,CN101815562A,0,0,0,0,0,0,0,0,0,0,0,0,0,1,0,1,0
71,CN101823517B,0,0,0,0,0,0,0,0,0,0,1,0,0,0,0,1,0
72,CN101837592B,0,0,0,0,1,0,1,0,1,0,0,0,1,0,0,0,0
73,CN101852432B,0,0,0,0,0,0,0,0,0,0,0,0,0,0,0,0,0
74,CN101905085B,0,0,0,0,0,0,0,0,0,0,0,0,0,0,0,0,0
75,CN101915975B,0,0,0,0,1,0,0,0,1,0,0,0,0,0,0,0,0
76,CN101919755B,0,0,0,0,0,0,1,1,0,0,0,0,0,0,1,0,0
77,CN101960536B,0,0,0,0,0,0,0,0,0,0,0,0,0,0,0,0,0
79,CN101991956A,0,0,0,0,0,0,1,1,0,0,1,0,0,0,0,0,0
80,CN101995877A,0,0,1,0,0,0,0,0,0,0,0,0,0,0,0,0,0
81,CN102079095A,0,0,0,0,0,0,1,0,0,0,1,0,0,0,0,1,0
82,CN102099157B,0,0,1,0,1,1,0,1,0,0,0,0,0,0,0,0,0
83,CN102139713B,0,0,0,0,0,0,0,1,0,0,0,0,0,0,0,0,0
84,CN102160008B,1,0,0,0,0,0,0,1,0,0,0,0,0,1,0,0,0
85,CN102166754B,0,0,0,0,0,0,1,0,0,0,0,1,0,0,0,0,0
86,CN102177004B,0,0,0,0,0,0,1,0,0,0,0,0,0,0,0,1,0
88,CN102177478A,0,0,0,1,1,0,0,0,0,0,0,0,0,0,0,0,1
89,CN102180206B,0,0,0,0,0,0,1,0,0,0,1,0,0,0,0,1,0
90,CN102188824B,0,0,0,0,0,0,0,1,0,0,0,0,0,0,0,0,0
91,CN102189540A,0,0,0,0,0,0,0,0,0,0,1,1,1,1,0,0,0
92,CN102196785B,0,0,0,0,0,0,1,0,0,0,0,0,0,0,0,1,0
93,CN102198664B,0,0,0,0,0,0,1,0,0,0,0,0,0,0,0,1,0
94,CN102265199B,0,0,0,0,0,0,0,0,0,0,0,0,0,0,0,0,0
95,CN102265500B,0,0,0,0,0,0,0,1,0,0,0,0,0,0,0,0,0
96,CN102294589B,1,0,0,0,0,1,0,1,0,0,0,0,0,1,1,0,0
98,CN102306017B,1,0,0,1,0,0,1,1,0,0,0,1,0,1,1,0,1
99,CN102306026B,0,0,1,0,1,0,0,0,1,0,0,0,0,0,0,0,0
100,CN102339148A,0,0,0,1,0,0,0,0,0,0,0,0,0,0,0,0,1
101,CN102371589B,0,0,0,0,0,0,1,0,0,0,0,0,0,0,0,1,0
103,CN102375416B,1,0,0,0,0,0,1,1,0,0,0,0,0,1,0,0,0
104,CN102419926A,0,0,0,0,0,0,0,1,0,0,0,0,0,0,0,0,0
105,CN102436200B,0,0,0,0,0,0,0,1,0,0,0,0,0,0,0,0,0
106,CN102437601B,0,0,1,0,0,1,0,0,0,0,0,0,0,1,0,0,0
107,CN102514649A,0,0,0,0,0,0,1,0,0,0,1,0,0,0,0,1,0
108,CN102530340A,0,0,0,0,0,0,0,0,0,0,0,0,0,0,0,0,0
109,CN102553249B,1,0,0,0,0,0,1,1,0,0,0,0,0,0,0,0,0
110,CN102556199B,0,0,0,0,0,0,1,1,0,0,1,0,0,0,0,1,0
111,CN102596516B,0,0,1,1,0,0,0,0,0,0,0,0,0,1,0,0,1
112,CN102632504B,0,0,0,0,0,0,0,0,0,0,0,0,0,0,1,0,0
113,CN102641596A,0,0,0,0,0,0,0,0,1,0,0,0,0,0,0,0,0
114,CN102698429B,1,0,0,0,1,0,0,1,0,0,0,1,0,0,1,0,0
115,CN102706489B,0,0,0,0,0,0,0,0,0,0,0,0,0,0,1,0,0
116,CN102730095B,0,0,0,0,0,0,1,0,0,0,1,0,0,0,0,1,0
117,CN102848397A,1,0,0,1,0,1,0,0,0,0,1,1,0,1,1,0,1
118,CN102862160A,0,0,0,0,0,0,1,1,0,0,0,0,0,0,1,1,0
119,CN102892388A,0,0,0,0,0,0,1,1,0,1,0,0,0,0,0,0,0
120,CN102902374A,0,0,0,1,0,0,0,0,0,0,0,0,0,0,0,0,1
121,CN102915044B,1,0,0,0,1,0,0,0,1,0,0,0,1,1,0,0,1
122,CN102922521B,0,0,0,0,1,0,0,1,0,0,0,0,0,0,0,0,0
123,CN102975784B,1,0,0,0,0,0,1,1,0,0,1,0,0,0,0,0,0
124,CN102990932A,0,0,0,0,0,0,0,0,0,0,0,0,0,0,0,0,0
125,CN103101054B,0,0,0,1,0,0,0,0,0,0,0,0,0,0,0,0,1
126,CN103116354B,1,0,1,0,0,0,0,0,0,0,1,0,0,1,0,0,0
127,CN103116840A,0,0,1,0,1,1,0,0,0,0,0,0,0,0,0,0,1
128,CN103192390B,0,0,0,0,0,0,1,1,0,0,0,0,0,1,0,0,0
130,CN103192612B,0,0,0,1,1,0,0,1,0,0,0,0,0,0,1,0,1
131,CN103203746B,1,0,0,0,0,0,1,0,0,0,1,0,0,1,0,0,0
132,CN103213131B,0,0,0,0,0,0,1,1,0,0,1,0,0,0,0,0,0
133,CN103240728A,1,0,0,1,0,0,0,0,0,0,0,1,0,1,1,0,1
134,CN103273984A,0,0,0,0,0,0,1,1,0,0,0,0,0,0,0,0,0
135,CN103303381B,0,0,0,0,0,1,0,1,0,0,0,0,0,0,0,0,0
136,CN103387017B,0,0,0,0,0,0,1,1,0,0,0,0,0,0,0,0,0
137,CN103395069B,0,0,0,0,0,0,1,0,0,0,0,0,0,0,0,0,0
138,CN103402354B,0,0,0,0,0,0,0,0,0,0,0,0,0,0,0,0,0
139,CN103407513B,0,0,0,0,0,0,1,1,0,0,1,0,0,0,0,1,0
140,CN103499972B,0,0,0,1,0,0,0,0,0,0,0,0,0,0,0,0,1
141,CN103612687B,1,0,0,0,0,0,0,1,0,0,1,0,0,1,0,0,0
142,CN103616105B,0,0,0,0,0,0,1,0,0,0,0,0,0,0,0,1,0
143,CN103770116B,1,0,0,0,0,0,1,1,0,0,1,1,0,0,0,0,0
144,CN103817695B,0,1,0,0,0,0,0,1,0,0,0,0,0,0,0,1,0
145,CN103831828B,0,0,0,0,0,0,1,0,0,0,0,0,0,0,0,0,0
146,CN103878772B,0,0,0,0,0,0,1,1,0,0,0,0,0,1,0,0,0
147,CN103895021B,0,0,1,0,1,0,0,0,1,0,1,0,0,0,0,0,0
148,CN103895039B,0,0,0,0,0,0,0,1,0,0,0,0,0,0,0,0,0
149,CN103901400B,0,0,0,0,0,0,0,0,0,0,0,0,1,0,0,0,0
150,CN103901401B,0,0,1,0,0,0,0,0,0,0,0,0,1,0,0,0,0
151,CN103926933A,0,0,1,0,1,0,0,0,0,0,0,0,0,0,0,0,0
152,CN103948484B,1,0,0,1,0,0,1,0,0,1,0,0,0,0,0,0,1
153,CN103958073B,0,0,0,0,0,0,0,0,0,0,0,0,0,0,0,0,0
154,CN103989570B,0,0,0,1,0,0,1,1,0,1,0,0,0,0,0,0,1
155,CN104011613B,0,0,0,0,0,0,1,1,0,0,0,0,0,0,0,1,0
156,CN104025106B,0,0,0,1,0,0,0,0,0,0,0,0,0,0,0,0,1
157,CN104042344B,1,0,0,0,0,0,0,1,0,0,0,0,0,1,1,0,0
158,CN104055650B,1,0,0,0,0,0,1,0,0,1,1,0,0,0,0,0,0
159,CN104057452B,1,0,0,0,0,0,1,1,0,0,0,0,0,0,0,0,0
160,CN104107770B,0,0,0,0,0,0,0,0,0,0,0,0,0,0,0,0,0
161,CN104174138B,0,0,0,0,0,1,0,0,0,0,0,0,0,0,0,0,0
162,CN104260097A,0,0,1,0,1,1,0,1,1,0,0,1,1,0,0,0,1
163,CN104298243B,1,0,0,0,0,0,0,0,0,0,1,0,0,1,0,1,0
164,CN104325462B,1,0,0,0,0,0,0,0,0,0,0,0,0,1,1,0,0
165,CN104470686B,0,0,0,1,0,0,0,0,0,0,0,0,0,0,0,0,1
166,CN104634486A,0,0,0,0,0,0,0,0,0,0,1,0,0,0,0,0,0
167,CN104692288A,0,0,0,0,0,0,0,1,0,0,0,0,0,0,0,0,0
168,CN104714555B,0,0,1,0,1,1,0,0,0,0,0,0,0,0,0,0,0
169,CN104723340B,0,0,0,0,0,0,0,1,0,1,0,0,0,0,0,1,0
170,CN104723355A,0,0,0,0,0,0,1,0,0,0,0,0,0,0,0,1,0
171,CN104731092A,0,0,1,0,0,1,0,0,0,0,0,0,0,0,0,0,0
172,CN104736982B,0,0,0,0,0,0,0,0,0,0,0,0,0,0,0,0,0
173,CN104742151B,0,0,0,0,0,0,1,1,0,0,0,0,0,0,0,1,0
174,CN104769236B,0,0,0,0,0,0,0,1,0,0,0,0,0,0,0,0,0
175,CN104769834B,0,0,0,0,0,0,0,0,0,0,0,0,0,0,0,1,0
176,CN104771908B,0,0,0,0,0,0,1,1,0,0,0,0,0,0,0,0,0
177,CN104793621B,1,0,0,0,0,0,1,1,0,0,1,0,0,1,0,1,0
178,CN104802876B,0,0,0,0,0,0,1,0,0,0,1,0,0,0,0,1,0
179,CN104842369A,0,0,0,0,0,0,1,0,0,0,0,0,0,0,0,1,0
180,CN104887312B,0,0,0,1,0,0,0,0,0,1,0,0,0,0,0,0,1
181,CN104898675A,0,0,1,0,1,1,0,0,0,0,0,0,0,0,0,0,0
182,CN104908060B,0,0,0,0,0,0,1,0,0,0,0,0,0,0,0,1,0
183,CN104908838B,1,0,0,0,0,0,1,1,0,0,0,0,0,1,0,0,0
184,CN104950888B,0,0,0,0,0,1,0,1,0,0,1,0,0,1,0,0,0
185,CN104965517B,1,0,0,0,0,1,0,0,0,0,0,0,0,0,0,0,0
186,CN104973158B,1,0,0,0,0,0,1,1,0,0,0,0,0,1,0,0,0
187,CN104985608B,0,0,0,0,0,0,0,1,0,0,0,0,0,0,0,1,0
188,CN104999472B,0,0,0,0,0,0,1,0,0,0,0,0,0,0,0,0,0
189,CN105035196B,0,0,0,0,0,0,0,1,0,0,0,0,0,0,0,0,0
190,CN105059420B,1,0,0,0,0,0,1,1,0,0,1,0,0,0,0,0,0
191,CN105078576A,0,0,1,0,1,0,0,0,0,1,0,0,0,0,0,0,0
192,CN105128014B,0,0,0,0,0,0,1,1,0,0,0,0,0,0,0,0,0
193,CN105128028B,0,0,0,0,0,0,1,1,0,0,0,0,0,0,0,0,0
194,CN105151154B,1,0,1,0,0,1,0,0,0,0,0,0,0,0,0,0,0
195,CN105164549B,0,0,1,0,1,0,0,0,1,0,0,0,0,0,0,0,0
196,CN105215996B,1,0,0,0,0,0,1,1,0,0,1,1,1,0,0,0,0
197,CN105235768B,1,0,0,0,0,0,0,0,0,0,1,0,0,0,0,0,0
198,CN105252532B,1,0,0,1,1,0,0,1,0,0,0,0,0,1,0,1,1
199,CN105270385B,0,0,0,0,0,0,0,1,0,0,0,0,0,0,1,0,0
200,CN105324792B,0,0,0,0,1,0,0,0,0,0,0,0,0,0,0,0,0
202,CN105404295A,1,0,0,0,0,0,0,1,0,0,0,0,0,0,0,0,0
204,CN105425799A,0,0,1,1,1,1,0,0,0,0,0,0,0,1,0,0,1
205,CN105429858B,0,0,0,0,0,0,0,0,0,0,0,0,0,0,0,0,0
206,CN105538302B,0,0,0,0,0,0,1,0,0,0,0,1,0,0,1,1,0
207,CN105553381A,0,0,0,0,0,0,0,0,0,0,0,0,0,0,0,1,0
208,CN105608957A,0,0,0,1,0,0,0,1,0,0,0,0,0,0,0,0,1
209,CN105619390B,0,0,0,0,0,0,1,0,0,0,0,1,0,0,0,0,0
210,CN105619392B,1,0,0,0,0,0,1,1,0,0,1,0,0,0,0,0,0
211,CN105644652B,0,0,0,0,0,0,1,1,0,0,0,0,0,0,0,0,0
212,CN105652738B,1,0,0,1,1,0,0,1,0,0,0,0,0,1,0,0,1
213,CN105653037A,0,0,0,1,1,0,0,0,0,0,0,0,0,0,0,0,1
214,CN105654016A,0,0,0,0,1,0,0,0,0,0,0,0,0,0,0,0,0
215,CN105671962B,0,0,0,0,0,0,0,0,0,0,0,0,0,0,0,0,0
216,CN105680972A,0,0,0,1,0,0,0,0,0,0,0,0,0,1,0,0,0
217,CN105690394A,1,0,0,1,0,0,0,0,0,0,0,0,0,1,0,0,1
218,CN105710888B,0,0,1,0,0,1,0,0,0,0,0,0,0,0,1,0,0
219,CN105716757B,0,0,0,0,0,0,0,0,0,0,0,0,0,1,0,0,0
220,CN105739437B,0,0,0,1,0,0,0,0,0,0,0,0,0,0,0,0,1
221,CN105745524B,0,0,0,0,0,0,0,0,0,0,0,0,0,0,0,0,0
222,CN105751220A,1,0,1,0,0,0,0,1,0,0,1,0,0,1,0,0,0
223,CN105760894A,0,0,1,0,1,1,0,0,0,0,0,0,0,0,0,0,0
224,CN105798924B,0,1,0,0,1,0,0,1,1,0,0,0,0,0,0,0,0
225,CN105813812B,0,0,0,0,0,0,0,1,0,0,0,0,0,0,0,0,0
226,CN105818136B,0,0,0,0,0,0,1,0,0,0,0,1,0,0,0,0,0
228,CN105818143B,0,0,0,0,0,0,0,0,0,1,0,0,0,0,1,1,0
229,CN105835044B,0,1,1,0,0,0,0,0,0,0,1,0,0,0,0,0,0
230,CN105835071A,0,0,0,1,1,0,0,0,0,0,0,0,1,0,0,0,1
231,CN105857431B,0,0,0,0,0,0,1,1,0,0,1,1,0,0,0,0,0
232,CN105881534A,0,0,0,0,0,0,0,0,0,0,0,0,1,1,0,0,0
233,CN105881543A,1,0,1,1,1,0,1,0,1,0,1,1,1,1,1,0,1
235,CN105892405B,0,0,0,0,0,0,0,1,0,0,0,0,0,0,0,0,0
236,CN105904460B,1,0,0,1,0,0,1,1,0,0,0,0,0,1,0,0,1
237,CN105912554B,0,0,0,0,0,0,0,0,0,0,0,0,0,0,0,0,0
238,CN105930588B,1,0,0,0,0,0,0,0,0,0,0,0,0,1,0,0,0
239,CN105936047B,0,0,0,1,0,0,0,0,0,0,0,0,0,1,0,0,1
240,CN105945994B,0,0,0,0,0,0,0,1,0,0,0,0,1,0,0,0,0
241,CN105947200A,1,0,1,1,0,1,0,1,0,0,1,1,0,1,0,0,1
242,CN105973143B,0,0,0,0,0,0,0,0,0,0,1,0,0,0,0,0,0
243,CN105983850B,0,0,0,0,0,0,0,0,0,0,0,1,0,0,0,0,1
245,CN105999719A,1,0,0,1,0,0,1,1,0,0,0,0,0,1,0,0,1
246,CN106003026A,0,0,0,0,0,0,1,1,0,0,0,0,0,0,0,0,0
247,CN106005092B,0,0,0,0,0,0,1,1,0,0,1,0,0,0,0,1,0
248,CN106030946B,0,0,0,0,0,0,0,0,0,0,0,0,0,0,0,0,0
249,CN106039726B,1,0,0,0,0,0,1,1,0,0,0,0,0,0,0,0,0
250,CN106041957B,0,0,0,0,0,0,1,0,0,0,0,1,0,0,0,0,0
251,CN106041958B,0,0,0,0,0,0,1,0,0,0,0,1,0,0,0,0,0
252,CN106052943B,0,0,0,0,0,0,0,0,0,0,0,0,0,0,0,0,0
253,CN106054756B,0,0,0,0,0,0,0,1,0,0,0,0,0,0,0,0,0
254,CN106094875B,0,0,0,0,1,1,0,0,0,0,0,0,0,0,0,0,0
255,CN106112978B,0,0,0,0,0,0,1,1,0,0,0,1,0,0,0,0,0
256,CN106113057B,0,0,0,0,1,0,0,0,0,0,0,0,1,0,0,0,1
257,CN106133781B,0,0,1,1,1,1,0,0,0,0,0,0,0,1,1,0,1
258,CN106142095A,0,0,0,0,0,0,1,1,0,0,0,0,0,0,0,0,0
259,CN106156778B,0,0,0,0,1,0,0,0,0,0,0,0,0,0,0,0,0
260,CN106166745B,0,0,0,0,0,0,1,0,0,0,0,1,0,0,1,0,0
261,CN106197975B,0,0,0,0,0,0,1,1,0,0,0,0,0,0,0,0,0
262,CN106217388B,0,0,0,0,0,0,1,1,0,0,0,1,0,0,0,0,0
263,CN106237624A,1,0,0,0,0,0,1,0,0,0,1,0,0,0,0,0,0
264,CN106239511A,0,0,0,1,1,0,0,0,0,0,0,0,1,0,0,0,1
265,CN106240671A,0,0,0,0,0,0,1,1,0,0,1,0,0,0,0,0,0
266,CN106251764A,0,0,0,0,0,0,1,0,0,0,0,0,0,0,0,0,0
267,CN106272387B,0,0,0,0,0,0,1,1,0,0,1,0,0,1,0,0,0
268,CN106272402B,0,0,0,0,0,0,1,1,0,0,1,0,0,0,0,0,0
269,CN106272550B,0,0,0,1,0,0,0,0,0,0,0,0,0,1,0,0,1
270,CN106292423A,1,0,0,1,0,0,0,0,0,0,0,0,0,1,0,0,1
271,CN106292424A,1,0,0,1,0,0,0,0,0,0,0,0,0,1,0,0,1
272,CN106310666A,0,0,0,0,0,0,1,1,0,0,1,0,0,0,0,0,0
273,CN106310667A,1,0,0,0,0,0,1,0,0,0,1,0,0,0,0,0,0
274,CN106314588A,0,0,0,0,0,0,1,1,0,0,1,0,0,0,0,0,0
275,CN106314589B,0,0,0,0,0,0,1,1,0,0,1,0,0,0,0,0,0
276,CN106314590B,1,0,0,1,0,0,1,0,0,0,1,0,0,0,0,0,1
277,CN106314591B,1,0,0,0,0,0,1,0,0,0,1,0,0,0,0,0,0
278,CN106325127B,0,0,0,1,0,0,0,0,0,0,0,0,0,1,0,0,1
279,CN106331475A,0,0,0,0,1,0,0,0,0,0,0,0,0,0,0,0,0
280,CN106335058A,0,0,0,1,0,0,0,0,0,0,0,0,0,0,0,0,1
281,CN106340235A,0,0,0,0,0,0,1,1,0,0,1,0,0,0,0,0,0
282,CN106346481A,0,0,0,0,0,0,0,0,0,0,0,0,0,0,0,0,0
283,CN106347581B,0,1,0,0,0,0,0,0,0,0,0,0,0,0,0,0,0
284,CN106363641B,1,0,0,0,0,0,1,1,0,0,1,1,0,0,0,0,0
285,CN106378792A,0,0,0,0,0,0,1,1,0,0,1,0,0,0,0,0,0
286,CN106379437B,0,0,0,0,0,0,1,0,0,0,1,0,0,0,0,0,0
287,CN106379438B,0,0,0,0,0,0,1,1,0,0,0,0,0,0,0,0,0
288,CN106406308A,0,0,0,0,0,0,0,1,0,0,0,0,0,0,0,0,0
289,CN106414856B,0,0,0,1,0,0,0,1,0,0,0,0,0,0,0,0,1
290,CN106426095B,0,0,0,0,0,0,0,1,0,0,0,0,0,0,0,0,0
291,CN106426168A,1,0,0,1,0,0,1,1,0,0,0,1,0,0,0,0,1
292,CN106426196B,0,0,0,0,0,0,1,1,0,0,0,0,1,0,0,0,0
295,CN106514655A,0,1,0,1,0,0,0,0,0,0,0,0,0,0,0,0,1
296,CN106547884A,0,0,0,1,1,0,0,0,0,0,0,0,0,1,0,0,1
297,CN106557362B,0,0,0,0,0,0,0,0,0,0,0,0,0,1,0,0,0
298,CN106573370B,0,0,0,0,0,1,0,1,0,0,0,0,0,1,0,0,0
300,CN106573371B,0,1,0,0,0,0,1,0,0,0,0,0,0,0,0,1,0
301,CN106573374A,0,0,0,0,0,0,1,1,0,0,0,0,0,0,0,1,0
302,CN106573375A,0,0,0,1,0,0,0,0,0,0,0,0,0,0,0,0,1
303,CN106575504A,0,0,0,1,0,0,0,0,0,0,0,0,0,0,0,0,1
304,CN106595595B,0,0,1,0,1,0,0,0,0,0,0,0,0,0,0,0,0
305,CN106599342B,1,0,0,0,0,0,1,0,0,0,0,1,0,0,0,0,0
306,CN106607910B,1,0,0,0,0,0,1,0,0,0,0,0,0,1,0,0,0
307,CN106625658A,1,0,0,1,1,0,1,0,1,0,0,1,1,1,1,0,1
308,CN106625659A,0,1,0,1,0,0,0,0,0,0,0,0,0,0,0,0,1
309,CN106625702A,0,0,0,0,0,0,1,1,0,0,0,0,1,0,0,0,0
310,CN106625751B,0,0,0,0,0,0,1,1,0,0,0,0,0,0,0,1,0
311,CN106627007A,1,0,0,0,0,1,0,1,0,0,0,0,0,0,0,0,0
312,CN106647483A,0,0,0,1,0,0,0,0,0,0,0,0,0,1,0,0,1
313,CN106662646B,0,0,1,0,1,1,0,0,0,0,0,0,0,0,0,0,0
314,CN106737584A,0,0,0,0,0,0,1,1,0,0,1,1,0,0,0,1,0
315,CN106737585B,0,0,0,0,0,0,1,1,0,0,1,0,0,0,0,0,0
316,CN106737744A,0,1,1,0,1,1,0,0,0,0,0,1,1,0,0,0,0
317,CN106737848B,0,0,0,0,0,0,1,1,0,0,1,0,0,0,0,0,0
318,CN106741279A,0,0,0,0,0,0,1,1,0,0,0,0,0,0,0,0,0
319,CN106775807A,0,0,0,0,0,0,0,0,0,0,0,0,0,0,0,0,0
320,CN106781295A,0,1,0,0,0,1,0,0,0,0,0,0,0,0,0,0,0
321,CN106782537A,0,0,0,1,0,0,0,0,0,0,0,0,0,0,0,0,1
322,CN106790730A,0,0,1,1,0,1,0,0,0,0,0,0,0,0,0,0,1
323,CN106794578A,0,1,0,0,0,0,1,0,0,0,0,0,0,0,0,0,0
324,CN106794579B,0,1,1,1,1,0,0,0,0,0,0,0,0,1,0,0,1
325,CN106799733A,0,0,0,1,0,0,0,0,0,0,0,0,0,0,0,0,1
326,CN106802658B,0,0,1,0,1,1,0,0,0,0,0,0,0,0,0,0,0
327,CN106808496B,0,1,0,0,1,0,0,0,0,0,0,0,1,0,0,0,1
328,CN106826759B,0,0,0,0,0,0,1,1,0,0,1,0,0,0,0,0,0
329,CN106840106B,0,0,0,0,1,0,0,0,0,0,0,0,0,0,0,0,0
331,CN106873614A,1,0,0,0,0,0,0,0,0,0,1,0,0,1,0,0,0
332,CN106873853A,0,0,0,1,1,0,0,0,0,0,0,0,0,0,0,0,1
333,CN106903704A,1,0,0,0,0,0,1,1,0,0,0,1,0,1,1,0,0
334,CN106912062A,0,0,0,0,0,1,0,0,0,0,0,0,0,0,0,0,0
335,CN106921833A,0,0,0,1,1,1,0,0,0,0,0,0,0,0,0,0,1
336,CN106926250B,1,0,0,0,0,0,1,1,0,0,0,1,0,1,0,0,0
337,CN106926251B,1,0,0,0,0,0,1,1,0,0,0,0,0,1,0,0,0
338,CN106933807A,0,0,0,1,0,0,0,0,0,0,0,0,0,0,0,0,1
339,CN106934452A,0,0,0,1,0,0,0,0,0,0,0,0,0,0,0,0,1
340,CN106936932B,0,0,0,0,0,0,0,0,0,0,0,0,0,0,0,0,0
341,CN106945036A,1,0,0,1,0,0,0,0,0,0,0,0,0,0,0,0,1
342,CN106945037A,0,0,0,0,1,0,0,0,0,0,0,0,0,0,1,0,0
343,CN106945051A,0,1,0,0,1,0,0,0,0,0,1,1,1,0,0,0,0
344,CN106952507A,0,0,0,1,0,0,0,0,0,0,0,0,0,0,0,0,1
345,CN106956254B,0,0,0,0,0,0,1,0,0,0,0,0,0,0,0,1,0
346,CN106956277B,1,0,0,0,0,0,1,0,0,0,0,1,0,0,0,0,0
347,CN106976098A,0,0,0,1,1,0,1,1,0,0,0,0,1,0,0,0,1
348,CN106985150A,0,0,0,1,0,0,0,0,0,0,0,0,0,0,0,0,1
349,CN106997243B,0,0,0,1,0,0,0,0,0,0,0,0,0,0,0,0,1
350,CN106999111A,0,0,0,0,1,0,0,0,0,0,0,0,0,0,0,0,0
351,CN107000215B,0,0,0,0,0,0,0,0,0,0,0,0,0,0,1,0,0
352,CN107005316B,0,0,0,0,0,0,0,0,0,0,0,0,0,0,0,0,0
353,CN107009362A,0,0,0,1,0,0,0,0,0,0,0,0,0,0,0,0,1
354,CN107038220B,0,0,0,1,0,0,0,0,0,0,0,0,0,0,0,0,1
355,CN107065639A,0,0,0,1,0,0,0,0,0,0,0,0,0,0,0,0,1
356,CN107065665B,1,0,0,1,0,0,1,1,0,0,0,0,0,1,0,0,1
357,CN107066507B,0,0,1,0,1,0,0,0,0,0,0,0,0,0,0,0,0
358,CN107073713B,0,1,0,0,0,0,0,1,0,1,0,0,0,0,0,0,0
359,CN107081752B,0,0,0,0,1,0,1,1,1,0,0,0,1,0,0,0,0
360,CN107087139A,0,1,0,0,1,1,0,0,0,0,0,0,0,0,0,0,0
361,CN107096233B,1,0,0,0,0,0,1,1,0,0,0,1,0,1,0,0,0
362,CN107127760A,1,0,1,1,0,1,1,0,0,0,1,1,1,1,0,0,1
363,CN107139212A,1,0,0,0,1,0,0,1,0,0,0,0,0,0,0,0,0
364,CN107144818A,0,0,0,0,0,0,0,0,0,0,0,0,1,0,0,0,0
365,CN107145153A,0,0,1,1,0,1,0,1,0,0,0,0,0,0,0,0,1
366,CN107160407B,1,0,0,0,0,0,0,1,0,0,0,1,0,0,1,0,0
367,CN107160408A,0,0,1,1,1,0,0,0,1,0,0,0,0,0,0,0,1
368,CN107176429A,0,0,0,0,0,1,0,0,0,0,0,0,0,0,0,0,0
369,CN107181818B,0,0,0,1,0,0,0,0,0,1,0,0,0,0,0,0,1
370,CN107203212A,1,0,0,0,0,0,1,1,0,0,1,1,1,1,0,0,0
371,CN107203490A,1,0,0,0,0,0,1,1,0,0,1,0,0,1,0,0,0
372,CN107224738B,0,0,0,0,0,0,0,0,0,0,0,0,0,0,0,0,0
373,CN107229243A,0,1,0,1,0,0,0,1,0,0,0,0,0,0,0,0,1
374,CN107234608B,0,0,0,0,0,0,1,1,0,0,0,0,0,0,0,1,0
375,CN107246461B,0,0,0,0,0,0,0,1,0,0,0,0,0,0,0,0,0
376,CN107273551A,0,0,0,1,0,0,0,0,0,0,0,0,0,0,0,0,1
378,CN107280603A,0,0,0,0,0,0,0,0,0,0,0,0,0,0,1,0,0
379,CN107283386A,1,0,0,1,0,0,0,0,0,0,0,0,0,0,0,0,1
380,CN107283436B,0,0,0,0,0,1,0,0,0,0,0,0,0,0,1,0,0
381,CN107291811B,0,0,1,0,1,0,0,0,0,0,0,0,0,1,0,0,0
382,CN107300435B,0,0,0,0,0,0,0,0,0,0,0,0,0,0,0,0,0
383,CN107336236A,0,0,0,1,0,0,0,1,0,0,0,0,0,0,0,0,1
384,CN107336267B,0,1,0,0,0,0,0,0,0,0,0,0,0,0,0,0,0
385,CN107344365B,0,0,0,0,0,0,1,1,0,0,0,0,0,0,0,0,0
386,CN107351077A,0,0,0,0,0,0,1,0,0,0,0,0,0,0,0,1,0
387,CN107363825B,0,0,0,0,0,0,1,1,0,0,0,0,0,0,1,0,0
388,CN107363834B,0,0,1,0,1,1,0,0,0,0,0,0,0,0,1,0,0
389,CN107398897A,1,0,0,0,0,0,0,1,0,0,0,0,0,1,1,0,0
390,CN107408015B,0,0,0,1,0,0,0,0,0,0,0,0,0,0,0,0,1
391,CN107430708B,0,0,0,0,0,0,0,0,0,0,0,0,0,0,0,0,0
392,CN107431836A,0,0,0,1,0,0,0,0,0,0,0,0,0,0,0,0,1
393,CN107433571A,0,0,0,0,0,0,0,1,0,0,0,0,0,0,1,0,0
394,CN107436159B,0,1,0,0,0,0,0,0,0,0,0,0,0,0,0,0,0
395,CN107443363B,0,0,0,0,0,0,0,1,0,0,0,0,0,0,0,0,0
396,CN107457802B,0,0,0,0,0,0,1,0,0,0,0,0,0,0,0,1,0
397,CN107463291A,0,0,0,1,0,0,0,0,0,0,0,0,0,1,0,0,1
398,CN107466262B,0,0,0,0,0,0,0,0,0,0,0,0,0,0,0,1,0
399,CN107498550B,0,0,0,0,0,0,1,1,0,0,0,0,0,0,0,0,0
400,CN107511833A,0,0,0,0,1,0,0,0,0,0,0,0,1,0,0,0,1
401,CN107520843A,1,0,0,0,1,0,1,1,0,0,0,0,0,0,0,0,0
402,CN107571281B,0,0,0,0,0,0,1,0,0,0,0,0,1,0,0,1,0
403,CN107580690B,0,1,0,1,0,0,0,0,0,0,0,0,0,0,0,0,1
404,CN107584475A,1,0,1,0,1,0,1,0,1,0,0,1,1,1,1,0,0
405,CN107589688A,0,0,1,1,1,0,0,0,0,0,0,0,0,0,0,0,1
406,CN107610376A,0,0,0,1,1,0,0,0,0,0,0,0,0,0,0,0,1
407,CN107625565B,0,0,0,0,0,0,1,0,0,1,0,0,0,0,0,1,0
408,CN107650121B,0,0,0,0,0,0,0,1,0,0,0,0,0,0,1,0,0
409,CN107685788B,1,0,0,0,0,1,0,1,0,0,0,0,0,1,0,0,0
410,CN107705643B,1,0,0,1,1,0,0,0,0,0,0,0,0,1,0,0,1
411,CN107718041A,0,0,0,0,0,0,1,1,0,0,0,0,0,0,0,0,0
412,CN107738260B,0,0,0,1,0,0,0,0,0,0,0,0,0,0,0,0,1
413,CN107745386B,0,0,0,0,0,0,0,0,1,0,0,0,1,0,0,0,1
414,CN107756376A,0,0,0,1,1,0,0,1,1,0,0,0,1,1,0,0,1
415,CN107775645A,1,1,1,0,1,0,0,1,0,0,0,0,0,1,1,0,0
416,CN107818318B,1,0,0,0,0,0,1,0,0,0,0,0,0,0,0,0,0
417,CN107825430A,0,0,0,0,0,0,0,0,0,0,1,0,0,1,0,0,0
418,CN107833605A,0,0,0,0,0,0,0,0,0,1,0,0,0,0,0,0,0
419,CN107839781B,0,0,0,0,0,0,1,0,0,0,1,0,0,0,0,1,0
420,CN107891422B,0,0,0,0,0,0,0,1,0,0,0,0,0,0,0,0,0
421,CN107901040A,0,0,0,1,1,0,0,1,0,0,0,0,0,0,1,0,1
422,CN107924438B,0,0,0,0,0,0,0,0,0,0,0,0,0,0,0,0,0
423,CN107932489A,1,0,0,0,0,1,0,1,0,0,0,0,0,1,0,0,0
424,CN107944333B,0,0,1,0,1,1,0,0,0,0,0,0,0,0,0,0,0
425,CN107948768B,0,0,0,0,0,0,0,0,0,0,0,0,1,0,0,0,0
426,CN107953331B,1,0,0,0,1,0,1,0,1,0,0,0,0,1,0,0,0
427,CN107953337A,0,0,0,0,0,0,1,1,0,0,0,0,0,0,0,0,0
428,CN107962564A,0,0,0,0,0,0,0,0,0,0,0,0,0,1,0,0,0
429,CN107974820B,0,0,0,0,0,0,0,1,0,0,0,0,0,0,1,0,0
430,CN108000518A,0,1,0,0,0,0,0,0,0,0,0,0,0,0,0,0,0
431,CN108000554B,0,0,0,0,0,0,1,1,0,0,0,0,0,0,0,1,0
432,CN108009680A,1,0,0,0,0,0,1,0,0,0,1,0,0,0,0,0,0
433,CN108015801B,0,0,0,0,0,0,1,1,0,0,0,1,0,0,0,0,0
434,CN108026961B,0,0,0,0,0,0,1,0,0,0,0,0,0,0,0,0,0
435,CN108044637B,1,0,0,0,0,0,1,1,0,0,0,1,1,0,1,0,0
436,CN108068908B,0,0,0,0,0,0,0,0,0,0,1,0,0,0,0,0,0
437,CN108081273B,0,0,0,0,0,0,0,1,0,0,0,0,0,0,1,0,0
438,CN108089571B,0,0,1,0,1,1,0,0,0,0,0,0,0,0,0,0,0
439,CN108098772B,0,1,0,1,0,1,0,0,0,0,0,0,0,0,0,0,1
440,CN108098797A,0,0,0,1,0,0,0,0,0,1,0,0,0,0,0,0,1
441,CN108100070A,1,0,0,0,0,0,1,1,0,0,1,0,0,0,0,0,0
442,CN108108648A,0,0,0,1,1,0,0,0,0,0,0,0,0,0,0,0,1
443,CN108114481A,0,0,0,1,0,0,0,1,0,0,0,0,0,0,0,0,1
444,CN108121824A,0,0,0,1,0,0,0,0,0,0,0,0,0,0,0,0,1
445,CN108135769A,0,0,0,0,0,0,1,0,0,0,1,0,0,0,0,0,0
448,CN108145717A,0,0,0,1,0,0,0,0,0,1,0,0,0,0,0,0,1
449,CN108161987A,0,0,0,0,0,0,0,0,0,0,0,1,0,0,0,0,0
450,CN108177913B,0,0,0,0,0,0,0,1,0,0,0,0,0,0,0,0,0
451,CN108189025A,0,0,0,1,0,0,0,0,0,0,0,0,0,0,0,0,1
452,CN108214480A,0,0,0,0,0,0,0,1,0,0,0,0,0,0,0,1,0
453,CN108225625B,0,0,0,0,0,0,0,0,0,0,0,0,0,0,0,0,0
454,CN108228008A,0,0,0,1,0,0,0,0,0,0,0,0,1,0,0,0,1
455,CN108228585A,1,0,0,0,0,0,0,0,0,0,0,0,0,0,0,0,0
456,CN108237536A,0,0,1,0,1,0,0,0,0,0,0,0,0,0,0,0,0
457,CN108237557B,0,0,0,0,0,0,1,0,0,0,0,0,0,0,0,0,0
458,CN108253955B,0,0,1,1,1,1,0,0,0,0,0,0,0,0,0,0,1
459,CN108257494A,0,0,0,1,0,0,0,1,0,0,0,1,0,0,1,0,1
460,CN108274476B,0,0,1,0,1,1,0,0,0,0,0,0,0,0,1,0,0
461,CN108280875A,0,0,0,0,1,0,0,1,0,0,0,0,0,0,0,0,0
462,CN108283021B,0,0,1,0,1,0,0,0,0,0,0,0,0,0,0,0,0
463,CN108291574B,0,0,0,0,0,0,0,0,0,0,0,0,0,0,0,0,0
464,CN108293628A,0,0,0,0,0,1,0,1,0,0,0,0,0,0,0,0,0
465,CN108297080B,0,0,0,0,0,0,1,0,0,0,0,1,0,0,0,0,0
466,CN108349076B,0,0,0,0,0,0,1,0,0,0,0,1,0,0,0,0,0
467,CN108350929A,0,0,0,0,0,0,0,0,0,0,0,0,0,0,0,0,0
468,CN108364636A,0,0,0,1,0,0,0,0,0,0,0,0,0,0,0,0,1
469,CN108368872B,0,0,0,0,0,0,1,0,0,0,0,0,0,0,0,0,0
470,CN108372506B,1,0,0,0,0,0,1,0,0,0,1,0,0,1,0,0,0
471,CN108393872B,0,0,0,0,0,0,1,0,0,0,0,0,0,0,0,1,0
472,CN108406795B,0,0,0,0,0,0,1,1,0,0,0,0,1,0,0,1,0
473,CN108407918B,1,1,0,0,0,0,1,1,0,0,1,0,0,0,0,0,0
474,CN108415675B,0,0,0,0,1,0,0,0,0,0,0,0,0,0,0,0,0
475,CN108415676B,0,0,0,0,0,0,0,0,0,0,0,0,0,0,0,0,1
476,CN108416786A,0,0,0,0,1,0,0,0,1,0,0,0,0,0,0,0,0
477,CN108421263B,1,0,0,0,0,0,1,1,0,0,1,1,0,0,0,0,0
478,CN108453763A,0,0,0,0,0,0,1,0,0,0,0,1,0,0,0,0,0
479,CN108474393B,0,0,0,0,0,0,0,0,0,0,0,0,0,0,0,1,0
480,CN108481296A,0,0,0,0,0,0,1,1,0,0,1,0,0,0,0,1,0
481,CN108508927A,0,1,0,0,0,0,0,1,0,0,0,0,0,0,0,0,0
482,CN108509511A,0,0,0,1,0,0,0,0,0,0,0,0,0,0,0,0,1
483,CN108519168A,0,0,0,0,0,0,0,0,0,0,0,0,0,1,0,0,0
484,CN108549088B,0,0,1,0,1,0,0,0,0,0,0,0,0,0,0,0,0
485,CN108553863B,1,0,1,0,1,1,0,1,0,0,0,1,0,1,0,0,0
486,CN108555926A,0,0,0,0,0,0,0,0,0,0,0,0,0,0,0,0,0
487,CN108564007B,0,0,0,0,1,0,0,0,0,0,0,0,0,0,0,0,1
488,CN108572586B,0,0,0,0,0,0,0,0,0,0,0,0,0,0,0,0,0
489,CN108582066B,1,0,0,0,0,0,0,0,0,0,1,0,0,1,0,0,0
490,CN108592936A,0,0,1,1,0,1,0,0,0,0,0,0,0,0,0,0,1
491,CN108604317A,0,0,0,0,0,0,0,0,0,0,0,0,0,0,0,0,0
492,CN108608445B,0,0,0,0,0,0,1,1,0,0,0,1,0,0,1,0,0
493,CN108618492A,0,0,0,0,0,0,0,0,0,0,0,0,0,0,0,0,0
494,CN108621164A,1,0,0,1,1,0,1,1,0,0,0,1,0,1,0,0,1
495,CN108638057B,1,0,0,0,0,0,0,0,0,0,0,1,0,0,0,0,0
496,CN108638058B,1,0,0,0,0,0,0,0,0,0,0,1,0,0,0,0,0
497,CN108646730A,0,0,1,1,0,1,0,1,0,0,0,0,0,0,0,0,1
498,CN108656150A,0,1,1,0,1,0,0,0,0,0,0,0,0,0,0,0,0
499,CN108663688B,0,1,1,0,1,0,0,0,0,0,0,0,0,0,0,0,0
500,CN108673492A,0,0,0,1,0,0,0,1,0,0,0,0,0,0,1,1,1
501,CN108680287B,0,0,0,0,0,0,0,0,0,0,0,0,0,0,1,0,0
502,CN108691989B,0,0,0,0,0,0,0,1,0,0,0,0,0,0,0,0,0
504,CN108697386B,0,0,0,0,1,0,0,0,0,1,0,0,0,0,0,0,0
505,CN108700107B,0,0,0,0,0,0,1,0,0,0,0,0,0,0,0,0,0
506,CN108701938B,0,0,0,0,0,0,0,0,0,0,0,0,0,0,0,0,0
507,CN108713217B,0,0,1,0,1,0,0,0,0,0,0,0,0,0,0,0,0
509,CN108724174A,0,0,0,1,0,0,0,0,0,0,0,0,0,0,0,0,1
510,CN108724201B,0,0,0,0,0,0,0,0,0,0,0,0,0,0,0,0,1
511,CN108724242A,0,0,1,0,0,0,1,1,0,0,0,0,0,0,0,0,0
512,CN108742364A,0,0,1,0,0,1,0,1,0,0,0,0,0,0,1,0,0
513,CN108759844B,0,0,1,0,1,0,0,0,0,0,0,0,0,0,0,0,0
514,CN108762148B,0,0,0,0,0,0,0,1,0,0,0,0,0,0,0,0,0
515,CN108778634B,1,0,1,1,1,0,1,1,0,1,0,1,0,1,1,0,1
516,CN108780014B,0,1,0,0,0,0,0,0,0,0,0,0,0,0,0,0,0
517,CN108789421B,0,0,1,0,1,1,0,0,0,0,0,0,0,0,0,0,0
518,CN108818556A,0,0,0,0,0,0,1,1,0,0,0,0,1,0,0,1,0
519,CN108818557A,0,0,0,0,0,0,1,0,0,0,0,0,1,0,0,1,0
520,CN108818558A,0,0,0,0,0,0,1,0,0,0,0,1,0,0,0,1,0
521,CN108818559A,0,0,0,0,0,0,1,0,0,0,0,0,0,0,0,1,0
522,CN108818585A,0,0,0,0,0,0,1,0,0,0,0,0,0,0,1,1,0
523,CN108818590B,0,0,0,0,0,0,1,0,0,0,0,0,0,0,1,1,0
524,CN108818608B,0,0,0,0,0,0,1,0,0,0,0,0,0,0,0,0,0
525,CN108818611A,0,0,0,0,0,0,1,0,0,0,0,1,0,0,0,1,0
526,CN108839017A,0,0,0,1,1,0,0,1,0,0,0,0,0,0,0,0,1
527,CN108845522A,0,0,0,0,0,0,0,1,0,0,0,0,0,0,0,0,0
528,CN108847226A,0,0,0,1,0,0,0,0,0,0,0,0,0,0,0,0,1
529,CN108858188B,1,0,0,0,1,0,0,0,1,0,0,0,0,1,0,0,0
530,CN108858205A,1,0,0,0,0,0,1,1,0,0,0,0,0,0,0,0,0
531,CN108858274B,0,0,0,0,0,0,1,1,0,0,0,0,1,0,0,0,0
532,CN108919950A,0,0,0,1,1,0,0,0,0,1,0,0,0,0,0,0,1
533,CN108927787A,0,0,0,0,0,0,1,0,0,0,0,1,0,0,0,1,0
534,CN108928350B,0,0,1,0,0,0,0,0,0,0,0,0,0,0,0,0,0
535,CN108959627B,0,0,0,1,0,0,0,0,0,0,0,0,0,0,0,0,1
536,CN108972494B,0,0,0,1,1,0,1,0,0,0,0,0,0,1,1,0,1
537,CN109002037B,0,0,1,0,1,1,0,0,0,0,0,0,0,0,0,0,0
538,CN109038875B,0,0,0,0,0,0,0,1,0,0,0,0,0,0,0,0,0
539,CN109064486A,0,0,0,0,1,0,0,0,1,0,0,0,0,0,0,0,0
540,CN109068477B,0,0,0,0,0,0,0,0,0,0,0,0,0,0,0,0,0
541,CN109074085B,0,0,1,0,0,1,0,0,0,0,0,0,0,0,0,0,0
542,CN109074183A,0,0,0,1,1,0,0,0,0,0,0,0,0,0,0,0,1
545,CN109079788B,0,0,0,0,1,0,0,0,0,0,0,1,0,0,1,0,0
546,CN109085173B,1,0,0,0,1,0,1,1,0,0,0,1,0,0,1,0,0
547,CN109086351B,0,0,0,1,0,0,0,0,0,0,0,0,0,0,0,0,1
548,CN109099873B,0,0,0,0,0,0,0,0,0,0,0,0,0,0,0,0,0
549,CN109101953A,0,0,0,1,0,0,0,0,0,0,0,0,1,0,0,0,1
550,CN109108958A,0,0,0,0,0,0,0,0,0,0,0,0,0,0,0,1,0
551,CN109124206A,0,0,0,1,1,0,0,0,0,0,0,0,0,0,0,0,1
552,CN109129483A,0,0,0,0,1,1,0,0,0,0,0,0,0,0,0,0,0
553,CN109144046A,0,0,0,0,0,1,0,0,0,0,0,0,0,0,0,0,0
554,CN109153116A,0,0,0,0,0,0,0,0,0,0,0,0,0,0,0,0,0
555,CN109154365B,0,0,0,0,0,0,1,0,0,0,0,0,0,0,0,0,0
557,CN109155129B,0,0,0,1,0,0,0,0,0,0,0,0,0,0,0,0,1
558,CN109157399A,0,0,0,0,0,0,0,1,0,1,0,0,0,0,1,0,0
559,CN109160172B,0,0,0,0,0,0,0,1,0,0,0,0,0,0,1,0,0
560,CN109164802A,0,0,1,0,1,1,0,0,0,0,0,0,0,0,0,0,0
561,CN109196844B,0,1,0,0,0,0,0,0,0,0,0,0,0,0,0,0,0
562,CN109202901A,1,0,0,0,0,1,1,0,0,0,1,0,0,1,0,0,0
563,CN109214347A,0,0,0,1,1,0,0,0,0,0,0,0,0,0,0,0,1
564,CN109215412A,0,0,1,1,1,0,0,0,0,0,0,0,1,0,0,0,1
565,CN109249391A,1,0,0,0,0,1,0,0,0,0,0,0,0,1,1,0,0
566,CN109299711B,0,0,0,0,1,0,0,0,0,0,0,0,0,0,0,0,0
567,CN109299730B,0,0,1,0,1,0,0,0,0,0,0,0,0,0,0,0,0
568,CN109304734B,0,0,0,0,0,0,0,0,0,0,0,0,0,0,0,0,0
569,CN109304735B,0,0,0,0,0,0,0,0,0,0,0,0,0,0,0,0,0
570,CN109308730A,1,0,0,1,0,0,0,0,0,0,0,0,0,1,0,0,1
571,CN109311159B,1,0,0,0,0,1,0,0,0,0,0,0,0,1,0,0,0
572,CN109314739A,0,0,0,1,0,0,0,0,0,0,0,0,0,0,0,0,1
573,CN109318227B,1,0,0,0,0,1,1,0,0,0,0,1,0,0,1,0,0
574,CN109318253B,0,0,0,0,0,0,1,0,0,0,0,0,0,0,0,1,0
575,CN109325493A,0,0,0,0,1,0,0,0,0,0,0,0,0,0,0,0,0
576,CN109328021B,0,0,0,0,0,0,0,1,0,0,0,0,0,0,0,0,0
577,CN109333506B,0,0,0,0,1,1,0,0,1,0,1,0,0,0,0,0,0
578,CN109333532B,0,0,0,1,0,1,0,0,0,0,0,0,0,1,0,0,1
580,CN109333534B,1,0,0,0,1,1,0,0,0,0,1,0,0,0,0,0,0
581,CN109333540A,0,0,1,1,1,1,0,0,0,0,0,0,0,0,0,0,1
582,CN109346149B,0,0,0,1,1,0,0,0,0,1,0,0,0,0,0,0,1
583,CN109352669A,0,1,0,0,1,0,0,0,0,0,0,0,0,0,0,0,0
584,CN109394209B,0,0,0,1,0,0,0,0,0,1,0,0,0,0,0,0,1
585,CN109414142B,0,0,1,0,1,1,0,0,0,0,0,0,0,0,0,0,0
586,CN109416702A,0,0,0,0,0,0,0,0,0,0,0,0,0,0,0,0,0
587,CN109416857A,0,0,0,1,0,1,0,0,0,0,0,0,0,0,0,0,1
588,CN109421197A,0,0,0,0,0,0,0,0,0,0,0,0,0,0,0,0,0
589,CN109427955B,0,0,0,0,0,0,0,0,0,0,0,0,0,0,0,0,0
590,CN109431460B,0,0,0,0,0,0,0,0,0,1,0,0,0,0,0,0,0
591,CN109434810B,1,0,0,0,0,0,1,1,0,0,1,0,0,0,0,0,0
593,CN109434835B,0,0,0,0,0,0,0,0,0,0,0,0,0,1,0,0,0
594,CN109448836A,0,0,0,1,0,1,0,0,0,1,0,1,0,0,1,0,1
595,CN109478247A,0,0,0,0,0,0,0,0,0,0,0,0,1,1,0,0,1
596,CN109501880B,1,0,0,0,0,1,1,0,0,0,1,0,0,0,0,0,0
597,CN109515548B,0,0,0,0,0,0,1,1,0,0,1,0,0,0,0,0,0
598,CN109562299B,0,0,0,0,0,0,0,0,0,1,0,1,0,0,0,0,0
599,CN109565574B,0,0,1,0,1,0,0,0,0,0,0,0,0,0,0,0,0
600,CN109571509B,1,1,1,0,1,0,1,1,1,0,0,1,0,1,1,0,0
602,CN109571544B,0,0,0,0,0,0,1,1,0,0,0,0,0,0,0,1,0
603,CN109582124B,0,0,0,0,1,0,0,0,1,0,0,0,0,0,0,0,0
604,CN109605344B,0,0,0,0,1,0,0,1,0,0,0,0,0,0,0,0,0
605,CN109634406B,0,0,0,0,0,0,1,1,0,0,0,0,0,0,1,0,0
606,CN109635085A,0,0,0,1,0,0,0,0,0,0,0,0,0,0,0,0,1
607,CN109648551B,0,0,0,0,1,0,0,1,0,0,0,0,1,0,0,0,0
608,CN109664316B,0,0,0,0,0,0,0,0,0,0,0,0,1,0,0,0,0
609,CN109664317B,0,0,0,0,1,0,0,1,0,0,0,0,0,0,1,0,0
610,CN109685709A,0,0,0,0,1,0,0,0,0,0,0,0,0,0,0,0,0
611,CN109688989A,0,0,0,0,0,0,0,0,0,0,0,0,0,0,0,0,0
612,CN109689311B,0,0,0,0,0,0,1,0,0,0,0,0,0,0,1,0,0
614,CN109693233B,1,0,0,0,0,0,0,0,0,0,0,0,0,1,0,0,0
615,CN109693234B,1,1,0,0,0,0,0,0,0,0,0,0,0,1,0,0,0
616,CN109702740B,0,0,0,1,0,0,0,1,0,0,0,0,0,1,0,1,1
617,CN109708642B,0,0,1,0,0,0,0,0,0,0,0,0,0,0,0,0,0
618,CN109709967B,1,0,0,0,0,0,0,1,0,0,1,0,0,0,0,0,0
619,CN109719732B,0,0,0,1,0,0,0,0,0,0,0,0,0,1,0,0,1
620,CN109733521B,0,0,0,0,0,1,0,1,0,0,0,0,0,0,0,0,0
621,CN109773792B,0,0,0,0,0,0,0,1,0,0,0,0,0,0,0,1,0
622,CN109787413A,0,0,0,0,0,0,0,1,0,0,0,0,0,0,0,1,0
623,CN109789550B,0,0,0,1,0,0,0,0,0,0,0,0,0,1,0,0,1
624,CN109807908B,1,0,0,0,0,1,1,1,0,0,1,1,0,1,1,0,0
625,CN109814649A,0,0,0,0,0,0,0,1,0,0,0,0,0,0,0,0,0
626,CN109830058A,0,0,0,1,1,0,0,0,0,0,0,0,0,0,1,0,1
627,CN109839964B,0,0,0,0,0,0,0,1,0,0,0,0,0,0,0,0,0
628,CN109866218B,1,0,0,0,0,0,1,1,0,0,1,1,0,1,0,0,0
629,CN109870943A,0,0,0,0,0,0,0,1,0,0,0,0,0,0,0,0,0
630,CN109875793A,0,1,0,0,0,0,0,1,0,1,0,0,0,0,0,0,0
631,CN109877845B,0,0,0,1,0,0,0,1,0,0,0,0,0,0,0,0,1
632,CN109885138B,0,0,0,0,0,0,0,0,0,0,0,0,0,0,0,0,0
633,CN109887396A,0,0,0,1,0,0,0,0,0,0,0,0,0,0,0,0,1
634,CN109890030B,0,1,0,0,0,0,0,0,0,0,0,0,0,0,0,0,0
635,CN109890572B,1,0,0,0,0,1,0,0,0,0,0,0,0,0,0,0,0
636,CN109895106B,0,0,0,0,0,0,0,1,0,0,0,1,0,0,1,0,0
637,CN109927034B,0,0,0,0,0,0,0,1,0,0,0,0,0,1,0,0,0
638,CN109927041B,1,0,0,0,0,0,1,0,0,0,0,0,0,1,0,0,0
639,CN109927048B,0,0,0,0,0,0,1,0,0,0,0,1,0,0,1,0,0
640,CN109927061A,0,0,0,0,0,0,1,1,0,0,0,0,0,0,1,0,0
641,CN109937002B,0,0,0,0,1,0,0,0,0,0,0,0,0,0,0,0,0
642,CN109940636A,1,0,0,1,0,1,1,0,0,0,0,0,0,1,0,0,1
643,CN109940872A,0,0,0,0,0,0,0,0,0,0,0,0,0,0,0,0,0
644,CN109955248A,0,0,0,0,1,0,0,1,0,0,0,0,1,0,0,0,1
645,CN109968351A,0,0,0,0,1,0,0,1,0,0,0,0,0,0,0,0,0
646,CN109968373A,1,0,0,1,1,1,1,1,1,0,1,1,1,1,1,0,1
647,CN109975700B,0,1,0,0,0,0,0,1,0,0,0,0,0,0,0,0,0
648,CN109976326B,0,0,0,0,0,0,0,1,0,0,0,0,0,0,0,0,0
649,CN109976744B,0,0,0,0,0,0,0,0,0,0,0,0,0,0,0,0,0
650,CN109986587A,0,0,0,0,0,0,0,0,0,0,0,0,0,0,0,0,1
651,CN109987169B,1,0,0,0,0,0,1,1,0,0,1,0,0,1,0,0,0
652,CN109991896B,0,1,0,0,0,0,0,0,0,0,0,0,0,1,0,0,0
653,CN109993896A,0,0,0,1,1,0,0,0,0,0,0,0,0,0,0,0,1
655,CN110000807B,0,0,0,0,0,0,0,1,0,0,0,0,0,0,0,0,0
656,CN110021294A,0,0,0,1,0,0,0,0,0,0,0,0,0,0,0,0,1
657,CN110023866B,0,0,1,0,1,1,0,0,0,0,0,0,0,0,0,0,0
658,CN110023867B,0,0,1,0,1,1,0,0,0,0,0,0,0,0,0,0,0
659,CN110026995B,0,0,0,0,0,0,1,0,0,0,0,0,1,0,0,1,0
660,CN110035871B,0,0,0,1,0,0,0,0,0,0,0,1,0,0,0,0,1
661,CN110039535B,0,0,0,1,0,0,0,0,0,0,0,0,0,0,0,0,1
662,CN110039573A,0,0,0,0,0,0,1,0,0,0,0,0,0,0,0,1,0
663,CN110045347B,0,0,0,0,0,0,0,0,0,0,0,0,0,0,0,0,0
664,CN110053029B,1,0,0,1,0,0,1,0,0,0,0,1,0,0,0,0,1
665,CN110060295B,0,0,0,0,1,0,0,0,0,0,0,0,0,0,0,0,0
666,CN110065068B,0,0,0,0,1,0,0,0,0,0,0,0,0,0,0,0,0
667,CN110095286B,0,0,0,0,0,0,1,0,0,0,0,0,0,0,0,0,0
668,CN110110735A,0,0,1,0,1,0,0,0,0,0,0,0,0,0,0,0,0
669,CN110114192B,0,0,0,0,0,0,0,1,0,0,0,0,0,0,0,0,0
670,CN110114262A,0,0,0,1,0,0,1,0,0,0,0,0,0,0,0,0,1
671,CN110134030A,0,1,0,0,0,0,0,0,0,0,0,0,0,0,0,0,0
672,CN110134382A,0,0,0,1,0,0,0,0,0,0,0,0,0,0,0,0,1
673,CN110161900B,0,0,1,1,1,0,0,0,0,0,1,1,0,0,0,0,1
674,CN110163233A,0,0,0,0,0,0,0,0,0,0,0,0,0,1,0,0,0
675,CN110166807A,0,0,0,0,0,0,0,0,0,0,0,0,0,1,0,0,0
676,CN110167823B,0,1,0,0,1,0,0,0,0,0,0,0,0,0,0,0,0
677,CN110168544A,0,0,0,1,0,0,0,0,0,0,0,0,0,0,0,0,1
678,CN110187708B,0,0,1,0,1,0,0,0,0,0,0,0,0,0,0,0,0
679,CN110191675B,0,0,0,0,1,0,0,0,0,1,0,0,0,0,0,0,0
680,CN110192085B,0,0,1,0,0,1,0,0,0,0,0,0,0,0,0,0,0
681,CN110198769B,0,0,0,0,0,0,0,0,0,0,0,0,0,0,0,0,0
682,CN110198770B,0,0,0,0,0,0,0,0,0,0,0,0,0,0,0,0,0
683,CN110217308B,0,0,0,0,0,0,1,0,0,0,0,1,0,0,0,1,0
684,CN110232433B,0,0,0,0,0,0,0,0,0,0,0,0,0,1,0,0,0
685,CN110243360B,0,0,1,0,1,1,0,0,0,0,0,0,0,0,0,0,0
686,CN110249529B,0,0,0,1,0,0,0,0,0,0,0,0,0,0,0,0,1
687,CN110281247A,0,0,0,1,1,0,0,0,0,0,0,0,0,0,0,0,1
688,CN110290900B,1,0,0,0,0,0,1,1,0,0,0,0,0,1,0,0,0
689,CN110304169B,0,0,0,0,0,1,0,1,0,0,1,0,0,0,0,0,0
690,CN110313019B,0,0,0,1,1,0,0,0,1,0,0,0,1,0,0,0,1
691,CN110316275B,1,0,0,0,0,1,0,1,0,0,0,0,0,0,0,0,0
692,CN110322566B,0,0,0,1,0,0,0,0,0,0,0,0,0,0,0,0,1
693,CN110328671B,0,0,0,0,0,1,0,1,0,0,0,0,0,0,1,0,0
694,CN110329273B,0,0,1,0,1,0,0,0,0,0,0,0,0,0,0,0,0
695,CN110340911A,0,0,0,1,0,0,0,1,0,0,0,0,0,0,0,0,1
696,CN110356487B,0,0,0,0,0,1,1,1,0,0,1,0,0,0,0,0,0
697,CN110370256B,1,0,0,0,0,1,0,0,0,0,0,0,0,0,0,0,0
698,CN110370301A,0,1,0,0,1,0,0,0,0,0,0,0,0,0,0,0,0
699,CN110380533B,0,0,0,0,0,0,0,1,0,0,0,0,0,0,0,0,0
700,CN110389699B,0,0,0,1,0,0,0,0,0,0,0,0,0,0,0,0,1
701,CN110405749B,0,0,0,0,0,0,1,1,0,0,0,0,0,0,0,0,0
702,CN110405752B,1,0,1,0,1,1,0,1,0,0,0,0,0,1,0,0,0
703,CN110421574B,1,0,0,0,0,0,0,0,0,0,0,0,0,1,0,0,0
704,CN110434897B,0,0,0,0,1,0,0,0,1,0,0,0,0,0,0,0,0
705,CN110447232B,0,0,0,0,1,0,0,0,0,0,0,0,0,0,0,0,1
706,CN110450159B,0,0,1,0,0,0,0,0,0,0,1,0,0,1,0,0,0
707,CN110489532B,0,0,0,1,0,0,0,0,0,0,0,0,0,0,0,0,1
708,CN110497387A,0,0,0,0,0,0,1,0,0,0,0,0,0,0,0,1,0
709,CN110509269A,0,0,0,1,0,0,0,0,0,0,0,0,0,0,0,0,1
710,CN110515682B,0,0,0,1,0,0,0,0,0,0,0,0,0,0,0,0,1
711,CN110515732B,0,0,1,0,0,0,0,0,0,0,0,0,0,0,0,0,0
712,CN110517705B,0,0,0,0,0,0,0,0,0,0,0,0,1,0,0,0,0
713,CN110531786B,0,0,1,0,0,1,0,0,0,0,0,0,0,0,0,0,0
714,CN110533189B,0,0,0,0,0,0,0,0,0,0,0,0,0,0,0,0,0
715,CN110543233B,0,0,0,1,1,0,0,0,0,0,0,0,0,0,0,0,1
716,CN110543234B,0,0,0,1,0,0,0,0,0,0,0,0,0,0,0,0,1
717,CN110559639B,1,0,0,0,1,0,0,0,1,0,0,0,1,0,0,0,0
718,CN110561422B,0,0,0,0,0,0,1,1,0,0,0,0,0,0,0,0,0
719,CN110562377B,1,0,0,0,0,0,0,1,0,0,0,0,0,0,0,0,0
720,CN110573307A,0,0,0,0,0,0,1,0,0,0,0,0,0,0,0,1,0
721,CN110573449B,0,0,0,0,0,1,0,1,0,0,0,0,0,0,0,0,0
722,CN110580283A,0,0,0,1,0,0,0,0,0,0,0,0,0,0,0,0,1
723,CN110581930B,0,0,0,0,0,0,0,0,0,0,0,0,0,0,0,0,0
724,CN110633011A,0,0,0,1,1,0,0,0,0,0,0,0,0,0,0,0,1
725,CN110662635B,0,1,0,0,0,0,0,0,0,0,0,0,0,1,0,0,0
726,CN110663080A,0,0,0,0,0,0,0,0,0,0,0,0,0,0,0,0,0
729,CN110671374B,0,0,0,0,0,0,1,1,0,0,0,0,0,0,0,0,0
730,CN110677546B,0,0,0,0,0,0,0,0,0,0,0,0,0,0,0,0,1
731,CN110680309B,0,0,0,0,0,0,0,0,0,1,0,0,0,0,0,0,0
733,CN110696939B,0,0,0,0,0,0,0,1,0,0,0,0,0,0,0,0,0
734,CN110696941B,0,0,0,0,0,0,1,1,0,0,1,0,0,0,0,0,0
735,CN110730758A,0,0,0,1,0,0,0,0,0,0,0,0,0,0,1,0,1
736,CN110764413B,1,0,0,0,0,0,1,1,0,0,0,0,0,1,0,0,0
737,CN110774285A,0,0,0,1,1,0,0,0,1,0,0,0,1,1,0,0,1
738,CN110785776B,0,0,0,1,0,0,0,0,0,0,0,0,0,0,0,0,1
739,CN110788841B,0,0,0,0,0,0,1,1,0,0,0,0,0,0,0,0,0
740,CN110792746B,0,0,0,0,0,0,0,0,0,0,0,0,0,0,0,0,0
741,CN110806756B,0,0,1,0,0,1,0,0,0,0,0,0,0,0,0,0,0
742,CN110815210A,0,0,0,1,0,0,0,0,0,0,0,0,0,0,0,0,1
743,CN110830597A,0,0,0,1,0,0,0,0,0,0,0,0,0,0,0,0,1
744,CN110832000B,0,0,0,0,0,0,0,0,0,0,0,0,0,0,0,0,0
745,CN110842947A,0,0,0,1,1,0,0,0,0,1,0,0,0,0,0,0,1
746,CN110850859B,0,0,1,0,0,1,0,0,0,0,0,0,0,0,0,0,0
747,CN110855360A,0,0,0,0,1,0,0,0,0,0,0,0,0,0,0,0,1
748,CN110866896B,0,0,0,0,1,0,0,0,0,0,0,0,0,0,0,0,0
749,CN110914547B,0,0,0,0,0,0,0,1,0,0,0,0,0,0,0,0,0
750,CN110916562A,0,0,1,0,0,1,0,0,0,0,0,0,0,0,0,0,0
751,CN110919642A,0,1,1,0,0,1,0,0,0,0,0,0,0,0,0,0,0
752,CN110919653B,1,0,1,0,1,1,0,0,0,0,0,0,0,1,0,0,0
753,CN110936380B,1,1,0,0,0,0,1,1,0,0,0,0,0,1,0,0,0
754,CN110962957A,1,0,0,0,0,1,1,0,0,0,1,1,0,0,1,0,0
755,CN110974083B,0,0,1,0,1,1,0,0,0,0,0,0,0,0,0,0,0
756,CN110979505B,0,0,0,0,0,0,1,1,0,0,1,0,0,0,0,0,0
757,CN111002307A,1,0,1,0,1,1,1,1,1,0,1,0,0,1,0,0,0
758,CN111015676B,0,0,0,0,1,0,0,0,0,0,0,0,0,0,1,0,0
759,CN111015680B,0,0,0,0,0,0,1,1,0,0,0,0,0,0,0,0,0
760,CN111032292A,0,0,0,0,0,0,0,0,0,0,0,0,1,0,0,0,0
761,CN111037569B,1,0,0,0,0,0,0,1,0,0,1,0,0,1,0,0,0
762,CN111037598A,0,0,0,0,0,0,1,1,0,0,0,0,0,0,0,1,0
763,CN111051015A,0,1,1,0,0,0,0,0,0,0,0,0,0,0,0,0,0
764,CN111055275B,1,0,0,0,1,0,0,0,0,0,0,0,0,0,0,0,0
765,CN111070200A,1,0,0,0,0,1,0,1,0,0,0,0,0,0,0,0,0
766,CN111083332B,0,0,1,0,1,1,0,0,0,0,0,0,0,0,0,0,0
767,CN111086012B,0,0,0,0,0,0,1,1,0,0,0,0,0,0,0,0,0
768,CN111086015B,0,0,0,0,0,0,1,0,0,0,0,0,0,0,0,1,0
769,CN111086022A,0,0,0,0,0,0,1,1,0,0,0,0,0,0,0,0,0
770,CN111098950B,1,0,0,0,0,0,1,1,0,0,1,0,0,0,0,0,0
771,CN111108531B,0,0,0,0,0,0,0,0,0,0,0,0,0,0,0,0,1
772,CN111108550A,0,0,0,1,0,0,0,0,0,0,0,0,0,0,0,0,1
773,CN111113377B,1,1,0,0,0,0,1,0,0,0,0,0,0,0,0,0,0
774,CN111113378B,0,1,0,0,0,0,0,1,0,0,0,0,0,0,0,0,0
775,CN111113379B,0,1,0,0,0,0,1,0,0,0,0,0,0,1,0,0,0
776,CN111113412B,1,0,0,0,0,0,1,1,0,0,0,0,0,1,0,0,0
777,CN111113439A,1,0,1,0,1,0,1,1,1,0,1,0,1,1,0,0,0
778,CN111113476A,0,0,0,0,0,0,1,1,0,0,0,0,0,0,0,0,0
779,CN111127497B,0,0,1,0,1,1,0,0,0,0,0,0,0,0,0,0,0
780,CN111129858A,0,0,0,0,0,0,0,0,0,0,0,0,0,0,0,0,0
781,CN111142514B,0,0,1,0,1,1,0,0,0,0,0,0,0,0,0,0,0
782,CN111152820A,0,0,0,0,0,0,0,0,0,0,0,0,0,0,0,0,0
783,CN111183007B,0,0,0,0,0,0,0,0,0,0,0,0,0,0,0,0,0
785,CN111190939B,0,0,0,1,0,0,0,0,0,0,0,0,0,0,0,0,1
786,CN111191558B,0,0,0,1,1,0,0,0,0,0,0,0,0,0,0,0,1
787,CN111191765B,0,0,0,0,0,0,0,0,0,0,0,0,0,1,0,0,1
788,CN111194464A,0,0,0,1,0,0,0,0,0,0,0,0,0,0,0,0,1
789,CN111198513A,0,0,1,0,0,0,0,0,0,0,0,0,0,0,0,0,0
791,CN111208783B,1,0,0,0,1,0,0,0,0,0,0,0,0,1,0,0,0
792,CN111208798B,0,0,0,0,0,0,0,0,0,0,0,0,0,0,0,0,0
793,CN111216123A,0,0,0,1,0,0,0,1,0,0,0,1,0,0,0,0,1
794,CN111217108B,0,1,0,0,1,0,0,0,0,0,0,0,0,0,0,0,0
795,CN111225554B,0,0,0,0,0,0,0,1,0,0,0,0,0,0,1,0,0
796,CN111226125B,0,0,0,0,0,0,0,0,0,0,0,0,0,0,0,0,0
797,CN111241886A,0,0,0,0,1,0,0,0,0,0,0,0,0,0,0,0,0
798,CN111241887B,0,0,0,0,1,0,0,0,0,0,0,0,0,0,0,0,0
799,CN111241922B,0,0,0,1,1,0,0,0,0,0,0,0,0,0,0,0,1
800,CN111263688A,0,0,0,0,0,0,1,1,0,0,0,0,0,0,1,0,0
802,CN111290570A,0,0,0,1,0,0,0,0,0,0,0,0,0,0,0,0,1
804,CN111291749B,0,0,0,1,1,0,0,0,0,0,0,0,0,0,0,0,1
805,CN111300421A,1,0,0,1,0,0,0,1,0,0,0,1,1,0,1,0,1
806,CN111309230B,0,0,0,1,0,0,0,0,0,0,0,0,0,0,0,0,1
807,CN111310641A,1,0,0,0,0,0,0,0,0,1,0,0,0,0,0,0,0
808,CN111319026A,0,0,0,1,0,0,0,1,0,0,0,1,0,0,0,0,1
809,CN111338330B,0,0,1,0,0,1,0,0,0,0,0,0,0,0,0,0,0
810,CN111343696A,0,0,0,0,0,1,0,0,0,0,0,0,0,0,0,0,0
811,CN111344185B,0,0,0,0,0,0,0,1,0,0,0,0,0,0,0,0,0
812,CN111344592B,0,0,0,0,1,0,0,0,1,0,0,0,0,0,0,0,0
813,CN111347432A,0,0,0,0,0,0,0,1,0,0,0,0,0,0,0,0,0
814,CN111360819B,1,0,0,0,1,0,1,0,1,0,0,0,1,1,0,0,0
815,CN111376256A,0,0,0,0,0,0,0,1,0,0,0,0,0,0,0,0,0
816,CN111383348A,0,1,1,1,1,0,0,1,0,0,0,0,1,0,0,0,1
817,CN111383649B,0,0,0,1,0,0,0,0,0,0,0,0,1,0,0,0,1
818,CN111383650B,0,0,0,1,0,0,0,0,0,0,0,0,0,0,0,0,1
819,CN111386177B,0,0,0,0,0,0,1,0,0,0,0,0,0,0,0,1,0
820,CN111407603B,1,0,0,0,0,0,1,1,0,1,0,0,0,1,0,0,0
821,CN111432015B,0,0,1,0,1,0,0,0,0,0,0,0,0,1,0,0,0
822,CN111432113B,0,0,0,0,1,0,0,0,1,0,0,0,0,0,0,0,0
823,CN111433831B,1,0,0,1,0,0,0,0,0,0,0,0,0,0,0,0,1
824,CN111438692A,0,1,0,0,0,0,0,1,0,0,0,0,0,0,0,0,0
825,CN111443308B,0,0,0,0,0,0,0,1,0,0,0,0,0,0,0,0,0
826,CN111469139A,1,0,0,0,0,0,1,0,0,0,0,0,0,0,0,0,0
827,CN111480132A,0,0,0,1,0,0,0,0,0,0,0,0,0,0,0,0,1
828,CN111482960B,1,0,0,0,0,0,0,1,0,0,0,0,0,1,0,0,0
829,CN111496802A,0,0,0,1,0,0,0,0,0,0,0,0,0,0,0,0,1
831,CN111496803A,1,0,1,1,0,0,1,1,0,0,0,1,0,1,1,0,1
832,CN111531553B,0,0,0,0,0,0,1,0,0,0,0,0,1,0,0,1,0
833,CN111531562B,1,0,0,0,0,0,1,1,0,0,0,1,0,1,1,0,0
834,CN111544773A,0,0,0,0,1,0,0,0,0,1,0,0,0,0,0,0,0
835,CN111587384B,0,0,0,0,1,0,0,0,1,0,0,0,0,0,0,0,0
836,CN111590596A,0,0,0,0,0,0,0,1,0,0,0,1,0,0,0,0,0
837,CN111596665B,0,0,1,0,0,1,0,0,0,0,1,0,0,0,0,0,0
838,CN111601198B,0,0,0,1,0,0,0,1,0,0,0,0,0,0,0,0,1
839,CN111620211B,0,0,1,0,0,0,0,0,0,0,0,0,0,0,0,0,1
840,CN111627974B,0,0,0,0,0,0,0,0,0,0,0,0,0,0,0,0,0
841,CN111633686B,0,1,0,0,0,0,0,1,0,0,0,0,0,0,0,0,0
842,CN111640180B,0,0,0,0,1,0,0,0,0,0,0,0,0,0,0,0,0
843,CN111645070B,0,1,0,0,0,0,0,1,0,0,0,0,0,0,0,0,0
844,CN111674486B,0,0,0,0,0,0,0,0,0,0,1,0,0,1,0,0,0
845,CN111677722A,0,0,0,0,0,0,0,1,0,0,0,0,0,0,0,0,0
846,CN111684468B,0,0,0,0,0,0,0,0,0,0,0,0,0,1,0,0,1
847,CN111699136B,0,0,0,0,0,0,0,1,0,0,0,0,0,0,1,0,0
848,CN111702746A,1,0,0,1,0,0,0,0,0,0,0,0,1,1,0,0,1
849,CN111727473A,0,0,0,1,0,0,0,0,0,0,0,0,0,0,0,0,1
850,CN111730622B,1,0,0,0,1,1,0,0,1,0,1,1,0,1,0,0,0
851,CN111741836B,0,0,0,0,0,0,1,1,0,0,0,1,0,0,0,1,0
852,CN111742298B,0,0,0,0,0,0,0,0,0,0,0,0,0,1,0,0,0
853,CN111770814A,0,0,0,0,1,0,0,0,0,0,0,0,0,0,1,0,0
854,CN111791235B,0,0,0,0,1,0,0,0,0,0,0,0,0,0,0,0,0
855,CN111801730B,0,0,0,1,0,0,0,0,0,0,0,0,0,0,0,0,1
856,CN111805557A,0,0,0,1,0,1,0,0,0,0,0,0,0,0,0,0,1
857,CN111819521B,0,0,0,1,1,0,0,0,0,0,0,0,0,0,0,0,1
858,CN111819601B,0,0,0,0,1,0,0,0,0,0,0,0,0,0,0,0,0
859,CN111830998B,0,0,1,1,0,0,0,0,0,0,0,0,0,0,0,0,1
860,CN111832725B,0,0,0,0,0,0,0,0,0,0,0,0,0,0,0,0,0
861,CN111860243A,1,0,0,0,1,0,0,0,0,0,0,0,0,1,0,0,0
862,CN111865733A,0,0,1,1,0,0,0,0,0,0,0,0,0,0,0,0,1
863,CN111867791B,0,0,0,0,0,0,0,0,0,0,0,0,0,1,1,0,0
864,CN111868859B,0,0,0,0,0,0,0,0,0,0,0,0,0,0,0,0,0
865,CN111890345A,0,0,0,0,0,0,1,1,0,0,0,0,0,0,0,0,0
866,CN111890384A,0,0,0,0,0,0,0,0,0,0,0,0,0,0,0,0,0
867,CN111899734A,0,0,0,1,0,0,0,0,0,0,0,0,0,0,0,0,1
868,CN1119220C,1,0,0,0,0,0,1,0,0,0,0,1,0,0,0,0,0
869,CN111924018A,1,0,1,0,1,1,0,0,0,0,0,0,0,1,0,0,0
870,CN111924020B,0,0,1,0,0,0,0,0,0,0,1,0,0,0,0,0,0
871,CN111931036A,0,0,0,1,0,0,0,0,0,0,0,0,0,0,0,0,1
872,CN111957054B,1,0,0,0,0,0,1,0,0,0,0,1,0,0,0,0,0
873,CN111959633B,0,0,0,0,0,0,1,0,0,0,1,0,0,0,0,1,0
874,CN111971149A,0,0,1,0,0,1,0,0,0,0,0,0,0,1,0,0,0
876,CN111982360A,0,0,0,0,0,0,0,0,0,0,1,0,0,0,0,0,0
877,CN112043208B,0,0,1,1,0,1,0,0,0,0,0,0,0,0,0,0,1
878,CN112045710B,0,0,0,0,0,0,1,0,0,0,0,1,0,0,1,0,0
879,CN112046637B,0,0,0,0,0,0,1,1,0,0,1,0,0,0,0,0,0
880,CN112051735B,1,0,0,0,0,0,1,1,0,0,1,0,0,1,0,0,0
881,CN112060076A,0,0,0,0,0,0,0,1,0,0,0,0,0,0,0,0,0
882,CN112060082B,1,0,0,0,0,0,1,0,0,0,1,0,0,1,0,0,0
883,CN112066862A,0,0,0,0,0,0,0,1,0,0,0,0,0,0,0,0,0
884,CN112068526B,1,0,1,0,1,0,0,0,0,0,0,1,0,1,1,0,0
885,CN112074791A,0,0,1,0,1,1,0,0,0,0,0,0,0,1,0,0,0
886,CN112084853B,0,0,1,0,1,1,0,0,0,0,1,0,0,0,0,0,0
887,CN112088070A,0,0,1,0,1,0,0,0,0,0,0,0,0,0,0,0,1
888,CN112101059B,0,0,0,0,1,0,0,0,0,0,0,0,0,0,0,0,0
889,CN112101695B,0,0,0,0,0,0,0,0,0,0,0,0,0,0,0,0,0
890,CN112136020A,0,0,0,0,0,1,0,0,0,0,0,0,0,0,0,0,0
891,CN112140101A,0,0,0,0,0,1,0,0,0,0,0,0,0,0,0,0,0
892,CN112161622B,0,0,1,0,1,1,0,0,1,0,1,0,0,0,0,0,0
893,CN112180840B,0,0,0,1,0,0,0,0,0,0,0,0,0,0,0,0,1
894,CN112180841B,0,0,0,1,0,0,0,0,0,0,0,0,0,0,0,0,1
895,CN112201116B,0,0,0,0,1,0,0,0,0,0,0,0,0,0,0,0,0
896,CN112201117B,0,0,0,0,1,0,0,0,0,0,0,0,0,0,0,0,0
897,CN112201118B,0,0,0,0,1,0,0,0,0,0,0,0,0,0,0,0,0
898,CN112204563A,0,0,0,1,1,0,0,0,0,0,0,0,0,0,0,0,1
899,CN112204564A,0,0,0,1,1,0,0,0,0,0,0,0,0,0,0,0,1
900,CN112204565B,0,0,1,0,1,0,0,0,0,0,0,0,0,0,0,0,0
901,CN112204611A,0,0,0,1,1,0,0,0,0,0,0,0,0,0,0,0,1
902,CN112204654B,0,0,0,1,0,0,0,0,0,0,0,0,0,0,0,0,1
903,CN112212852B,0,0,0,0,1,0,0,0,1,0,0,0,0,0,0,0,0
904,CN112223305B,0,0,0,0,0,0,1,1,0,0,0,0,0,0,0,1,0
905,CN112223338B,0,0,0,0,0,0,0,1,0,0,0,0,0,0,1,0,0
906,CN112230647A,1,0,0,0,0,1,0,0,0,0,0,0,0,0,0,0,0
907,CN112259126B,0,0,0,1,0,0,0,0,0,1,0,0,0,0,0,0,1
908,CN112262024B,0,0,0,1,0,0,0,0,0,0,0,0,0,0,0,0,1
909,CN112276947B,1,0,0,0,1,0,0,1,0,0,0,0,0,1,0,0,0
910,CN112287728A,0,0,0,0,1,1,0,0,0,0,0,0,0,0,0,0,0
911,CN112291509A,0,1,0,0,1,0,0,0,0,0,0,0,0,0,0,0,0
912,CN112297046B,0,0,0,0,0,0,0,0,0,0,0,0,0,0,1,0,0
913,CN112319646B,0,0,0,0,0,0,1,1,0,0,1,0,0,1,0,0,0
914,CN112338933A,0,0,0,0,0,0,0,1,0,0,0,0,1,0,0,0,0
915,CN112348778B,0,0,0,0,1,0,0,0,0,0,0,0,0,0,0,0,0
916,CN112362905A,0,0,0,0,0,0,0,0,0,1,0,0,0,0,0,0,0
917,CN112362906A,0,0,0,0,0,0,0,0,0,1,0,0,0,0,0,0,0
918,CN112379123A,0,0,0,0,0,0,0,0,0,1,0,0,0,0,0,0,0
919,CN112388607A,1,0,0,0,0,0,1,1,0,0,1,1,1,1,1,0,0
921,CN112388619B,0,0,0,0,0,0,1,0,0,0,0,1,0,0,0,0,0
922,CN112388666B,0,0,0,0,0,0,1,1,0,0,0,1,0,0,0,0,0
923,CN112415227A,0,0,0,0,0,0,0,0,0,1,0,0,0,0,0,0,0
924,CN112416323B,0,0,0,0,0,0,0,0,0,0,0,0,0,0,0,0,0
925,CN112433600A,0,0,0,1,0,0,0,0,0,0,0,0,0,0,0,0,1
926,CN112433601A,0,0,0,1,0,0,0,0,0,0,0,0,0,0,0,0,1
927,CN112434639B,0,0,0,0,1,0,0,0,0,0,0,0,0,0,0,0,0
928,CN112440285A,1,1,1,0,1,1,1,1,1,0,1,1,1,1,1,0,0
929,CN112445222B,0,0,1,0,0,1,0,0,0,0,0,0,0,0,0,0,0
930,CN112476481B,0,0,0,0,0,0,0,0,0,0,0,0,0,0,0,0,0
931,CN112497206B,0,0,0,0,0,0,0,1,0,0,0,0,0,0,0,0,0
932,CN112505353A,0,0,0,0,0,0,0,0,0,1,0,0,0,0,0,0,0
933,CN112518747A,0,0,0,1,0,0,0,0,0,0,0,0,0,0,0,0,1
934,CN112526165A,0,0,0,0,0,0,0,0,0,1,0,0,0,0,0,0,0
935,CN112526166A,0,0,0,0,0,0,0,0,0,1,0,0,0,0,0,0,0
936,CN112526168A,0,0,0,0,0,0,0,0,0,1,0,0,0,0,0,0,0
937,CN112526886A,1,0,0,0,0,0,0,0,0,0,0,0,0,1,0,0,0
938,CN112536817B,0,0,0,0,0,0,0,1,0,0,0,0,0,0,0,0,0
939,CN112543961A,0,0,0,1,0,0,0,0,0,0,0,0,0,0,0,0,1
940,CN112544122B,0,0,1,0,0,0,0,0,0,0,0,0,0,0,0,0,0
941,CN112546553A,0,0,0,1,0,0,0,0,0,0,0,0,0,1,0,0,1
942,CN112549025B,1,0,0,0,0,0,0,0,0,0,0,1,0,0,0,0,0
943,CN112558754A,0,0,0,1,0,0,0,0,0,0,0,0,0,0,0,0,1
944,CN112558955A,0,0,0,1,0,0,0,0,0,0,0,0,0,0,0,0,1
945,CN112566066B,0,0,1,0,0,1,0,0,0,0,0,0,0,0,0,0,0
946,CN112568879B,0,0,0,0,0,0,0,0,0,1,0,0,0,0,0,0,0
947,CN112569417A,0,0,0,0,0,0,0,0,0,1,0,0,0,0,0,0,0
948,CN112571413B,0,1,0,0,0,1,0,0,0,0,0,0,0,0,0,0,0
949,CN112571421B,0,0,0,0,0,0,0,1,0,0,0,0,0,0,0,0,0
950,CN112571446B,0,0,0,0,0,0,1,0,0,0,0,1,0,0,1,0,0
951,CN112578716B,0,0,1,1,1,1,0,1,0,0,0,0,0,0,0,0,1
952,CN112597092B,0,0,0,0,0,0,0,0,0,0,0,0,0,0,0,0,1
953,CN112602030A,0,0,0,0,1,0,0,0,0,0,0,0,0,0,0,0,0
954,CN112606035A,0,0,0,0,0,0,1,1,0,0,0,0,1,0,0,0,0
955,CN112613608A,0,0,0,0,0,0,0,0,0,0,0,0,0,1,0,0,0
956,CN112621757B,0,0,0,1,0,0,0,0,0,0,0,0,0,0,0,0,1
957,CN112621811A,0,0,0,0,0,0,1,1,0,0,0,0,0,0,0,0,0
958,CN112631310A,0,0,1,1,1,1,0,1,0,0,0,0,0,1,0,0,1
959,CN112643667B,0,0,0,0,0,0,1,0,0,0,0,0,0,0,0,0,0
960,CN112659108A,0,0,0,0,1,0,0,0,1,0,0,1,1,0,1,0,0
961,CN112666939B,0,0,0,0,0,1,0,0,0,0,1,0,0,0,0,0,0
962,CN112672857B,0,0,0,0,0,1,0,0,0,0,0,0,0,0,0,0,0
963,CN112691391B,0,0,0,0,0,0,1,0,0,0,1,0,0,0,0,0,0
964,CN112703090B,0,0,0,0,0,1,0,1,0,0,0,0,0,0,0,0,0
965,CN112703093A,0,0,0,1,1,0,0,0,0,0,0,0,0,0,0,0,1
966,CN112720527B,1,0,0,0,1,0,0,1,0,0,0,0,1,1,0,0,0
967,CN112731289B,0,0,0,0,0,0,0,0,0,0,0,0,1,0,0,0,0
969,CN112731291B,0,0,1,0,0,0,0,0,0,0,0,0,1,0,0,0,0
971,CN112744315B,0,0,0,0,0,0,0,0,0,0,1,0,0,1,0,0,0
972,CN112758562B,0,0,0,0,0,0,0,0,0,0,0,0,0,0,0,0,0
973,CN112770876B,0,0,0,0,0,0,0,1,0,0,0,0,0,0,1,0,0
974,CN112771358B,0,0,0,1,0,0,0,0,0,0,0,0,0,0,0,0,1
975,CN112775991B,0,0,0,1,0,0,0,0,0,0,0,0,1,0,0,0,1
976,CN112789561B,0,0,0,1,0,0,0,0,0,0,0,0,0,0,0,0,1
977,CN112800822A,0,0,0,0,1,0,0,0,0,0,0,0,0,0,0,0,0
978,CN112805125A,0,0,0,0,0,0,1,0,0,0,0,1,0,0,0,0,0
979,CN112810615B,0,0,1,0,0,1,0,0,0,0,0,0,0,0,0,0,0
980,CN112828901A,0,0,1,0,1,0,0,0,0,0,0,1,0,0,0,0,0
981,CN112840345B,0,0,0,1,0,0,0,0,0,0,0,0,0,0,0,0,1
982,CN112859904A,1,0,0,0,0,0,0,1,0,0,1,0,0,1,0,0,0
983,CN112888534B,0,0,0,0,0,0,1,1,0,0,0,0,0,0,0,0,0
984,CN112888535B,0,0,0,0,0,0,1,1,0,0,0,0,0,0,0,0,0
985,CN112894794B,0,0,0,0,0,0,1,1,0,0,0,1,0,0,0,0,0
986,CN112904882A,0,0,0,1,0,0,0,0,0,0,0,0,0,1,0,0,1
987,CN112906882B,0,0,0,0,0,1,0,0,0,0,0,0,0,0,0,0,0
988,CN112917467B,0,0,1,0,1,0,0,0,0,0,0,0,0,0,0,0,0
989,CN112927278B,0,0,0,0,1,0,0,0,0,0,0,0,0,0,0,0,0
990,CN112936287B,0,0,0,0,0,0,0,0,0,0,0,0,0,1,0,1,0
991,CN112949423B,0,0,0,0,1,0,0,0,0,0,0,0,0,0,0,0,0
992,CN112976015A,0,0,0,0,0,0,1,0,0,0,0,0,0,0,0,1,0
993,CN112995098B,0,0,0,1,0,0,0,0,0,0,0,0,0,0,0,0,1
994,CN112996635B,0,0,1,0,0,0,0,0,0,0,0,0,0,1,0,0,0
995,CN112996636B,0,0,0,0,0,0,1,1,0,0,0,0,0,0,0,0,0
996,CN113001516B,1,0,0,0,0,1,1,1,0,0,0,0,0,0,1,0,0
997,CN113001517B,0,0,0,0,0,0,1,1,0,0,1,0,0,0,0,0,0
998,CN113021299B,1,0,0,0,0,0,0,1,0,0,1,0,0,1,0,0,0
999,CN113022732A,0,0,0,0,0,0,1,0,0,0,1,0,0,0,0,0,0
1000,CN113022822B,0,0,0,0,0,0,0,1,0,0,0,0,0,0,0,0,0
1001,CN113029143B,0,0,1,0,0,1,0,0,0,0,0,0,0,0,0,0,0
1002,CN113031579B,0,0,0,0,0,0,0,1,0,0,1,0,0,1,0,0,0
1003,CN113043259B,0,0,0,0,0,0,1,0,0,0,0,0,0,0,0,1,0
1004,CN113086532B,0,0,0,0,0,1,0,1,0,0,0,0,0,0,1,0,0
1005,CN113093756A,0,0,1,0,0,1,0,0,0,0,0,0,0,0,0,0,0
1006,CN113103260A,0,0,0,0,0,0,1,0,0,0,1,0,0,0,0,1,0
1007,CN113106568B,0,0,0,0,0,0,0,0,0,0,0,0,0,0,0,0,0
1008,CN113110426B,0,0,1,0,0,0,0,0,0,0,0,0,0,0,0,0,0
1009,CN113126629B,0,0,1,1,1,1,0,0,0,0,0,0,0,0,0,0,1
1010,CN113126632B,0,0,1,1,0,1,0,0,0,0,0,0,0,0,0,0,1
1011,CN113131798B,0,0,0,0,0,0,0,1,0,0,0,0,0,0,0,0,0
1012,CN113146621B,0,0,0,0,0,0,0,1,0,0,0,0,0,1,0,0,0
1013,CN113165182B,0,0,0,0,0,0,1,1,0,0,0,0,0,0,0,0,0
1014,CN113183158A,0,0,0,1,0,0,0,0,0,0,0,0,0,0,0,0,1
1015,CN113212590B,0,0,0,0,0,0,1,1,0,0,1,0,0,0,0,0,0
1016,CN113212593A,0,0,0,0,0,0,1,1,0,0,1,0,0,0,0,0,0
1017,CN113231319A,0,0,0,0,1,1,0,0,0,0,0,0,0,0,0,0,0
1018,CN113257225B,0,0,0,1,0,0,0,0,0,0,0,0,0,0,0,0,1
1019,CN113272646B,0,0,0,0,0,0,0,0,0,0,0,0,0,0,0,0,0
1020,CN113305876B,0,0,0,0,0,0,1,1,0,0,0,0,0,0,0,1,0
1023,CN113316504B,0,0,0,0,1,0,0,0,1,0,0,0,0,0,0,0,0
1024,CN113316505B,0,0,0,0,1,0,0,0,0,0,0,0,0,0,0,0,0
1025,CN113319837B,0,0,0,0,0,0,1,0,0,0,0,0,0,0,1,0,0
1026,CN113327130A,0,0,0,1,1,0,0,0,0,0,0,0,0,0,0,0,1
1027,CN113334422A,0,0,0,0,0,0,1,0,0,0,0,0,0,0,0,0,0
1028,CN113335413B,0,0,1,0,0,0,0,1,0,0,1,0,0,0,0,1,0
1029,CN113370256B,0,0,0,0,0,0,1,1,0,0,0,0,0,0,1,0,0
1030,CN113379096B,0,0,1,0,1,0,0,0,0,0,0,0,0,0,0,0,0
1031,CN113379831B,0,0,0,0,1,0,0,0,1,0,0,0,0,0,0,0,0
1032,CN113383518A,0,1,1,1,0,0,0,0,0,0,0,0,0,0,0,0,1
1033,CN113396033B,0,0,0,0,1,0,0,0,0,0,0,0,0,0,0,0,0
1034,CN113442161B,0,0,0,0,0,0,1,1,0,0,0,0,0,0,0,1,0
1035,CN113442164B,0,0,0,0,0,0,1,1,0,0,0,1,0,0,0,1,0
1036,CN113467448A,0,0,1,0,1,1,0,0,1,0,0,0,0,0,0,0,0
1037,CN113474615B,0,0,0,0,1,0,0,0,0,0,0,0,0,0,0,0,0
1038,CN113485309B,1,0,0,0,0,0,0,0,0,0,0,0,0,1,0,0,0
1039,CN113492404B,1,0,0,1,1,0,0,0,1,0,0,0,0,1,0,0,1
1040,CN113509707A,1,0,0,0,1,0,1,1,1,0,0,1,1,0,0,0,0
1041,CN113514510A,0,0,0,0,1,0,0,0,1,0,0,0,0,0,0,0,0
1042,CN113520228B,0,0,1,0,1,1,0,0,0,0,0,0,0,0,0,0,0
1043,CN113544543B,0,0,0,0,1,0,0,0,1,0,0,0,0,0,0,0,0
1044,CN113544745B,0,0,0,0,1,0,0,0,0,0,0,0,0,0,0,0,0
1045,CN113547504A,0,0,0,0,1,0,0,0,0,0,0,0,0,0,0,0,0
1046,CN113551661A,0,0,0,0,0,1,0,0,0,0,0,0,0,0,1,0,0
1047,CN113555791B,0,0,0,1,0,0,0,0,0,0,0,0,0,0,0,0,1
1048,CN113557549B,0,0,1,0,1,0,0,0,0,0,0,0,0,0,0,0,0
1049,CN113580147B,0,0,1,0,1,1,0,0,0,0,0,0,0,0,0,0,0
1050,CN113589830B,0,0,1,0,1,1,0,0,0,0,0,0,0,0,0,0,0
1051,CN113610612B,0,0,0,1,1,0,0,0,0,0,0,0,0,0,0,0,1
1052,CN113611388B,0,1,0,1,0,0,1,0,0,1,0,0,0,1,0,0,1
1053,CN113618750B,1,0,0,0,0,0,1,1,0,0,1,1,0,0,0,0,0
1054,CN113635721A,1,1,0,0,0,1,1,0,0,0,1,1,0,1,1,0,0
1055,CN113641172A,0,0,0,0,0,1,0,0,0,0,0,0,0,0,0,0,0
1056,CN113643584B,0,0,0,1,0,0,0,0,0,1,0,0,0,0,0,0,1
1057,CN113650054B,0,1,0,0,0,0,0,0,0,0,0,0,0,0,0,0,0
1058,CN113661036A,0,0,0,1,0,0,0,0,0,0,0,0,0,0,0,0,1
1059,CN113677187A,0,0,0,0,0,0,0,1,0,0,0,0,0,0,0,0,0
1060,CN113678212A,0,0,0,0,0,0,0,0,0,0,0,0,0,0,0,0,0
1061,CN113681560B,0,0,0,0,1,0,0,0,0,0,0,0,0,0,1,0,0
1062,CN113682396B,1,0,1,0,0,0,1,1,0,0,0,0,0,0,0,0,0
1063,CN113696993B,0,0,0,0,0,0,0,1,0,0,0,0,0,0,0,1,0
1064,CN113703430A,0,0,0,0,0,1,0,0,0,0,0,0,0,0,0,0,0
1065,CN113721647B,0,0,0,0,0,0,1,1,0,0,1,0,0,1,0,0,0
1066,CN113725943B,0,0,0,0,0,1,0,0,0,0,0,0,0,0,0,0,0
1067,CN113757284A,0,0,0,0,0,0,1,0,0,0,0,0,0,0,0,1,0
1068,CN113762652B,0,0,0,0,0,0,0,0,0,0,0,0,0,0,0,0,0
1070,CN113767421A,0,1,1,0,1,0,0,0,0,0,0,0,0,0,0,0,0
1071,CN113791624A,0,0,0,0,0,0,0,0,0,0,0,0,0,0,0,0,0
1072,CN113796171B,0,0,0,0,0,0,0,0,0,0,0,0,0,0,0,0,0
1073,CN113806509A,0,0,0,1,0,0,0,0,0,0,0,0,0,0,0,0,1
1074,CN113807249B,0,0,0,0,1,0,0,0,0,0,0,0,0,0,0,0,0
1075,CN113815003B,0,0,0,0,0,0,1,1,0,0,0,0,0,0,1,0,0
1076,CN113821045B,1,0,0,0,0,0,0,0,0,0,0,0,0,1,0,0,0
1077,CN113858158A,0,0,1,1,1,1,0,1,0,0,0,0,0,1,0,0,1
1078,CN113858207B,1,1,0,0,0,0,0,1,0,0,0,0,0,1,0,0,0
1079,CN113885508B,0,0,0,0,0,1,0,1,0,0,0,0,0,1,0,0,0
1081,CN113894797B,0,1,0,0,0,0,0,1,0,0,0,0,0,0,0,0,0
1082,CN113894821B,0,0,0,0,0,0,1,1,0,0,0,0,0,0,0,0,0
1083,CN113910217B,0,0,0,1,1,0,0,0,1,0,0,0,1,0,0,0,1
1084,CN113910236B,1,0,0,0,0,1,0,0,0,0,0,1,0,1,0,0,0
1085,CN113977625A,0,0,0,0,0,0,1,1,0,0,0,0,0,0,0,0,0
1086,CN113988196B,0,0,1,0,0,1,0,0,0,0,0,0,0,0,0,0,0
1087,CN113989658A,0,0,1,0,0,1,0,0,0,0,0,0,0,0,0,0,0
1088,CN114007822A,0,0,0,0,0,0,1,0,0,0,0,0,0,0,0,1,0
1089,CN114026890A,0,0,0,0,0,0,0,0,0,0,0,0,0,0,0,0,0
1090,CN114029933A,0,0,0,0,0,0,0,1,0,0,0,1,0,0,1,0,0
1091,CN114040833A,0,0,0,0,0,0,1,1,0,0,0,0,1,0,0,0,0
1092,CN114055447A,0,0,0,0,0,0,0,0,0,0,0,1,0,0,0,1,0
1093,CN114063633A,0,1,1,0,0,1,0,0,0,0,0,0,0,0,0,0,0
1094,CN114063634A,0,0,0,0,0,0,0,0,0,0,0,0,0,1,0,0,0
1095,CN114063635B,0,1,0,0,0,1,0,0,0,0,0,0,0,0,0,0,0
1096,CN114065550A,0,0,0,0,0,0,0,1,0,0,0,0,0,0,0,0,0
1097,CN114070174B,0,0,0,0,0,0,0,1,0,0,0,0,0,0,0,0,0
1098,CN114079325A,0,0,0,0,0,1,0,0,0,0,0,0,0,0,0,0,0
1099,CN114080303B,0,0,0,0,0,0,1,0,0,0,0,0,0,0,0,1,0
1101,CN114084246B,0,0,0,0,0,0,1,1,0,0,1,0,0,0,0,0,0
1102,CN114088256B,0,0,0,0,0,0,0,0,0,1,0,0,0,0,0,0,0
1103,CN114096192B,0,0,0,0,0,0,0,1,0,0,0,0,0,1,0,0,0
1105,CN114102575A,0,0,0,0,1,1,0,0,0,0,0,0,0,0,0,0,0
1106,CN114102592B,0,1,0,0,0,0,0,1,0,0,0,0,0,0,0,0,0
1107,CN114139675B,0,0,0,0,0,0,0,0,0,0,0,0,0,1,0,0,0
1108,CN114147725B,0,0,0,0,1,0,0,1,0,0,0,0,0,0,0,0,0
1109,CN114147745A,1,0,0,1,0,0,1,0,0,0,0,1,0,1,0,1,1
1110,CN114147762A,0,0,0,0,0,0,1,1,0,0,0,0,0,0,0,0,0
1111,CN114151436B,0,0,0,0,0,0,0,0,0,0,0,0,0,0,0,0,0
1112,CN114151510B,0,0,0,0,0,0,0,0,0,0,0,0,0,0,0,0,0
1113,CN114161472B,0,0,0,0,0,0,1,1,0,0,0,0,0,0,0,1,0
1114,CN114174770A,0,0,0,0,0,0,0,1,0,0,0,0,0,0,0,0,0
1115,CN114186496B,0,0,0,0,0,0,0,0,0,0,0,0,0,1,0,0,0
1116,CN114186663A,0,0,0,0,0,0,0,0,0,0,0,0,0,1,0,0,0
1117,CN114201035A,0,0,0,0,0,0,0,0,0,0,0,0,0,0,0,0,1
1118,CN114202661A,0,0,0,0,0,1,0,0,0,0,0,0,0,0,0,0,0
1119,CN114206560A,0,0,0,0,1,0,0,0,1,0,0,0,0,0,0,0,0
1120,CN114206563A,1,0,0,0,0,0,1,1,0,0,0,0,0,0,0,0,0
1121,CN114207641A,0,0,0,0,0,0,0,0,0,0,0,0,0,0,0,0,0
1122,CN114207681A,0,1,1,0,0,0,0,0,0,0,0,0,0,0,0,0,0
1123,CN114211481A,0,0,0,0,0,1,0,1,0,0,0,1,0,0,1,0,0
1124,CN114212163A,0,0,0,0,0,0,1,0,0,0,1,0,0,0,0,0,0
1125,CN114223008A,0,0,1,0,1,1,0,0,0,0,0,0,0,0,0,0,0
1126,CN114227679B,0,0,0,1,0,0,0,0,0,0,0,0,0,1,0,0,1
1127,CN114227699B,0,0,0,0,0,0,0,0,0,0,1,0,0,1,0,0,0
1128,CN114237233B,1,0,0,0,1,0,0,0,0,0,0,1,0,1,1,0,0
1129,CN114237271A,1,0,0,0,0,0,0,0,0,0,0,0,0,1,0,0,0
1130,CN114260897A,0,0,0,0,0,0,0,0,0,0,0,0,0,0,0,0,0
1131,CN114278808B,0,0,0,0,0,0,1,1,0,0,0,0,0,0,1,1,0
1132,CN114282111B,0,0,0,0,0,0,0,0,0,0,0,0,0,0,0,0,0
1133,CN114286739B,0,0,0,1,1,0,0,0,0,0,0,0,0,0,0,0,1
1134,CN114287030B,0,0,0,1,0,0,0,0,0,0,0,0,0,0,0,0,1
1135,CN114303151B,0,0,1,1,1,0,0,0,0,0,0,0,0,0,0,0,1
1136,CN114326604B,0,0,0,0,0,0,0,0,0,0,0,0,0,0,0,0,0
1137,CN114330755B,0,0,0,0,0,0,0,0,0,0,0,0,0,0,0,0,0
1138,CN114341761B,0,1,1,0,0,1,0,0,0,0,0,0,0,0,0,0,0
1139,CN114347057B,1,0,0,0,0,0,1,1,0,0,1,1,0,0,1,0,0
1140,CN114347074A,0,0,0,0,0,0,1,1,0,0,0,0,0,0,1,0,0
1141,CN114353780B,0,0,1,0,1,0,0,0,0,0,0,0,0,0,0,0,0
1142,CN114372562B,0,0,0,0,0,0,0,0,0,0,0,0,0,0,0,0,0
1143,CN114378823B,1,0,0,0,0,0,0,1,0,0,0,0,0,1,0,0,0
1144,CN114401843B,0,0,0,0,0,0,0,0,0,0,0,0,0,0,0,0,0
1145,CN114401887A,0,0,0,0,0,0,1,1,0,0,1,0,0,1,0,0,0
1146,CN114454176B,0,0,1,1,1,0,0,0,0,0,0,0,0,1,0,0,1
1147,CN114466732B,1,0,0,0,0,0,1,1,0,0,1,0,0,0,0,0,0
1148,CN114467097A,1,0,0,0,0,0,1,0,0,0,0,0,0,1,0,0,0
1149,CN114474054B,0,0,1,0,1,1,0,0,0,0,0,0,0,0,1,0,0
1150,CN114474062A,0,1,0,1,0,0,0,1,0,0,0,0,0,0,0,0,1
1151,CN114474066B,1,0,0,0,1,0,0,1,0,0,1,0,0,1,0,0,0
1152,CN114485666A,0,0,1,1,1,1,0,0,0,0,0,0,0,0,0,0,1
1153,CN114511913A,0,0,0,1,0,0,0,0,0,0,0,0,0,0,0,0,1
1154,CN114516048B,0,0,0,0,1,0,0,1,1,0,0,0,1,0,0,0,0
1155,CN114516049B,0,0,0,1,0,0,0,0,0,0,0,0,0,0,0,0,1
1156,CN114531318B,0,0,0,0,0,0,0,1,0,0,0,0,0,0,0,0,0
1157,CN114536344B,0,0,0,0,0,0,0,1,0,0,0,0,0,0,0,0,1
1158,CN114536404A,0,0,0,0,0,0,0,0,0,0,0,0,0,0,0,0,0
1159,CN114565916B,0,0,0,0,1,0,0,0,0,0,0,0,0,0,0,0,0
1160,CN114572242A,0,0,0,1,0,0,0,0,0,0,0,0,0,0,0,0,1
1161,CN114578831B,0,0,0,0,0,1,0,0,0,0,0,0,0,0,0,0,0
1162,CN114585487B,0,0,0,0,1,0,0,0,0,0,0,0,0,0,0,0,0
1163,CN114586044A,0,0,0,0,0,0,0,0,0,0,0,0,0,0,0,0,0
1164,CN114590338B,1,0,0,0,0,0,1,1,0,0,0,0,0,0,0,0,0
1165,CN114603564B,0,0,1,0,0,1,0,0,0,0,0,0,0,0,0,0,0
1168,CN114609912B,0,0,0,0,0,0,0,0,0,0,0,0,0,0,0,0,0
1169,CN114615319B,0,0,1,1,1,0,0,0,0,0,0,0,0,0,0,0,1
1170,CN114637287B,0,0,0,0,0,1,0,0,0,0,0,0,0,0,0,0,0
1171,CN114641375B,1,0,0,0,0,0,0,1,0,0,0,0,0,0,0,0,0
1172,CN114654495A,0,0,0,0,0,0,1,1,0,0,0,0,0,0,0,1,0
1173,CN114667462A,0,0,1,0,0,0,0,0,0,0,0,0,0,0,0,0,0
1174,CN114676872A,0,0,0,0,1,1,0,0,0,0,0,0,0,0,0,0,0
1176,CN114683274B,0,0,0,0,0,0,0,0,0,0,0,0,0,1,0,0,0
1177,CN114690653A,0,0,0,1,0,0,0,0,0,0,0,0,0,0,0,0,1
1178,CN114690681A,0,0,0,0,0,0,0,0,0,0,0,0,0,0,0,0,1
1179,CN114714380A,0,0,0,0,0,0,1,0,0,0,0,0,0,0,1,1,0
1180,CN114724396A,0,0,0,0,0,1,0,0,0,0,0,0,0,0,0,0,0
1181,CN114730562A,0,0,0,1,0,0,0,0,0,0,0,0,0,0,0,0,1
1182,CN114732917A,0,0,0,0,0,0,0,0,0,1,0,0,0,0,0,0,0
1183,CN114733212A,0,0,0,0,0,0,1,0,0,0,0,1,0,0,0,1,0
1184,CN114734470B,0,0,0,0,0,0,1,1,0,0,0,0,0,0,1,0,0
1185,CN114740835B,0,0,0,0,0,1,0,0,0,0,0,0,0,0,0,0,0
1186,CN114746228B,0,0,0,0,0,0,0,0,0,0,0,0,0,0,0,0,0
1187,CN114750135B,0,0,0,0,0,0,1,0,0,0,0,0,0,0,0,1,1
1190,CN114762972B,0,0,0,0,0,0,0,0,0,0,0,0,0,0,0,0,0
1191,CN114771680B,1,0,0,0,0,0,1,1,0,0,0,0,0,0,0,0,0
1192,CN114800479B,0,0,0,0,0,0,0,1,0,0,0,0,0,0,0,0,0
1193,CN114800480B,0,0,0,0,0,0,0,0,0,0,0,0,0,0,0,0,0
1194,CN114800530B,0,0,1,0,1,0,0,0,0,0,0,0,0,1,0,0,0
1195,CN114800600B,1,0,0,0,0,0,1,1,0,0,0,0,0,0,0,1,0
1196,CN114812268A,0,0,0,0,0,0,0,1,0,0,0,0,0,0,0,0,0
1197,CN114813198B,0,0,0,0,0,0,0,1,0,0,0,0,0,0,0,1,0
1198,CN114815596B,1,0,0,0,0,0,0,0,0,0,1,0,0,0,0,0,0
1199,CN114816398A,0,0,0,0,0,0,0,0,0,0,0,0,0,0,0,0,1
1200,CN114829076B,0,0,0,1,0,0,0,0,0,0,0,0,0,0,0,0,1
1201,CN114829077B,0,0,0,0,0,0,1,1,0,0,0,0,0,0,0,0,0
1202,CN114829082A,0,0,0,1,0,0,0,0,0,0,0,0,0,1,0,0,1
1203,CN114829088B,0,0,0,0,0,0,0,0,0,0,0,0,0,0,1,0,0
1204,CN114832391B,0,0,0,0,0,0,0,0,0,0,0,0,0,0,0,0,0
1205,CN114833846B,0,0,0,0,0,0,1,1,0,0,0,0,0,0,0,0,0
1206,CN114839965B,0,0,0,0,0,0,0,0,0,0,0,0,0,0,0,1,0
1207,CN114886651A,0,0,0,0,0,0,0,0,0,1,0,0,0,0,0,0,0
1208,CN114895563B,0,0,1,0,1,1,0,0,0,0,0,0,0,1,0,0,0
1209,CN114900095A,0,0,0,0,0,0,0,1,0,0,0,0,0,0,0,0,0
1210,CN114945182B,0,0,1,0,0,1,0,0,0,0,0,0,0,0,0,0,0
1211,CN114954723B,0,0,0,1,0,0,0,0,0,0,1,0,0,0,0,0,1
1212,CN114955455B,0,0,0,0,0,1,0,0,0,0,0,0,0,0,0,0,0
1213,CN114972441A,1,0,0,0,0,0,0,0,0,0,0,0,0,0,0,0,0
1214,CN114995361A,0,0,1,0,0,1,0,0,0,0,0,0,0,0,0,0,0
1215,CN114995459A,0,0,1,0,1,1,0,0,0,0,0,0,0,0,0,0,0
1216,CN114995461B,0,0,1,0,0,1,0,0,0,0,0,0,0,0,0,0,0
1217,CN115003984A,0,0,0,0,0,1,0,0,0,0,0,0,0,0,0,0,0
1218,CN115003998A,0,0,0,0,0,0,0,0,0,0,0,0,0,0,0,0,0
1219,CN115008461A,0,0,0,1,0,0,0,0,0,0,0,0,0,0,0,0,1
1221,CN115016638B,0,0,0,1,1,0,0,0,0,0,0,0,0,0,0,0,1
1222,CN115023322B,0,0,0,0,0,0,0,0,0,0,0,0,0,0,0,0,0
1223,CN115050055B,0,0,0,0,1,0,0,0,0,0,0,0,0,0,0,0,0
1224,CN115056265A,0,0,0,1,0,0,0,0,0,0,0,0,0,0,0,0,1
1225,CN115061476B,0,0,0,0,0,0,0,0,0,0,0,0,0,0,0,0,0
1226,CN115087417A,1,0,0,0,0,0,1,0,0,0,1,0,0,0,0,0,0
1227,CN115088001A,0,0,0,0,0,1,0,0,0,0,0,0,0,0,0,0,0
1228,CN115091447B,0,0,0,0,0,0,1,1,0,0,0,0,0,0,0,1,0
1229,CN115100134A,0,1,1,0,1,1,0,0,0,0,0,0,0,0,0,0,0
1230,CN115107030B,1,0,0,0,0,0,0,0,0,0,1,0,0,0,0,0,0
1231,CN115122318B,1,0,0,1,0,0,0,0,0,0,0,0,0,0,0,0,1
1232,CN115122323A,0,0,1,0,1,1,0,0,0,0,0,0,0,0,0,0,0
1233,CN115136205A,0,0,1,0,1,0,0,0,0,0,0,0,0,0,0,0,0
1234,CN115139292B,0,0,0,1,0,0,0,0,0,0,0,0,0,0,1,0,1
1235,CN115147035A,0,0,0,0,0,0,0,0,0,0,0,0,0,0,0,0,0
1236,CN115151175A,0,0,0,0,0,1,0,0,0,0,0,0,0,0,0,0,0
1237,CN115167452A,0,0,0,0,1,1,0,0,0,0,0,0,0,0,0,0,0
1238,CN115167464A,0,0,0,0,0,0,0,1,0,0,0,0,0,0,0,0,0
1239,CN115169507B,0,0,0,0,1,0,0,0,0,0,0,0,0,0,0,0,1
1240,CN115210132A,0,0,0,0,0,0,0,1,0,0,0,0,0,0,0,0,0
1241,CN115213882A,1,0,0,0,0,0,0,0,0,0,0,0,0,1,0,0,0
1242,CN115213883A,0,1,1,0,1,1,0,0,0,0,0,0,0,0,0,0,0
1243,CN115214818B,0,0,0,0,0,0,1,0,0,0,1,0,0,1,0,0,0
1244,CN115223036A,1,0,0,0,1,0,1,1,0,0,0,0,0,0,0,0,0
1245,CN115229838A,0,0,0,0,0,0,1,0,0,0,1,0,0,0,0,1,0
1246,CN115249359B,0,0,1,1,1,0,0,0,0,0,0,0,0,0,0,0,1
1247,CN115256410A,0,0,0,0,0,1,0,1,0,0,0,0,1,0,0,0,1
1248,CN115258481B,0,0,0,0,0,1,0,0,0,0,0,0,0,0,0,0,0
1250,CN115264016A,0,0,0,0,0,0,1,1,0,0,0,0,0,0,0,0,0
1251,CN115272927B,0,0,0,1,1,0,0,0,0,0,0,0,0,0,0,0,1
1252,CN115279568B,0,0,0,0,0,0,0,0,0,0,0,0,0,0,0,0,0
1253,CN115285323A,1,0,0,0,1,0,1,1,0,0,0,0,0,0,1,0,0
1256,CN115319764B,1,0,1,1,1,0,0,1,0,0,0,1,0,1,0,0,1
1257,CN115331290A,0,1,0,1,1,0,0,0,0,0,0,0,0,0,0,0,1
1258,CN115336266B,0,0,0,0,0,0,0,0,0,0,0,0,0,0,0,0,0
1259,CN115357264A,0,0,0,0,0,0,0,0,0,0,0,0,0,0,0,0,0
1260,CN115359556A,0,0,0,0,1,0,0,1,0,0,0,0,0,0,0,0,0
1261,CN115383786B,0,0,0,0,0,0,0,1,0,0,0,0,0,0,0,1,0
1262,CN115427499A,0,0,0,0,0,0,0,0,0,0,0,0,0,0,0,0,0
1263,CN115431255B,0,0,1,0,1,0,0,0,0,0,0,1,0,1,1,0,0
1264,CN115469648A,0,0,1,0,0,1,0,0,0,0,0,0,0,0,0,0,0
1265,CN115471797A,0,0,0,0,0,0,0,0,0,0,0,0,0,0,0,0,1
1266,CN115516523A,0,0,1,0,1,0,0,0,0,0,0,0,0,0,0,0,0
1267,CN115527127A,0,0,1,0,1,0,0,0,0,0,0,0,0,0,0,0,0
1268,CN115548147A,0,0,0,0,1,0,0,0,0,0,0,0,0,0,0,0,0
1269,CN115582818A,0,0,0,0,0,0,1,1,0,0,0,0,0,0,0,0,0
1270,CN115593535B,0,0,0,0,0,0,1,1,0,0,1,0,0,0,0,0,0
1271,CN115605946A,0,0,0,1,0,0,0,0,0,0,0,0,0,0,0,0,1
1272,CN115609607A,0,0,0,0,0,0,0,1,0,0,1,0,0,0,0,0,0
1273,CN115619835B,0,0,0,0,1,0,0,0,0,1,0,0,0,0,0,0,0
1274,CN115625722A,0,0,0,1,0,0,0,0,0,0,0,0,0,1,0,0,1
1275,CN115625726B,0,0,0,0,0,0,1,0,0,0,0,0,0,0,1,0,0
1276,CN115629533B,0,0,0,0,0,0,0,1,0,0,0,0,0,0,0,1,0
1277,CN115648203B,0,0,0,0,1,0,0,1,0,0,0,0,1,0,0,0,0
1278,CN115666870B,1,0,0,0,0,0,0,1,0,0,0,0,0,1,1,0,0
1279,CN115666877B,0,0,0,0,0,0,1,1,0,0,0,0,0,0,0,1,0
1280,CN115667061A,0,0,1,0,0,0,0,0,0,0,1,0,0,0,0,0,0
1281,CN115690608A,0,0,1,0,1,0,0,0,0,0,0,0,0,0,0,0,0
1282,CN115702405A,0,0,1,0,1,1,0,0,0,0,0,0,0,0,0,0,0
1283,CN115702445A,0,0,1,0,1,1,0,0,0,0,0,0,0,0,0,0,0
1284,CN115703390A,0,0,0,0,0,1,0,1,0,0,0,0,0,0,0,0,0
1285,CN115706859B,0,0,0,0,1,0,0,0,0,0,0,0,0,0,0,0,0
1286,CN115723120B,0,0,0,0,0,0,1,0,0,0,0,1,0,0,0,0,0
1287,CN115741648B,0,0,0,0,0,0,1,0,0,0,1,0,0,0,0,1,0
1288,CN115743352A,0,0,0,0,0,0,1,1,0,0,1,0,0,0,0,1,0
1289,CN115781666B,1,0,0,0,1,0,1,0,0,0,0,0,0,1,0,0,0
1290,CN115781733B,0,0,0,0,0,0,1,1,0,0,0,0,0,0,1,0,0
1291,CN115803156B,0,0,0,1,0,0,0,0,0,0,0,0,0,0,0,0,1
1292,CN115816435B,0,0,0,0,0,1,0,0,0,0,0,0,0,0,1,0,0
1293,CN115816504A,0,0,0,0,0,0,0,1,0,0,0,0,0,0,1,0,0
1294,CN115837668B,1,0,0,0,0,0,0,0,0,0,0,0,0,1,1,0,0
1295,CN115840417B,0,0,0,0,1,0,0,0,0,0,0,0,0,0,0,0,0
1296,CN115847453B,0,0,0,0,0,0,1,1,0,0,0,0,0,0,1,0,0
1297,CN115848526A,0,0,0,0,0,0,1,1,0,0,0,0,0,0,0,0,0
1299,CN115859645A,0,0,0,0,0,0,0,0,0,0,0,0,0,0,0,0,0
1300,CN115869632A,0,0,0,0,0,0,1,0,0,0,0,1,0,0,0,0,0
1301,CN115888113A,0,0,0,0,1,0,0,0,0,0,0,0,0,0,0,0,0
1302,CN115890664A,1,0,0,0,0,0,1,1,0,0,0,1,0,0,0,0,0
1303,CN115890689B,1,0,0,0,0,0,1,1,0,0,0,0,0,1,0,0,0
1304,CN115890716B,0,0,0,0,0,0,1,0,0,0,0,0,0,0,1,0,0
1305,CN115892281B,0,0,0,0,0,0,1,1,0,0,1,0,0,0,0,0,0
1306,CN115914454A,0,0,0,1,0,0,0,0,0,0,0,0,0,1,0,0,1
1307,CN115917682A,0,0,0,0,0,0,0,0,0,0,0,0,0,0,0,0,0
1308,CN115922703B,0,0,1,0,1,0,0,0,0,0,0,0,0,0,1,0,0
1310,CN115946139A,0,0,1,1,1,0,0,0,0,0,0,0,0,0,0,0,1
1311,CN115958626A,0,0,0,0,0,0,1,1,0,0,0,0,0,0,0,0,0
1312,CN115962801A,0,0,0,0,0,0,0,0,0,0,0,0,0,0,0,0,0
1313,CN115969588B,0,1,0,0,0,0,1,1,0,1,0,0,0,0,0,0,0
1314,CN116001941B,1,0,0,0,0,0,1,1,0,0,1,1,0,1,0,0,0
1315,CN116010566A,0,0,0,1,0,0,0,0,0,0,0,0,0,0,0,0,1
1316,CN116017355B,0,0,0,0,0,1,0,0,0,0,0,0,0,0,0,0,0
1317,CN116021518A,0,0,0,0,0,1,0,0,0,0,0,0,0,0,0,0,0
1318,CN116033998B,1,0,0,0,0,0,0,0,0,0,0,0,0,1,0,0,0
1319,CN116038666A,0,0,0,0,0,0,0,0,0,0,0,1,0,1,1,0,0
1320,CN116038672B,1,0,0,0,0,0,1,0,0,0,1,0,0,0,0,0,0
1321,CN116062058A,0,0,0,0,0,0,1,1,0,0,1,0,0,0,0,0,0
1322,CN116066447B,0,0,0,0,0,0,1,0,0,0,0,0,0,0,0,1,0
1323,CN116069033B,0,0,1,0,1,1,0,0,0,0,0,0,0,0,0,0,0
1324,CN116071971A,0,1,1,0,1,1,0,0,0,0,0,0,0,0,0,0,0
1325,CN116075460A,1,0,0,0,0,0,1,0,0,0,1,0,0,0,0,0,0
1326,CN116079718B,1,0,0,0,1,0,0,0,0,0,0,0,0,1,0,0,0
1327,CN116079727B,1,0,0,1,1,0,0,0,1,0,0,1,0,0,0,0,1
1328,CN116118893B,1,0,0,0,0,0,1,1,0,0,1,0,0,0,0,0,0
1329,CN116118894B,0,0,0,0,0,0,1,1,0,0,0,0,0,0,0,1,0
1330,CN116124137B,0,0,1,0,0,1,0,0,0,0,0,0,0,0,0,0,0
1331,CN116142348A,0,0,0,0,0,0,1,1,0,0,1,0,0,0,0,0,0
1332,CN116168393B,0,0,1,0,1,0,0,0,0,0,0,0,0,0,0,0,0
1333,CN116175536A,0,0,0,0,0,0,0,1,0,0,0,0,0,0,0,0,0
1334,CN116175581B,0,0,0,0,0,0,0,0,0,0,0,0,0,1,0,0,0
1335,CN116175637B,0,0,0,0,0,0,1,1,0,0,0,0,0,0,0,0,0
1336,CN116188525B,0,0,0,0,1,0,0,0,0,0,0,0,0,0,0,0,0
1337,CN116197890B,1,0,0,0,0,0,0,1,0,0,0,1,0,0,1,0,0
1338,CN116203951B,0,0,1,0,1,1,0,0,0,0,0,0,0,0,0,0,0
1339,CN116204829A,0,0,0,0,0,0,0,0,0,0,0,0,0,0,0,0,0
1340,CN116209344B,0,0,0,0,0,0,0,0,0,0,0,0,0,0,0,0,0
1343,CN116214500A,0,0,0,0,0,0,0,1,0,0,0,0,0,0,0,0,0
1344,CN116214528B,0,0,0,0,0,0,0,0,0,0,0,0,0,1,0,0,0
1345,CN116214547A,0,0,0,0,0,0,1,0,0,0,0,0,1,0,0,0,0
1346,CN116214572A,0,0,0,0,0,0,1,0,0,0,0,0,0,0,0,0,0
1347,CN116214576B,0,0,0,0,0,0,1,0,0,0,0,1,0,0,0,0,0
1348,CN116214580A,0,0,0,0,0,0,0,0,0,0,0,0,0,0,0,0,0
1349,CN116236377B,1,0,0,0,0,0,1,1,0,0,1,0,0,1,0,0,0
1350,CN116259216A,0,0,0,1,1,0,0,0,0,1,0,0,0,0,0,0,1
1351,CN116261505B,1,0,0,0,0,0,0,0,0,0,0,0,0,0,0,0,0
1352,CN116277005B,0,0,0,1,1,0,0,0,0,0,0,0,0,0,0,0,1
1353,CN116277124B,0,0,0,0,0,0,1,1,0,0,1,0,0,0,0,0,0
1354,CN116299353B,0,0,1,0,0,0,0,0,0,0,0,0,0,0,0,0,0
1355,CN116303891A,0,0,0,0,0,0,0,0,0,0,0,0,0,0,0,0,0
1356,CN116329829B,0,0,0,0,0,0,0,1,0,0,0,0,0,0,1,0,0
1357,CN116331382A,0,0,0,0,0,0,1,1,0,0,1,0,0,0,0,0,0
1358,CN116352707B,0,0,0,0,0,0,0,1,0,0,1,0,0,0,0,0,0
1360,CN116357692B,0,0,0,0,0,0,0,0,0,0,0,0,0,0,0,1,0
1361,CN116360435A,0,0,0,0,0,0,0,0,0,0,0,0,0,1,0,0,0
1362,CN116367970B,0,0,0,0,0,0,1,0,0,0,0,0,0,0,0,0,0
1364,CN116372974B,0,0,0,0,0,0,1,1,0,0,0,0,0,0,0,0,0
1365,CN116383667B,0,0,0,0,0,0,0,0,0,0,0,0,0,0,0,0,0
1366,CN116394265B,0,0,0,0,0,0,1,0,0,0,0,0,0,0,0,0,0
1367,CN116394276B,0,0,0,1,0,0,0,0,0,0,0,0,0,1,0,0,1
1368,CN116400813B,1,0,0,1,0,0,0,0,0,0,0,0,0,0,0,0,1
1370,CN116414121A,0,1,1,0,0,1,0,0,0,0,0,0,0,0,0,0,0
1371,CN116420170B,0,0,0,0,1,0,0,0,0,0,0,0,0,0,0,0,0
1372,CN116423527B,0,0,0,0,0,0,0,1,0,0,0,0,0,0,0,0,0
1373,CN116438576B,0,0,0,0,1,0,0,0,0,0,0,0,0,0,0,0,0
1374,CN116442218B,0,0,0,1,0,0,0,0,0,0,0,0,0,0,0,0,1
1375,CN116452660A,0,0,0,0,1,0,0,0,0,0,0,0,0,0,0,0,0
1376,CN116457585A,0,0,0,0,0,0,0,0,0,0,0,0,0,0,0,0,0
1378,CN116460841B,1,0,0,0,0,0,0,1,0,0,0,0,0,1,0,0,0
1380,CN116480769A,0,0,0,0,0,0,0,1,0,0,0,0,0,0,0,0,0
1381,CN116507459A,0,0,0,1,0,0,0,0,0,0,0,0,0,0,0,0,1
1382,CN116512308A,0,0,0,0,0,0,1,0,0,0,0,1,1,0,0,0,0
1383,CN116520835B,0,0,1,0,0,1,0,0,0,0,0,0,0,0,0,0,0
1384,CN116520869A,1,0,0,0,0,0,1,0,0,0,1,0,0,1,0,0,0
1385,CN116540871A,1,0,0,1,1,0,0,0,0,1,0,0,0,1,0,0,1
1386,CN116542310B,0,0,0,0,0,0,0,0,0,0,0,0,0,1,0,0,0
1387,CN116547113A,0,0,0,1,0,0,0,0,0,0,0,0,0,0,0,0,1
1388,CN116551719A,1,0,0,0,1,0,1,0,0,0,0,0,0,0,0,0,0
1389,CN116552064A,0,0,0,0,0,0,0,0,0,0,0,0,0,0,0,0,0
1390,CN116566237A,0,0,0,0,0,0,0,0,0,0,0,0,0,0,0,0,1
1391,CN116573077A,0,0,0,0,0,0,1,1,0,0,1,0,0,0,0,1,0
1392,CN116576239B,0,0,0,0,0,0,1,0,0,0,0,0,0,0,0,1,0
1394,CN116587319B,0,0,0,0,1,0,0,0,0,0,0,0,0,0,0,0,0
1395,CN116596083A,0,0,0,0,1,0,0,0,0,0,0,0,0,0,0,0,0
1396,CN116597519A,0,0,0,0,1,0,0,0,0,0,0,0,0,0,0,0,0
1397,CN116600952A,0,0,0,1,0,0,0,0,0,0,0,0,0,1,0,0,1
1398,CN116604586A,1,0,0,0,0,0,1,1,0,0,0,0,0,0,0,0,0
1399,CN116605330B,1,0,0,0,0,0,1,0,0,0,0,0,0,0,0,1,0
1400,CN116616751A,0,0,0,1,1,0,0,0,0,1,0,0,0,0,0,0,1
1401,CN116619436B,0,0,0,0,0,0,1,0,0,0,0,0,0,0,0,1,0
1402,CN116620225A,0,0,0,0,0,0,0,1,0,0,0,0,0,0,1,0,0
1403,CN116629373A,0,0,0,1,0,0,0,0,0,0,0,0,0,1,0,0,1
1404,CN116634035A,0,0,0,0,0,0,0,0,0,0,0,0,0,0,0,0,0
1406,CN116643569A,0,0,1,0,1,1,0,0,1,0,0,0,0,0,0,0,0
1407,CN116661458A,0,0,1,0,1,1,0,0,0,0,0,0,0,0,0,0,0
1408,CN116684777A,0,0,0,0,0,0,0,0,0,0,0,0,0,0,0,0,0
1409,CN116690534A,0,0,0,0,0,0,1,1,0,0,1,0,0,0,0,0,0
1410,CN116690566B,0,0,0,0,0,0,0,0,0,0,0,0,0,1,0,0,0
1411,CN116690570A,1,0,0,0,0,0,1,0,0,0,0,0,0,1,0,1,0
1412,CN116690642A,0,0,0,0,0,0,1,1,0,0,0,1,0,0,0,0,0
1413,CN116699958A,0,0,0,0,0,0,0,0,0,0,0,0,0,0,0,0,1
1414,CN116700242A,0,1,0,0,0,0,0,1,0,0,0,0,0,0,0,0,0
1415,CN116700298B,0,0,0,0,0,1,0,0,0,0,0,0,0,0,0,0,0
1416,CN116722626A,0,0,0,0,0,0,0,0,0,0,0,0,0,0,0,0,0
1417,CN116728457B,0,0,0,0,0,0,1,0,0,0,0,0,0,0,0,1,0
1419,CN116745711A,0,0,0,1,0,0,0,0,0,0,0,0,0,0,0,0,1
1420,CN116749163B,0,0,0,0,0,0,1,1,0,0,0,0,0,0,0,1,0
1421,CN116749230B,0,0,0,0,0,0,1,1,0,0,0,0,0,0,0,0,0
1422,CN116761199B,0,0,0,0,0,0,0,0,0,0,0,0,0,0,0,0,0
1423,CN116766239B,0,0,0,0,0,0,1,1,0,0,0,0,0,0,1,0,0
1424,CN116767374B,0,0,0,0,0,0,1,1,0,0,1,0,0,0,0,0,0
1425,CN116767381B,0,0,0,0,0,0,1,1,0,0,1,0,0,0,0,0,0
1426,CN116788386B,1,0,0,0,0,0,1,0,0,0,0,0,0,0,0,1,0
1427,CN116803832A,0,0,0,0,0,0,1,1,0,0,1,0,0,0,0,0,0
1428,CN116810804B,0,0,0,1,0,0,0,0,0,0,0,0,0,0,0,0,1
1429,CN116810806A,0,0,1,0,1,0,0,1,1,0,0,1,1,0,1,0,0
1430,CN116824303B,0,0,1,0,1,1,0,0,0,0,0,0,0,0,0,0,0
1431,CN116830061A,0,0,1,0,1,1,0,0,0,0,0,0,0,0,0,0,0
1432,CN116834055A,0,0,0,0,0,0,1,1,0,0,0,0,0,0,1,0,0
1433,CN116838754A,0,0,0,0,0,0,1,0,0,0,0,0,0,0,0,1,0
1434,CN116843878A,1,0,0,0,0,0,0,0,0,0,0,0,0,1,0,0,0
1435,CN116846108A,0,0,0,0,0,0,0,1,0,0,0,0,0,0,0,0,0
1436,CN116866705A,0,0,0,0,1,0,0,0,0,0,0,0,0,0,0,0,0
1438,CN116872237B,0,0,0,0,0,0,1,1,0,0,0,0,0,0,1,1,0
1439,CN116872249B,0,0,0,0,0,0,0,1,0,0,0,0,0,0,0,1,0
1440,CN116901059A,0,0,0,1,0,0,0,0,0,0,0,0,0,0,0,0,1
1441,CN116909127A,1,0,0,0,0,0,0,0,0,0,1,0,1,1,0,0,0
1442,CN116917094B,0,0,0,0,0,0,1,0,0,0,0,0,0,0,0,1,0
1443,CN116922401B,0,0,0,0,0,0,0,1,0,0,0,0,0,0,0,1,0
1444,CN116929341A,0,0,0,0,1,0,0,0,1,0,0,0,0,0,0,0,0
1445,CN116946077A,0,0,0,0,0,0,0,1,0,0,0,0,0,0,1,0,0
1446,CN116946280B,0,0,0,0,0,0,1,1,0,0,1,0,0,0,0,0,0
1447,CN116985115B,0,0,0,0,0,0,0,0,0,0,0,0,0,1,1,0,0
1448,CN116987285A,0,0,0,1,0,0,0,0,0,0,0,0,0,0,0,0,1
1449,CN116996364A,0,0,0,1,0,0,0,0,0,0,0,0,0,0,0,0,1
1450,CN117001688B,0,0,0,0,0,0,0,0,0,0,1,0,0,0,0,0,0
1451,CN117001712A,0,0,0,0,0,0,1,0,0,0,0,0,0,0,0,1,0
1452,CN117002648B,0,0,0,0,0,0,1,1,0,0,1,0,0,0,0,0,0
1453,CN117022493A,0,0,0,0,0,0,1,1,0,0,1,0,0,0,0,0,0
1454,CN117022494B,0,0,0,0,0,0,1,1,0,0,1,0,0,0,0,0,0
1455,CN117043551A,0,1,1,0,1,0,0,0,0,0,0,0,0,0,0,0,0
1456,CN117044017A,0,0,0,0,0,0,0,0,0,0,0,0,0,0,0,0,0
1457,CN117053975A,0,0,0,0,0,0,0,0,0,0,0,0,0,0,0,0,0
1458,CN117067210B,1,0,0,0,0,0,0,1,0,0,0,0,0,0,1,0,0
1459,CN117067252A,0,0,0,0,0,0,1,0,0,0,0,0,1,0,0,0,0
1460,CN117087786A,0,0,0,0,0,0,1,0,0,0,0,0,0,0,0,1,0
1461,CN117114078B,0,0,0,0,0,0,0,0,0,0,0,0,0,1,0,0,0
1462,CN117129111A,0,0,0,0,0,0,0,0,0,0,0,0,0,1,0,0,0
1463,CN117129118A,0,0,0,0,0,0,0,0,0,0,0,0,0,0,0,0,0
1464,CN117130356A,0,0,1,0,1,1,0,0,0,0,0,0,0,0,0,0,0
1465,CN117130381A,0,0,1,0,1,1,0,0,0,0,0,0,0,0,0,0,0
1466,CN117140531A,1,0,0,0,1,0,0,1,0,0,0,0,1,0,1,0,0
1467,CN117140542B,0,0,0,0,1,0,0,0,1,0,0,0,1,0,0,0,1
1468,CN117141614B,0,0,0,0,0,0,1,1,0,0,1,0,0,0,0,0,0
1469,CN117146829B,0,0,1,0,1,1,0,0,0,0,0,0,0,0,0,0,0
1470,CN117162108A,1,0,0,0,0,0,1,1,0,0,0,1,1,0,1,0,0
1471,CN117162145A,0,0,0,0,1,0,0,0,0,0,0,0,0,0,0,0,0
1472,CN117162892A,0,0,0,0,0,1,0,0,0,0,0,0,0,0,0,0,0
1473,CN117197209B,0,0,0,0,1,0,0,0,1,0,0,0,0,0,0,0,0
1474,CN117197210B,0,0,0,0,1,0,0,0,1,0,0,0,0,0,0,0,0
1475,CN117197246B,0,0,1,0,1,0,0,0,1,0,0,0,0,0,0,0,0
1476,CN117207203B,1,0,0,0,0,0,0,0,0,0,1,1,0,0,0,0,0
1477,CN117213496A,0,0,0,0,1,1,0,0,0,0,0,0,0,0,0,0,0
1478,CN117215304A,0,0,0,0,0,1,0,0,0,0,0,0,0,0,0,0,0
1480,CN117228267B,0,0,0,0,0,0,0,0,0,0,0,0,0,0,0,0,0
1481,CN117235321B,0,0,0,1,0,1,0,0,0,0,0,0,0,0,0,0,1
1482,CN117235604A,0,0,0,1,1,0,0,0,0,0,0,0,1,0,0,0,1
1483,CN117237561B,0,0,1,0,1,0,0,0,0,0,0,0,0,0,0,0,0
1484,CN117245637B,0,0,0,0,0,0,1,1,0,0,0,0,0,0,0,0,0
1486,CN117245687B,0,0,0,0,0,0,1,1,0,0,0,0,0,0,0,1,0
1487,CN117250959A,0,0,0,0,0,1,0,0,0,0,0,0,0,0,0,0,0
1488,CN117254538A,0,0,1,0,1,1,0,0,0,0,0,0,0,0,0,0,0
1489,CN117260768B,0,0,0,0,0,0,1,1,0,0,0,0,0,0,0,0,0
1490,CN117260769B,0,0,0,0,0,0,1,1,0,0,0,0,0,0,0,0,0
1492,CN117260776A,0,0,0,1,0,0,0,0,0,0,0,0,0,0,0,0,1
1493,CN117262067B,0,0,0,0,0,0,1,0,0,0,1,0,0,0,0,1,0
1494,CN117270398B,1,0,0,0,0,0,0,0,0,0,1,0,0,1,0,0,0
1495,CN117283584B,0,0,0,0,0,0,1,0,0,0,0,1,0,0,1,0,0
1496,CN117288187B,0,0,0,0,0,0,0,0,0,0,0,0,0,1,0,0,0
1497,CN117301022A,1,0,0,0,0,0,1,1,0,0,1,1,0,1,0,0,0
1498,CN117301060A,0,0,0,0,0,1,0,1,0,0,0,0,0,1,0,0,0
1499,CN117301061A,1,0,0,0,0,0,1,1,0,0,1,0,0,1,0,0,0
1500,CN117301093A,0,0,0,1,0,0,0,0,0,1,0,0,0,0,0,0,1
1501,CN117307685A,0,0,0,0,0,0,0,0,0,0,0,0,0,0,0,0,0
1502,CN117321399A,0,0,0,0,1,0,0,0,0,0,0,0,0,0,0,0,0
1503,CN117340914B,0,0,0,1,1,0,0,0,0,0,0,0,0,0,0,0,1
1504,CN117341408B,0,0,0,0,0,0,0,0,0,0,0,0,0,0,0,0,0
1505,CN117341859B,0,0,0,0,0,0,1,1,0,0,1,0,0,0,0,1,0
1506,CN117372657B,0,0,0,0,1,0,0,0,0,0,0,0,0,0,0,0,0
1507,CN117382766A,0,0,0,0,0,0,1,0,0,0,1,0,0,0,0,0,0
1508,CN117387821B,0,0,0,0,0,0,0,0,0,0,0,0,0,0,0,1,0
1509,CN117396313A,0,0,0,0,0,0,1,1,0,0,0,0,0,0,1,0,0
1510,CN117412841A,0,0,0,0,0,0,0,0,0,0,0,0,0,0,0,0,0
1511,CN117428759A,1,0,0,0,0,0,0,1,0,0,0,0,0,1,0,0,0
1512,CN117428802A,0,0,0,0,0,1,0,1,0,0,0,0,0,0,1,0,0
1513,CN117437835B,0,0,0,0,0,0,1,1,0,1,0,0,0,0,0,0,0
1514,CN117440877A,0,0,0,0,0,0,0,0,0,0,0,0,0,0,0,0,0
1515,CN117450231A,0,0,0,0,0,0,1,0,0,0,0,0,0,0,0,1,0
1516,CN117464724A,0,0,0,0,0,0,0,1,0,0,0,0,0,0,0,0,0
1517,CN117469359A,0,0,0,0,0,0,0,0,0,0,0,0,0,0,0,0,0
1518,CN117484482A,0,0,0,0,0,0,1,1,0,0,0,0,0,0,0,1,0
1519,CN117484491A,0,0,0,0,0,0,0,1,0,0,0,0,0,1,0,0,0
1520,CN117484506A,1,0,0,0,0,0,1,1,0,0,1,0,0,1,0,0,0
1521,CN117484551A,0,0,0,0,0,0,0,1,0,0,0,0,0,0,0,1,0
1522,CN117498613B,0,0,0,0,0,0,0,1,0,0,0,0,0,0,0,1,0
1523,CN117500642B,0,0,0,1,0,0,0,0,0,0,0,0,0,1,0,0,1
1524,CN117501191A,0,0,0,1,0,0,0,0,0,0,0,0,0,0,0,0,1
1525,CN117506867A,0,0,0,0,0,0,1,1,0,0,0,1,0,1,0,0,0
1526,CN117506889A,1,0,1,0,0,0,0,1,0,0,0,0,0,1,0,0,0
1527,CN117508397A,1,0,0,0,0,0,1,1,0,0,1,0,0,1,0,0,0
1528,CN117508398B,0,0,0,0,0,0,1,1,0,0,1,0,0,0,0,0,0
1529,CN117508401A,0,0,0,0,0,0,1,0,0,0,1,0,0,0,0,0,0
1530,CN117508402A,0,0,0,0,0,0,1,0,0,0,1,0,0,0,0,0,0
1531,CN117516786A,0,0,0,0,0,0,0,0,0,0,0,0,0,0,0,0,0
1532,CN117532609A,1,0,0,1,1,0,0,0,1,0,0,1,0,1,1,0,1
1533,CN117532646A,0,0,0,0,0,0,0,1,0,0,0,0,0,0,0,0,0
1534,CN117533431A,0,0,0,0,0,0,1,0,0,0,1,0,0,0,0,0,0
1535,CN117533803A,0,0,0,0,1,0,0,0,0,0,0,0,0,0,0,0,0
1536,CN117539154A,1,0,0,0,0,0,0,0,0,0,0,0,0,1,0,0,0
1537,CN117539249A,0,0,1,0,0,1,0,0,0,0,1,0,0,0,0,0,0
1538,CN117542042B,0,0,0,0,1,0,0,0,0,0,0,0,0,0,0,0,0
1539,CN117544042A,0,0,0,0,0,0,1,1,0,0,0,0,0,0,0,0,0
1540,CN117544191A,0,0,0,0,0,1,0,0,0,0,0,0,0,0,0,0,0
1541,CN117546108A,0,0,0,0,0,0,0,0,0,0,0,0,0,1,1,0,0
1542,CN117549293A,0,0,0,0,0,0,0,0,0,0,0,0,0,1,0,0,0
1543,CN117549310A,0,0,1,1,1,1,0,0,0,0,0,0,0,1,0,0,1
1544,CN117558050B,0,0,0,1,1,0,0,0,0,0,0,0,0,0,0,0,1
1546,CN117558523A,0,0,0,0,0,0,0,0,0,0,0,0,0,0,0,0,0
1547,CN117560925A,0,0,0,0,0,0,0,0,0,0,0,0,0,0,0,0,0
1548,CN117564254A,0,0,0,0,0,0,0,0,0,0,0,0,0,0,0,0,0
1549,CN117572773B,0,0,0,0,0,1,0,0,0,0,1,0,0,0,0,0,0
1550,CN117578791B,0,0,0,0,0,0,1,1,0,0,0,0,0,0,0,0,0
1551,CN117584110B,0,0,0,0,0,0,1,1,0,0,0,1,0,0,0,0,0
1552,CN117584143A,0,0,0,0,1,0,0,0,1,0,0,0,1,0,0,0,0
1553,CN117586513A,0,0,0,0,0,0,0,0,0,0,0,0,0,0,0,0,0
1554,CN117601108A,0,0,0,0,0,0,1,1,0,0,0,0,0,0,0,1,0
1555,CN117606381A,0,0,0,0,1,0,0,0,0,0,0,0,0,0,0,0,0
1557,CN117614163B,0,0,0,0,0,0,1,1,0,0,0,0,0,0,0,0,0
1558,CN117614221A,0,0,0,0,0,0,0,1,0,0,0,0,0,0,1,0,0
1559,CN117621009A,1,0,0,0,0,0,1,1,0,0,0,0,0,0,0,0,0
1560,CN117621075A,1,0,0,0,0,1,0,0,0,0,0,0,0,1,0,0,0
1561,CN117628026B,0,0,0,0,0,0,0,0,0,0,0,0,0,0,0,0,0
1562,CN117629472B,0,0,0,0,0,0,0,0,0,0,0,0,0,0,0,0,0
1563,CN117631597B,0,0,0,0,0,0,0,0,0,0,0,0,0,0,0,0,0
1564,CN117650653B,0,0,0,0,0,0,0,1,0,0,0,0,0,0,0,0,0
1565,CN117650654A,0,0,0,0,0,0,0,1,0,0,0,0,0,0,0,0,0
1566,CN117651628A,0,0,0,0,0,0,0,0,0,0,0,0,0,1,0,0,0
1567,CN117651629A,0,0,0,0,0,0,0,0,0,0,0,1,0,0,1,0,0
1568,CN117666399A,0,0,0,1,0,1,0,0,0,0,0,0,0,0,0,0,1
1569,CN117666402A,0,0,0,1,0,0,0,0,0,0,0,0,0,0,0,0,1
1570,CN117666878A,0,0,0,1,0,0,0,0,0,0,0,0,0,0,0,0,1
1571,CN117669599A,0,0,0,0,0,0,0,0,0,0,0,0,0,0,0,0,0
1572,CN117685349A,0,0,0,0,0,0,1,0,0,0,0,0,0,0,0,1,0
1573,CN117695684A,1,0,0,1,0,0,0,0,0,0,0,0,0,0,0,0,1
1574,CN117697772B,0,0,0,0,0,0,1,1,0,0,0,0,0,1,0,1,0
1575,CN117698872A,0,0,0,0,0,0,1,0,0,0,1,0,0,0,0,1,0
1576,CN117698873A,0,0,0,0,0,0,1,1,0,0,1,0,0,0,0,0,0
1577,CN117717467A,0,0,0,0,0,0,1,1,0,1,0,0,0,0,0,1,0
1578,CN117718963A,0,0,0,0,0,0,0,0,0,0,0,0,0,1,0,0,0
1579,CN117719001A,0,0,0,0,0,0,0,0,0,0,0,0,0,0,0,0,0
1580,CN117722473A,0,0,0,0,0,0,0,0,0,0,0,0,0,0,0,1,0
1581,CN117731911A,0,0,1,1,0,0,0,0,0,1,0,0,0,0,0,0,1
1582,CN117733863A,1,0,0,0,0,0,0,1,0,0,0,0,0,0,0,0,0
1583,CN117734850A,0,0,0,0,0,0,1,0,0,0,1,0,0,0,0,0,0
1584,CN117745824A,0,0,0,0,1,0,0,0,0,0,0,0,0,0,1,0,0
1585,CN117746494A,0,0,1,1,1,0,0,0,0,0,0,0,1,0,0,0,1
1586,CN117749006A,0,0,0,0,0,0,0,1,0,0,0,0,0,0,0,0,0
1587,CN117751375A,0,0,0,0,0,0,0,0,0,0,0,0,0,0,1,0,0
1588,CN117754541A,0,0,0,0,0,0,1,1,0,0,0,0,0,0,0,0,0
1589,CN117754576A,0,0,0,0,0,0,0,1,0,0,0,0,0,0,0,0,0
1590,CN117773927A,0,0,0,0,0,0,1,1,0,0,1,0,0,0,0,0,0
1591,CN117773972A,0,0,0,1,1,0,0,1,0,0,0,0,0,1,1,0,1
1592,CN117775918A,0,1,0,0,0,1,0,0,0,0,0,0,0,0,0,0,0
1593,CN117781905B,0,0,0,0,1,0,0,0,0,0,0,0,0,0,0,0,0
1594,CN117782069A,0,0,0,0,0,0,0,0,0,0,1,0,0,1,0,0,0
1595,CN117784614A,0,0,0,0,0,1,0,0,0,0,0,0,0,1,0,0,0
1596,CN117788820B,0,0,0,0,1,0,0,0,0,0,0,1,0,0,0,0,0
1597,CN117788898A,0,0,0,0,1,0,0,0,0,0,0,0,0,0,0,0,0
1598,CN117789171A,0,0,1,0,1,0,0,0,0,0,0,0,0,0,0,0,0
1599,CN117795576A,0,0,0,0,0,1,0,0,0,0,0,0,0,0,0,0,0
1600,CN117798907A,1,0,0,0,0,0,0,0,0,0,1,0,0,1,0,0,0
1601,CN117798911A,0,0,0,0,1,1,0,0,0,0,0,0,0,0,1,0,0
1602,CN117798977A,0,0,0,0,0,0,1,1,0,0,0,0,0,0,0,0,0
1603,CN117803704A,0,0,0,0,0,0,0,1,0,0,0,0,0,0,0,0,0
1604,CN117806306A,0,1,1,0,1,0,0,0,0,0,0,0,0,0,0,0,0
1605,CN117806360A,0,0,0,0,0,0,0,1,0,0,1,0,0,1,0,0,0
1606,CN117809833B,0,0,0,0,0,0,0,0,0,1,0,0,0,0,0,0,0
1607,CN117813064A,1,0,0,1,0,0,0,1,0,0,0,0,0,0,1,0,1
1608,CN117813183A,0,0,1,0,1,1,0,0,0,0,0,0,0,0,0,0,0
1609,CN117815037A,0,0,0,0,0,0,1,1,0,1,0,0,0,0,1,0,0
1610,CN117817713A,0,0,0,0,0,0,1,1,0,0,0,0,0,0,0,0,0
1613,CN117823576A,0,1,0,0,0,0,0,0,0,0,0,0,0,0,0,0,0
1614,CN117823607A,0,0,0,0,0,0,1,0,0,0,0,0,0,0,0,0,0
1615,CN117826783A,0,0,1,0,1,1,0,0,0,0,0,0,0,0,0,0,0
1616,CN117836269A,0,0,0,0,0,0,0,0,0,0,0,0,0,0,0,0,0
1617,CN117841002A,0,0,1,0,1,1,0,0,0,0,0,0,0,0,1,0,0
1618,CN117842230A,0,0,0,0,0,0,1,0,0,0,1,0,0,0,0,0,0
1619,CN117847172A,0,0,0,0,0,0,0,0,0,0,0,0,0,0,0,0,0
1620,CN117848552A,0,0,0,0,0,0,0,0,0,0,0,0,0,0,0,1,0
1621,CN117863229A,0,0,0,0,0,0,0,0,0,0,0,0,0,1,0,1,0
1622,CN117869413A,0,0,0,0,0,0,0,1,0,0,0,0,0,0,0,0,0
1623,CN117872861A,0,0,0,0,0,0,0,1,0,0,0,0,0,1,0,0,0
1624,CN117872862A,1,0,0,0,0,0,0,1,0,0,0,0,0,1,0,0,0
1625,CN117873062A,0,0,0,0,1,1,0,0,0,0,0,0,0,0,0,0,0
1626,CN117873121A,0,1,1,0,0,1,0,0,0,0,0,0,0,0,0,0,0
1627,CN117881514A,0,0,0,0,0,0,0,0,0,0,0,0,0,0,0,0,0
1628,CN117882093A,0,0,0,0,0,1,0,0,0,0,0,0,0,1,0,0,0
1631,CN117885094A,0,0,0,0,0,0,1,1,0,0,0,0,0,0,0,0,0
1632,CN117885110A,1,0,1,1,1,1,1,0,1,0,1,1,1,1,1,0,1
1633,CN117885136A,0,0,0,0,0,0,0,1,0,0,0,0,0,0,0,0,0
1634,CN117891167A,0,0,0,0,0,0,0,1,0,0,0,0,0,1,0,0,0
1635,CN117901092A,0,0,0,1,1,0,0,0,0,0,0,0,0,1,1,0,0
1636,CN117901094A,0,0,0,0,0,0,0,0,0,0,0,0,0,0,0,1,0
1638,CN117901099B,1,0,0,0,0,0,0,0,0,0,0,0,0,1,0,0,0
1639,CN117901126A,0,0,1,0,1,1,0,0,1,0,0,0,0,0,0,0,0
1640,CN117901165A,0,0,0,0,0,0,0,0,0,0,0,0,0,0,1,1,0
1641,CN117917316A,0,0,0,0,1,0,0,0,0,0,0,0,0,0,0,0,0
1642,CN117917688A,0,0,0,0,1,0,0,0,0,0,0,0,0,0,0,0,0
1643,CN117917714A,0,1,0,0,0,1,0,0,0,0,0,0,0,0,0,0,1
1644,CN117921638B,0,0,0,1,0,0,1,0,0,0,0,1,0,0,1,0,1
1645,CN117921721A,0,0,0,0,0,0,0,0,0,0,0,0,0,0,1,1,0
1646,CN117921730A,0,0,0,0,0,0,1,1,0,0,0,0,0,0,0,0,0
1647,CN117922720A,0,0,0,0,0,0,1,1,0,0,0,0,0,0,0,0,0
1648,CN117927635A,0,0,0,0,0,0,1,1,0,0,0,0,0,0,0,1,0
1649,CN117930703A,1,0,0,0,0,0,0,1,0,0,0,0,0,1,0,0,0
1650,CN117930832A,1,0,0,0,0,1,0,0,0,0,1,0,0,0,0,0,0
1651,CN117938655A,0,0,0,0,0,0,0,0,0,0,0,0,0,0,0,0,0
1652,CN117940867A,0,0,1,0,1,1,0,0,0,0,0,0,0,0,0,0,0
1653,CN117944045A,1,0,1,0,0,0,0,0,0,0,0,0,0,1,0,0,0
1654,CN117944055B,1,0,0,0,0,0,0,1,0,0,0,0,0,1,0,0,0
1655,CN117944068A,1,0,0,0,0,0,0,1,0,0,0,1,0,0,1,0,0
1656,CN117961888A,0,0,0,0,0,0,0,0,0,0,1,1,0,1,1,0,0
1657,CN117961916B,0,0,0,0,1,0,0,0,0,0,0,0,0,0,1,0,0
1658,CN117963035A,1,0,0,0,0,0,1,0,0,0,1,0,0,0,0,0,0
1659,CN117967756A,0,0,0,0,0,0,0,1,0,0,0,0,0,0,0,0,0
1660,CN117970965A,1,0,0,0,0,0,1,1,0,0,0,0,0,1,0,0,0
1661,CN117975406A,0,0,1,0,1,0,0,0,0,0,0,0,0,0,0,0,0
1662,CN117977865A,0,0,0,0,0,0,0,1,0,0,0,0,0,0,0,0,0
1663,CN117979198A,0,0,0,0,0,0,0,0,0,0,0,0,0,0,0,0,0
1664,CN117980943A,0,0,0,1,0,0,0,0,0,0,0,0,0,0,0,0,1
1665,CN117982232A,0,0,0,0,0,0,0,0,0,1,0,0,0,0,1,0,0
1666,CN117982910A,0,0,0,0,0,0,1,1,0,0,0,0,1,0,0,0,0
1667,CN117984335A,0,0,1,0,0,0,0,0,0,0,1,0,0,0,0,0,0
1668,CN117985147A,0,0,0,0,0,0,1,1,0,0,1,0,0,0,0,1,0
1669,CN118003328B,1,0,0,0,0,1,0,0,0,0,0,0,0,0,0,0,0
1670,CN118015188A,0,0,0,0,1,0,0,0,0,0,0,0,0,0,0,0,0
1671,CN118023799B,0,0,1,0,1,1,0,0,1,0,0,0,0,0,0,0,0
1672,CN118024250A,0,0,0,0,0,0,0,1,0,0,0,0,0,1,0,0,0
1673,CN118024309B,0,0,0,0,0,0,1,1,0,0,0,0,0,0,0,1,0
1674,CN118030784B,0,0,0,0,0,0,1,0,0,1,0,0,0,0,0,0,0
1675,CN118030794A,0,0,0,0,0,0,0,1,0,0,0,0,0,0,0,0,0
1676,CN118031989A,0,0,0,0,0,1,0,0,0,0,0,0,0,0,0,0,0
1678,CN118038406A,0,0,1,0,1,0,0,0,0,0,0,0,0,0,0,0,0
1679,CN118039057B,0,0,0,1,1,0,0,0,0,1,0,0,0,1,0,0,1
1680,CN118045372A,0,0,0,0,0,0,1,0,0,0,0,0,0,0,0,0,0
1681,CN118046394B,1,0,0,1,0,0,0,1,0,0,0,0,0,0,1,0,1
1682,CN118046404A,1,0,0,0,0,0,1,1,0,0,0,1,0,0,0,0,0
1683,CN118046975A,0,0,0,0,0,1,0,1,0,0,0,0,0,0,0,0,0
1684,CN118055739A,0,0,0,0,0,0,0,1,0,1,0,0,0,0,1,0,0
1686,CN118055835A,1,0,0,0,0,0,1,0,0,0,1,0,0,1,0,0,0
1687,CN118060515B,0,0,0,0,0,0,1,0,0,0,0,0,0,0,0,0,0
1688,CN118061167A,0,0,0,0,0,0,1,0,0,0,0,0,0,0,0,1,0
1690,CN118066261B,0,0,0,0,0,0,1,1,0,0,0,0,0,0,0,0,0
1691,CN118067131B,0,0,1,0,0,1,0,0,0,0,0,0,0,0,0,0,0
1692,CN118081207B,0,0,0,0,0,0,0,1,0,0,0,0,0,0,1,0,0
1693,CN118081718A,0,0,0,0,0,0,1,0,0,0,1,0,0,0,0,0,0
1694,CN118081731A,0,0,0,0,0,0,1,1,0,0,0,0,0,0,0,0,0
1695,CN118081732A,0,0,0,0,0,0,0,0,0,0,0,0,0,1,0,0,0
1696,CN118081773B,1,0,0,0,0,0,0,1,0,0,0,0,0,1,0,0,0
1697,CN118081812A,0,0,0,0,0,0,1,0,0,0,0,0,0,0,1,0,0
1698,CN118094806B,0,0,0,0,0,0,0,0,0,0,0,0,0,0,0,0,0
1699,CN118096879A,0,0,1,0,1,0,0,0,1,0,0,0,0,0,0,0,0
1700,CN118099051A,0,0,0,0,0,0,0,1,0,0,0,0,0,0,1,0,0
1701,CN118103783A,1,0,0,0,0,0,0,0,0,0,0,0,0,0,0,0,0
1702,CN118106989A,0,0,0,1,1,0,0,0,1,0,0,0,1,0,0,0,1
1703,CN118106991A,1,0,1,0,0,0,1,0,0,0,1,0,0,0,0,0,0
1704,CN118107686A,1,0,0,0,0,1,0,1,0,0,0,0,0,1,0,0,0
1705,CN118111905A,0,0,0,0,0,0,1,1,0,0,0,0,0,0,1,0,0
1706,CN118113270A,0,0,0,1,0,0,0,0,0,0,0,0,0,0,0,0,1
1707,CN118123847B,0,0,0,1,0,0,0,0,0,0,0,0,0,1,1,0,1
1708,CN118123859B,1,0,1,0,0,1,0,1,0,0,1,0,0,1,0,0,0
1709,CN118131170A,0,0,1,0,0,1,0,0,0,0,0,0,0,0,0,0,0
1710,CN118131801B,1,0,0,0,0,1,0,1,0,0,0,0,0,1,0,0,0
1711,CN118143930A,1,0,0,0,0,0,0,0,0,0,0,0,0,0,0,0,0
1712,CN118143951A,0,0,0,1,1,0,0,0,0,0,0,0,0,1,0,0,1
1713,CN118143954B,1,0,0,0,0,0,0,1,0,0,0,1,0,1,1,0,0
1714,CN118144004A,0,0,0,1,0,0,0,0,0,0,0,0,0,0,0,0,1
1715,CN118144897B,0,0,0,0,0,0,1,1,0,0,0,0,0,0,0,0,0
1716,CN118151586A,0,1,0,0,0,0,0,0,0,0,0,0,0,0,0,0,0
1720,CN118152020A,0,0,0,1,0,0,0,0,0,0,0,0,0,0,0,0,1
1721,CN118157535A,0,0,0,0,0,0,0,1,0,0,0,0,0,0,0,0,0
1722,CN118163118B,0,0,0,0,1,0,0,0,0,0,0,0,0,0,0,0,0
1723,CN118181262A,0,0,0,0,0,0,1,1,0,0,0,0,0,0,0,1,0
1725,CN118181269A,1,0,0,0,0,0,0,1,0,0,0,0,0,1,1,0,0
1726,CN118181307A,1,0,0,0,0,0,0,1,0,0,0,0,1,1,0,0,0
1727,CN118181343A,0,0,0,0,0,0,1,1,0,0,0,0,0,0,0,1,0
1728,CN118182670A,0,0,0,0,0,0,1,1,0,0,0,0,0,0,0,0,0
1730,CN118182674A,1,0,1,0,1,1,0,1,0,0,1,0,0,1,0,0,0
1731,CN118182675A,0,0,0,0,0,0,1,1,0,0,1,0,0,0,0,0,0
1732,CN118182677B,0,0,0,0,0,0,1,0,0,0,1,0,0,0,0,0,0
1733,CN118182678B,0,0,0,0,0,0,1,1,0,0,1,0,0,0,0,0,0
1734,CN118188764A,0,0,0,0,0,0,0,0,0,0,0,0,0,0,0,0,0
1735,CN118192798A,0,0,0,0,0,0,0,0,0,0,0,0,0,1,0,0,0
1736,CN118196892A,0,0,1,0,1,1,0,0,1,0,0,0,0,1,0,0,0
1737,CN118199436A,0,0,0,1,0,0,0,0,0,0,0,0,0,0,0,0,1
1738,CN118204980A,0,0,0,0,0,0,1,1,0,0,0,0,1,0,0,0,0
1739,CN118204999A,1,0,0,0,0,0,1,1,0,0,0,0,0,0,1,0,0
1740,CN118205005A,0,0,0,0,0,0,0,1,0,0,0,0,0,0,0,0,0
1741,CN118205564A,0,1,0,0,1,0,0,0,0,0,0,0,0,0,0,0,0
1743,CN118210306A,0,0,0,0,0,1,0,0,0,0,0,0,0,0,0,0,0
1744,CN118211285B,0,0,0,0,1,0,0,0,0,0,0,0,0,0,0,0,0
1745,CN118212519A,0,0,1,0,1,0,0,0,0,0,0,0,0,0,0,0,0
1746,CN118219316A,0,0,0,0,0,0,1,1,0,0,0,0,0,0,0,1,0
1747,CN118220375B,0,0,0,0,0,0,1,0,0,0,1,0,0,0,0,0,0
1748,CN118225987A,0,1,1,0,0,1,0,0,0,0,0,0,0,0,0,0,0
1749,CN118226760B,1,0,0,0,0,0,0,0,0,0,1,0,0,1,0,0,0
1750,CN118230135B,0,0,1,0,1,0,0,0,1,0,0,0,0,0,0,0,0
1752,CN118232610A,0,0,0,0,0,0,1,1,0,0,0,0,0,0,0,1,0
1753,CN118234769A,0,0,0,0,0,0,0,0,0,0,0,0,0,0,0,0,0
1754,CN118244750A,0,0,0,0,0,1,0,0,0,0,1,0,0,0,0,0,0
1755,CN118250568A,0,0,1,0,1,0,0,0,1,0,0,0,0,0,0,0,0
1756,CN118252622A,0,0,0,0,1,0,0,1,0,1,0,0,0,0,1,0,0
1757,CN118254162B,0,0,0,0,1,1,0,0,0,0,0,0,0,0,0,0,0
1758,CN118263826A,0,0,0,0,0,0,1,0,0,0,1,0,0,0,0,0,0
1760,CN118264040A,0,0,0,0,0,0,0,1,0,0,0,0,0,0,0,0,0
1761,CN118266157A,0,0,0,0,0,0,0,1,0,0,0,0,0,0,0,0,0
1762,CN118269076A,0,0,0,0,0,0,1,0,0,0,0,0,0,0,1,1,0
1763,CN118269123A,0,0,0,0,0,0,1,1,0,0,0,0,0,0,0,0,0
1764,CN118270115A,0,0,0,0,0,0,0,1,0,0,0,0,0,0,0,0,0
1767,CN118270147A,0,0,0,0,0,0,1,0,0,1,1,0,0,0,0,1,0
1768,CN118282493A,0,0,0,0,0,0,0,0,0,0,0,0,0,0,0,0,0
1769,CN118284637A,0,0,0,0,0,0,0,0,0,0,0,0,0,0,0,0,0
1770,CN118288270A,1,0,0,1,0,0,1,1,0,0,0,1,0,0,1,0,0
1771,CN118288277A,0,0,0,0,0,1,0,1,0,0,0,0,0,0,1,0,0
1772,CN118288279A,0,0,0,0,1,0,0,0,1,0,0,0,0,0,1,0,0
1773,CN118288299A,1,0,0,0,0,0,1,1,0,0,0,1,0,0,1,0,0
1774,CN118293925B,0,0,0,0,0,0,0,0,0,0,1,0,0,1,0,0,0
1775,CN118295446B,1,0,0,0,0,0,1,1,0,0,1,0,0,1,0,0,0
1776,CN118299860A,0,0,0,0,0,0,0,0,0,0,0,0,0,0,0,0,0
1777,CN118302467A,0,0,0,0,0,0,0,0,0,0,0,0,0,0,0,0,0
1778,CN118302659A,0,0,0,0,0,0,0,0,0,0,0,0,0,0,0,0,0
1779,CN118304659A,0,0,0,0,0,0,1,0,0,0,0,0,0,0,0,0,0
1780,CN118305813B,0,1,0,1,0,0,0,0,0,0,0,0,0,0,0,0,1
1781,CN118313155A,0,0,0,0,0,0,1,0,0,0,0,0,0,0,0,0,0
1782,CN118331281A,0,0,1,0,1,1,0,0,0,0,0,0,0,0,0,0,0
1784,CN118331283B,0,0,0,0,0,0,0,1,0,0,1,0,0,1,0,0,0
1785,CN118339438A,0,0,0,0,0,0,0,0,0,0,0,0,0,0,0,0,0
1786,CN118342479A,0,0,0,0,0,0,0,0,0,0,0,0,1,0,0,0,0
1787,CN118342504A,1,0,0,0,0,0,0,1,0,0,0,1,0,1,1,0,0
1788,CN118342529A,1,0,0,0,0,0,1,1,0,0,0,0,0,1,0,1,0
1789,CN118343228A,0,0,0,0,0,0,1,1,0,0,1,0,0,0,0,1,0
1790,CN118346739A,0,0,0,0,0,0,1,1,0,0,0,0,0,0,0,1,0
1791,CN118357930B,1,0,0,0,0,0,0,0,0,0,0,1,0,0,0,0,0
1792,CN118357957A,0,0,0,0,0,0,1,0,0,0,0,0,0,0,0,1,0
1793,CN118357959B,0,0,0,0,0,0,1,1,0,0,1,1,0,0,0,0,0
1794,CN118359776A,0,0,0,0,0,0,0,0,0,0,0,0,0,0,0,0,0
1795,CN118361512A,0,0,0,0,0,0,1,1,0,0,0,0,0,0,0,1,0
1796,CN118372266A,0,0,0,0,0,0,1,1,0,0,0,0,0,0,0,0,0
1797,CN118382516A,0,0,0,0,0,0,0,1,0,0,0,0,0,0,0,0,0
1798,CN118386239A,1,0,0,0,0,0,0,0,0,0,0,0,0,1,0,0,0
1799,CN118393952A,0,0,0,0,0,0,0,1,0,0,0,0,0,1,0,0,0
1800,CN118394118A,1,0,0,0,0,0,0,1,0,0,1,0,0,1,0,0,0
1801,CN118394422A,0,0,1,1,0,0,0,0,0,0,0,0,0,0,0,0,1
1802,CN118401348A,1,0,0,0,0,1,0,0,0,0,0,0,0,0,0,0,0
1803,CN118401816A,0,0,0,0,0,0,0,0,0,0,0,0,0,0,0,0,0
1804,CN118404594A,0,0,0,0,0,0,1,0,0,0,0,0,0,0,0,1,0
1805,CN118404606A,0,0,0,0,0,0,1,1,0,0,0,0,0,0,1,0,0
1806,CN118405213A,0,0,0,0,0,0,0,0,0,0,1,0,0,0,0,0,0
1807,CN118415626B,1,0,0,0,0,0,0,0,0,0,1,0,0,1,0,0,0
1808,CN118418182A,0,0,0,0,0,0,1,1,0,0,0,0,0,0,0,0,0
1809,CN118418184A,0,0,0,0,0,0,1,1,0,0,0,0,0,0,0,0,0
1810,CN118423247A,0,0,0,0,0,0,0,0,0,0,0,0,0,0,0,1,0
1811,CN118423417A,0,0,0,0,0,0,1,0,0,0,0,0,0,0,0,0,0
1812,CN118424520A,0,0,0,1,0,0,0,0,0,0,0,0,0,0,1,0,1
1813,CN118424762A,0,0,0,0,0,0,0,1,0,0,1,0,0,0,0,0,0
1814,CN118438410A,1,0,0,0,0,0,1,1,0,0,0,1,0,0,0,0,0
1815,CN118438447B,0,1,0,1,0,0,0,0,0,0,0,0,0,0,0,0,1
1816,CN118438451A,0,0,1,1,0,0,0,0,0,0,0,0,0,1,0,0,1
1817,CN118438476B,0,0,0,0,0,0,1,1,0,0,0,0,0,0,0,0,0
1818,CN118438477A,0,0,0,0,0,0,1,0,0,0,0,0,0,0,0,1,0
1819,CN118439107A,0,0,0,0,0,0,1,0,0,0,1,0,0,0,0,0,0
1820,CN118439460B,0,0,0,0,0,1,0,0,0,0,0,0,0,0,0,0,0
1822,CN118442421A,0,0,0,0,0,0,0,0,0,0,0,0,0,0,0,0,0
1823,CN118442422A,0,0,0,0,0,0,0,0,0,0,0,0,0,0,0,0,0
1824,CN118442423A,0,0,0,0,0,0,0,0,0,0,0,0,0,0,0,0,0
1825,CN118443085A,0,0,0,0,1,0,0,0,1,0,0,0,0,0,1,0,0
1826,CN118444787A,0,0,0,1,0,0,0,0,0,0,0,0,0,0,0,0,1
1827,CN118456474B,1,0,0,0,0,0,0,1,0,0,0,0,0,1,0,0,0
1828,CN118456491B,0,0,0,0,0,0,1,1,0,0,0,0,0,0,0,0,0
1829,CN118462794A,0,0,0,0,0,0,0,0,0,0,0,0,0,0,0,0,0
1830,CN118462795A,0,0,0,0,0,0,0,0,0,0,0,0,0,0,0,0,0
1831,CN118464001A,0,0,1,0,1,1,0,0,0,0,0,0,0,0,0,0,0
1832,CN118464247A,0,0,0,0,0,0,0,0,0,0,0,0,0,0,0,0,0
1833,CN118464283A,0,0,0,0,0,0,0,1,0,0,0,0,0,0,0,0,0
1834,CN118478354A,0,0,0,0,0,0,0,0,0,0,0,0,0,1,1,0,0
1835,CN118478358A,0,0,0,0,0,1,0,0,0,0,0,1,0,0,0,0,0
1836,CN118483997A,0,0,0,0,0,1,0,0,0,1,0,0,0,0,0,0,0
1837,CN118484110A,0,0,0,1,0,0,0,1,0,0,0,0,1,0,0,0,1
1838,CN118485609A,0,0,0,0,1,0,0,0,1,0,0,0,1,0,0,0,0
1839,CN118487397B,0,0,0,0,0,0,0,1,0,0,0,0,0,0,0,0,0
1840,CN118493435A,0,0,0,0,0,0,0,0,0,0,0,0,0,0,1,0,0
1841,CN118494638A,0,0,0,0,0,0,1,1,0,0,1,0,0,0,0,0,0
1842,CN118494639B,0,0,0,0,0,0,1,1,0,0,1,0,0,0,0,0,0
1843,CN118494641A,0,0,0,0,0,0,1,0,0,0,1,0,0,0,0,1,0
1844,CN118502240B,1,0,0,0,0,0,0,1,0,0,0,0,0,1,0,0,0
1845,CN118504645B,0,0,1,1,1,0,0,0,0,0,0,0,0,1,0,0,1
1846,CN118505387A,0,0,0,1,0,0,0,0,0,0,0,0,0,0,0,0,1
1847,CN118506426A,0,0,0,0,1,0,0,0,0,0,0,0,1,0,0,0,0
1848,CN118508704B,0,0,0,0,0,0,0,1,0,0,0,0,0,0,0,0,0
1849,CN118514052A,0,0,0,0,0,1,0,1,0,0,0,0,1,0,0,0,1
1850,CN118514082B,1,0,0,0,0,0,0,1,0,0,0,0,0,1,0,0,0
1851,CN118514086B,0,1,1,0,0,0,1,0,0,0,0,0,0,1,0,0,0
1852,CN118514093A,0,0,0,1,1,0,0,0,0,0,0,0,0,0,0,0,1
1853,CN118514103B,1,0,1,0,1,1,0,0,0,1,1,1,0,1,1,0,0
1854,CN118514118A,0,0,0,0,0,0,1,1,0,0,0,0,0,0,0,0,0
1855,CN118514780A,1,0,0,0,0,0,1,1,0,0,1,0,0,0,0,0,0
1856,CN118525255A,0,0,0,1,1,0,0,0,0,0,0,0,0,0,0,0,1
1857,CN118528270A,1,0,0,0,0,0,1,1,0,0,1,1,0,1,1,0,0
1858,CN118528271A,0,0,0,1,0,0,0,0,0,0,0,0,0,1,0,0,1
1859,CN118529171A,0,0,1,0,0,0,1,0,0,0,1,0,0,0,0,1,0
1860,CN118529172A,0,0,0,0,0,0,1,1,0,0,1,0,0,0,0,0,0
1861,CN118529173B,0,0,0,0,0,0,1,0,0,0,1,0,0,0,0,1,0
1862,CN118529174A,0,0,0,0,0,0,1,1,0,0,1,0,0,0,0,0,0
1863,CN118532360A,0,0,0,0,0,0,0,0,0,0,1,0,0,0,0,0,0
1864,CN118532393A,0,0,0,0,0,0,0,0,0,0,0,0,0,0,0,0,0
1865,CN118532410B,0,0,0,0,0,0,1,1,0,0,0,0,0,0,0,1,0
1866,CN118550186A,1,0,0,0,0,0,0,0,0,0,0,0,0,1,0,0,0
1867,CN118559399A,0,0,0,0,0,0,0,1,0,0,0,0,0,0,1,0,0
1868,CN118559692B,0,0,0,0,0,0,1,0,0,0,0,0,0,0,1,1,0
1869,CN118559699A,0,1,0,0,0,0,0,1,0,0,0,0,0,0,0,0,0
1870,CN118559730B,0,0,0,0,0,0,1,1,0,0,0,0,0,0,0,0,0
1871,CN118559731B,0,0,0,0,0,0,1,1,0,0,0,0,0,0,0,0,0
1872,CN118560596A,1,0,0,0,0,0,1,1,0,0,1,0,0,1,0,0,0
1873,CN118560601A,0,0,0,0,0,0,1,0,0,0,1,0,0,0,0,1,0
1874,CN118560602A,0,0,0,0,0,0,1,1,0,0,1,1,0,0,1,0,0
1875,CN118560603A,0,0,0,0,0,0,1,1,0,0,1,0,0,0,0,0,0
1876,CN118560604B,0,0,0,0,0,0,1,1,0,0,1,0,0,0,0,0,0
1877,CN118560606B,0,0,0,0,0,0,1,1,0,0,1,0,0,0,0,0,0
1878,CN118564609A,0,0,0,0,0,0,1,0,0,0,0,0,0,0,0,0,0
1879,CN118565788A,0,0,0,0,0,0,0,1,0,0,0,0,0,0,0,0,0
1880,CN118566934A,0,0,0,0,1,0,0,0,0,0,0,0,0,0,0,0,0
1881,CN118578356A,0,0,0,0,0,0,1,0,0,0,1,0,0,0,0,1,0
1882,CN118578405A,0,0,0,0,0,0,1,0,0,0,0,0,0,0,0,1,0
1883,CN118578412A,0,0,0,0,0,0,0,1,0,0,0,0,0,1,0,0,0
1884,CN118579173A,1,0,0,0,0,0,1,0,0,0,1,0,0,1,0,0,0
1885,CN118579236A,1,0,0,0,0,0,1,0,0,0,0,1,0,1,0,0,0
1886,CN118582509A,0,0,0,0,0,0,0,0,0,0,0,0,0,0,0,0,0
1887,CN118585951B,0,0,0,0,0,0,0,1,0,0,0,0,0,0,0,0,0
1888,CN118589756B,0,0,0,0,0,0,0,1,0,0,0,0,0,0,0,0,0
1889,CN118593297A,0,0,0,0,0,0,0,0,0,1,0,0,0,0,1,1,0
1890,CN118596205A,0,0,0,0,0,0,1,1,0,0,0,1,0,0,1,0,0
1891,CN118599116A,0,0,0,0,0,0,0,0,0,0,0,0,0,0,0,0,0
1892,CN118599258A,0,0,0,0,0,0,0,0,0,0,0,0,0,0,0,0,0
1894,CN118606250A,0,0,0,1,0,0,0,0,0,0,0,0,0,0,0,0,1
1895,CN118617414A,0,0,0,0,1,0,0,0,0,0,0,1,0,0,1,0,0
1896,CN118628802B,0,0,1,0,1,0,0,0,0,0,0,0,0,0,0,0,0
1897,CN118633372A,0,0,0,0,0,1,0,1,0,0,0,0,0,0,1,0,0
1898,CN118634463B,0,0,1,0,1,1,0,0,0,0,0,0,0,0,0,0,0
1899,CN118636131B,1,0,0,0,0,0,0,1,0,0,0,1,0,0,0,0,0
1900,CN118636158B,1,0,1,0,0,1,0,0,0,0,1,0,0,1,0,0,0
1901,CN118636159B,0,0,1,1,0,1,0,0,0,0,0,0,0,0,0,0,1
1902,CN118636160B,0,1,1,0,0,1,0,0,0,0,0,0,0,0,0,0,0
1903,CN118636165A,0,0,0,0,0,0,0,0,0,0,0,0,0,1,0,0,0
1904,CN118636176B,0,0,0,0,0,0,1,0,0,0,0,0,0,0,1,0,0
1905,CN118636177B,0,0,0,0,0,0,1,0,0,0,0,0,0,0,1,0,0
1906,CN118636189A,0,0,0,0,0,0,1,1,0,0,0,1,0,0,0,0,0
1907,CN118636195A,0,0,0,0,0,0,0,1,1,0,0,0,1,1,0,0,0
1908,CN118636992A,0,0,0,0,0,0,1,1,0,0,0,0,0,0,0,1,0
1910,CN118642499B,1,0,1,0,1,0,0,0,1,0,1,0,1,0,0,0,0
1911,CN118644895B,1,0,0,1,0,0,0,0,0,0,0,0,0,0,0,0,1
1913,CN118650648B,0,0,0,0,0,0,1,0,0,0,0,0,0,0,1,1,0
1914,CN118650649B,0,0,0,0,0,0,1,1,0,0,0,0,0,0,1,0,0
1915,CN118654881A,0,0,0,0,0,0,0,1,0,0,0,0,0,0,0,0,0
1916,CN118655986A,0,0,0,1,0,0,0,0,0,0,0,0,1,1,0,0,1
1917,CN118657169A,0,0,0,0,0,0,0,0,0,0,0,0,0,1,0,0,0
1918,CN118660614A,0,0,0,0,0,0,0,0,0,0,0,0,0,0,0,0,0
1921,CN118664586B,1,0,0,0,0,0,0,0,0,0,1,0,0,1,0,0,0
1922,CN118664618B,0,0,0,0,0,0,0,0,1,0,0,0,1,0,0,0,1
1923,CN118664646A,0,0,0,0,0,0,1,0,0,0,1,0,0,0,0,1,0
1924,CN118682750B,1,0,0,0,0,0,0,1,0,0,1,0,0,1,0,0,0
1926,CN118682759A,0,0,0,0,0,0,0,0,0,0,0,0,0,1,0,0,0
1927,CN118682776B,0,0,1,0,1,0,0,0,1,0,0,0,0,1,0,0,0
1928,CN118682784A,0,0,0,0,0,0,1,1,0,0,0,0,0,0,0,0,0
1929,CN118682791B,0,0,0,0,0,0,1,1,0,0,0,0,0,0,0,0,0
1930,CN118682792B,0,0,0,0,0,0,1,1,0,0,1,0,0,0,0,0,0
1931,CN118682798B,0,0,0,0,0,0,0,0,0,0,0,0,0,0,1,0,0
1932,CN118682799B,0,0,0,0,0,0,1,1,0,0,0,0,0,0,1,0,0
1933,CN118682800B,0,0,0,0,0,0,1,0,0,0,0,0,0,0,1,0,0
1934,CN118682801B,0,0,0,0,0,0,1,0,0,0,0,0,0,0,1,0,0
1935,CN118682808A,0,0,0,0,0,0,1,1,0,0,0,1,0,0,0,0,0
1939,CN118682809A,1,0,0,0,0,0,1,0,0,0,0,1,0,0,1,0,0
1940,CN118683650A,0,0,0,0,0,0,1,1,0,0,1,0,0,0,0,0,0
1941,CN118688104A,0,0,0,0,1,0,0,0,0,0,0,0,0,0,0,0,0
1942,CN118689145A,0,0,0,0,0,0,0,0,0,0,0,0,0,0,0,0,0
1943,CN118690591B,0,0,0,0,0,0,0,0,0,0,0,0,0,1,0,0,0
1944,CN118694057B,0,0,0,0,0,0,0,1,0,0,0,0,0,0,0,0,0
1945,CN118700174B,0,0,0,0,0,0,1,0,0,0,0,0,0,0,0,1,0
1946,CN118700179B,0,0,0,0,0,0,1,1,0,0,0,0,0,0,0,0,0
1947,CN118700180B,1,0,1,0,0,0,1,1,0,0,1,0,0,0,0,0,0
1948,CN118700181B,0,0,0,0,0,0,1,1,0,0,0,0,0,0,0,0,0
1949,CN118700182B,0,0,0,0,0,0,1,1,0,0,0,0,1,0,0,0,0
1950,CN118700183B,0,0,0,0,0,0,1,1,0,0,1,0,0,0,0,0,0
1951,CN118700184B,0,0,0,0,0,0,1,1,0,0,1,0,0,0,0,0,0
1952,CN118700185B,0,0,0,0,0,0,1,1,0,0,0,1,0,0,1,0,0
1953,CN118700186B,0,0,0,0,0,0,1,1,0,0,0,1,0,0,1,0,0
1954,CN118700187B,0,0,0,0,0,0,1,1,0,0,0,1,0,0,0,0,0
1955,CN118700189B,0,0,0,0,0,0,0,0,0,0,0,0,1,0,0,0,0
1956,CN118700190B,0,0,0,0,0,0,0,0,0,0,0,0,1,0,0,0,0
1957,CN118700207A,0,0,0,0,0,0,1,1,0,0,0,0,0,0,0,0,0
1958,CN118700209B,1,0,0,0,0,0,1,1,0,0,1,0,0,0,0,0,0
1959,CN118701084A,0,0,1,0,1,0,0,0,0,0,0,0,0,0,0,0,0
1960,CN118701194B,0,0,0,0,0,0,1,0,0,0,1,0,0,0,0,1,0
1961,CN118713376B,0,0,0,0,0,0,0,1,0,0,0,0,0,0,0,0,0
1962,CN118715093A,1,0,0,0,0,0,0,0,0,0,0,0,0,1,0,0,0
1963,CN118721183B,0,1,0,0,0,1,0,0,0,0,0,0,0,0,0,0,0
1964,CN118721241B,0,0,0,0,0,0,1,1,0,0,0,1,0,0,0,0,0
1965,CN118721242B,0,0,0,0,0,0,1,1,0,0,0,1,0,0,1,0,0
1966,CN118721243B,0,0,0,0,0,0,1,1,0,0,0,1,0,0,1,0,0
1967,CN118721251A,0,0,0,0,0,0,1,1,0,0,0,0,0,0,1,0,0
1969,CN118721288B,0,1,0,0,0,0,0,0,0,0,0,0,0,0,0,0,1
1970,CN118722903A,0,0,0,0,0,0,1,0,0,0,1,0,0,0,0,1,0
1971,CN118730089A,0,0,1,1,1,1,0,0,0,0,0,0,0,0,0,0,1
1972,CN118731896A,0,0,1,0,0,0,0,0,0,0,0,0,0,0,0,0,0
1973,CN118732918A,0,0,0,1,0,0,0,0,0,0,0,0,0,0,0,0,1
1974,CN118739730A,0,0,0,0,0,0,0,1,0,0,0,0,0,0,0,0,0
1975,CN118742420A,1,0,0,0,0,0,0,0,0,0,0,0,0,1,1,0,0
1976,CN118752491B,0,0,0,1,0,0,0,1,0,0,0,0,0,0,1,0,1
1977,CN118752493B,0,0,0,0,0,0,0,1,0,0,0,1,0,1,1,0,0
1978,CN118752499A,1,0,0,1,0,0,0,0,0,1,0,0,0,0,0,0,1
1979,CN118752506A,0,0,0,0,0,0,0,0,0,0,0,0,0,0,0,0,0
1980,CN118753401B,0,0,0,0,0,0,1,1,0,0,1,0,0,0,0,0,0
1981,CN118753402B,0,0,0,0,0,0,1,1,0,0,1,0,0,0,0,0,0
1982,CN118758462A,0,0,0,0,0,0,0,0,0,0,0,0,0,0,0,0,0
1983,CN118759864B,0,0,0,0,0,0,1,1,0,0,1,0,0,0,0,0,0
1985,CN118762170B,0,0,1,0,1,0,0,0,1,0,0,0,0,0,0,0,0
1986,CN118763345B,0,0,0,0,0,0,0,0,0,0,0,0,0,0,0,0,0
1987,CN118763864B,0,0,0,0,0,0,0,1,0,0,0,0,0,0,0,0,0
1988,CN118769223A,0,0,0,0,0,0,1,0,0,0,0,0,0,0,0,1,0
1989,CN118769257A,0,0,0,0,0,0,0,0,0,0,0,0,0,1,1,0,0
1990,CN118769276B,0,0,0,0,0,0,1,1,0,0,0,0,0,0,1,1,0
1991,CN118769277B,0,0,0,0,0,0,1,0,0,0,0,0,0,0,1,0,0
1992,CN118770420A,0,0,0,0,0,0,1,0,0,0,1,0,0,0,0,1,0
1993,CN118770421B,1,0,0,0,0,0,1,0,0,0,1,0,0,0,0,1,0
1994,CN118775358A,0,0,0,0,0,0,0,0,0,0,0,0,0,0,0,0,0
1995,CN118779994A,0,0,0,0,0,0,0,0,0,0,0,0,0,0,0,0,0
1996,CN118783855B,0,0,0,0,0,0,0,1,0,0,0,0,0,0,0,0,0
1997,CN118789583B,0,0,0,0,0,0,1,1,0,0,0,0,0,0,1,0,0
1998,CN118790247B,0,0,0,0,0,1,0,0,0,0,0,0,0,0,0,0,0
1999,CN118790366A,0,0,0,0,0,0,0,1,0,0,0,0,0,0,0,0,0
2000,CN118809569A,0,0,0,0,0,0,1,1,0,0,0,0,0,0,0,1,0
2001,CN118809592B,0,0,0,0,1,0,0,0,0,0,0,0,0,0,1,0,0
2002,CN118809593B,0,0,0,0,0,0,0,0,0,0,0,0,0,1,0,0,0
2003,CN118809603B,1,0,0,0,1,0,0,0,0,0,0,1,0,1,0,0,0
2004,CN118809606B,0,0,0,0,0,0,0,1,0,0,0,0,0,1,0,0,0
2005,CN118809614B,1,0,0,0,0,0,0,1,0,0,0,0,0,0,0,0,0
2006,CN118809622A,1,0,1,0,1,1,0,0,0,0,1,0,0,1,0,0,0
2007,CN118809629A,1,0,1,1,1,1,1,0,1,0,1,1,1,1,1,0,1
2008,CN118810958B,0,0,0,0,0,0,1,1,0,0,1,0,0,0,0,0,0
2009,CN118810959A,1,0,0,0,0,0,1,1,0,0,1,0,0,0,0,0,0
2010,CN118826560B,0,0,0,0,0,0,1,1,0,0,0,0,0,0,0,0,0
2011,CN118832155A,0,0,0,0,0,0,0,0,0,1,0,0,0,0,0,0,0
2012,CN118832576B,0,0,0,0,0,0,0,1,0,1,0,1,0,0,1,0,0
2013,CN118832603B,1,0,1,0,0,1,0,0,0,0,0,0,0,0,0,0,0
2014,CN118832625B,0,0,0,0,0,0,1,1,0,0,0,0,0,0,0,0,0
2015,CN118833319A,0,0,0,0,0,0,1,1,0,0,1,0,0,0,0,0,0
2016,CN118833320A,0,0,0,0,0,0,1,0,0,0,1,0,0,0,0,0,0
2017,CN118836877A,0,0,1,0,1,1,0,0,0,0,0,0,0,0,0,0,0
2018,CN118838995A,0,0,0,0,0,0,0,0,0,0,0,0,0,0,0,0,0
2019,CN118839925A,0,0,1,0,0,0,0,0,0,0,0,0,0,0,0,0,0
2021,CN118842257B,0,0,0,0,0,0,0,1,0,0,0,0,0,0,0,0,0
2022,CN118845432A,0,0,0,1,1,0,0,0,0,0,0,0,0,0,1,0,1
2023,CN118848926A,0,0,1,0,1,1,0,0,0,0,0,0,0,1,1,0,0
2025,CN118848932A,0,0,0,0,0,0,1,0,0,0,1,1,0,0,0,0,0
2026,CN118848979A,0,0,0,0,0,0,0,1,0,0,0,0,0,1,0,0,0
2027,CN118848988A,1,0,0,0,0,0,1,1,0,0,0,1,0,0,0,0,0
2028,CN118848990B,1,0,0,0,1,0,0,0,1,0,0,1,0,0,0,0,0
2029,CN118848993B,0,1,1,0,0,1,0,0,0,0,0,0,0,0,0,0,0
2030,CN118849041A,0,0,0,0,0,0,1,1,0,0,0,0,0,0,0,1,0
2031,CN118849046A,0,0,0,0,0,0,0,1,0,0,0,0,0,0,0,0,0
2032,CN118849052B,0,0,0,0,0,0,0,0,0,0,0,0,0,0,0,0,0
2033,CN118850219A,0,0,0,0,0,0,1,1,0,0,1,0,0,0,0,0,0
2034,CN118852862A,0,0,0,0,0,0,0,0,0,0,0,0,0,0,0,0,0
2035,CN118855890B,0,0,0,0,0,0,0,1,0,0,0,0,0,0,0,0,0
2036,CN118859959B,0,0,1,0,1,1,0,0,0,0,0,0,0,0,0,0,0
2037,CN118862525B,0,0,0,0,0,0,0,0,0,0,0,0,0,0,0,0,0
2038,CN118868291A,0,0,0,0,0,0,0,0,0,0,0,0,0,0,0,0,0
2039,CN118868693B,0,0,0,0,0,0,1,1,0,0,0,0,0,0,0,0,0
2040,CN118871919A,0,0,0,0,0,0,0,0,0,0,0,0,0,1,0,0,0
2041,CN118875923A,0,0,0,0,0,0,0,1,0,0,0,0,0,0,0,0,0
2042,CN118876035A,0,0,0,1,0,0,0,0,0,0,0,0,1,1,0,0,1
2043,CN118876065A,0,0,0,0,0,0,1,1,0,0,0,0,0,0,0,0,0
2044,CN118876077A,0,0,0,0,0,0,1,0,0,0,0,1,0,0,0,1,0
2045,CN118876082A,0,0,0,0,0,0,1,1,0,0,0,0,0,0,0,1,0
2046,CN118876107A,0,0,0,0,0,0,1,1,0,0,0,1,0,0,0,0,0
2047,CN118876109B,0,0,0,0,0,0,1,1,0,0,0,0,0,0,0,0,0
2048,CN118876116A,0,0,0,0,0,0,0,1,0,0,0,0,0,0,0,0,0
2049,CN118876118A,0,0,0,0,1,0,1,1,1,0,0,0,1,0,0,0,0
2050,CN118880098B,0,0,0,0,0,0,0,0,0,0,0,0,0,0,0,0,0
2051,CN118884957A,0,0,1,0,0,1,0,0,0,0,0,0,0,1,0,0,0
2052,CN118885075A,0,0,0,1,0,0,0,0,0,0,0,0,0,0,0,0,1
2054,CN118891681A,0,0,0,0,1,0,0,0,0,1,0,0,0,0,0,0,0
2055,CN118893633B,0,0,0,1,1,0,0,1,0,0,0,0,0,0,1,0,1
2056,CN118893634B,0,0,0,0,1,0,0,0,0,0,0,0,0,1,0,0,0
2057,CN118893635B,0,0,1,0,0,0,0,1,0,0,0,0,0,1,1,0,0
2058,CN118897495B,0,0,0,1,1,0,0,0,0,0,0,0,0,0,0,0,1
2059,CN118900751A,0,0,1,1,0,0,0,0,0,0,0,0,0,1,0,0,1
2060,CN118906044B,1,0,0,0,0,0,0,1,0,0,0,0,0,0,0,0,0
2061,CN118906050A,0,0,1,0,0,1,0,0,0,0,0,0,0,0,0,0,0
2062,CN118907260B,1,0,0,0,0,0,1,1,0,0,1,1,0,1,0,0,0
2063,CN118907268B,0,0,0,0,0,0,1,0,0,0,1,0,0,0,0,1,0
2065,CN118915468B,1,0,0,0,0,0,1,0,0,0,1,0,0,1,0,0,0
2066,CN118915722A,0,0,1,1,1,0,0,0,0,0,0,0,0,0,0,0,1
2067,CN118915766A,0,0,1,0,0,1,0,0,0,0,0,0,0,0,0,0,0
2068,CN118915773B,0,0,1,0,1,1,0,0,1,0,1,0,1,1,0,0,0
2069,CN118915799A,1,0,0,0,0,0,1,1,0,0,1,0,0,1,0,0,0
2071,CN118916698A,0,0,0,1,0,0,0,0,0,0,0,0,0,1,0,0,1
2072,CN118926554A,0,0,0,0,0,0,0,1,0,0,0,0,0,0,1,0,0
2073,CN118927228B,0,0,0,0,0,0,0,0,0,0,0,0,0,0,1,0,0
2074,CN118927283A,0,0,0,0,0,0,1,1,0,0,0,0,0,0,1,0,0
2075,CN118927294B,0,0,0,0,0,0,1,0,0,0,0,0,0,0,0,1,0
2076,CN118927296A,0,0,0,0,0,0,1,1,0,0,0,1,0,0,1,0,0
2077,CN118927299A,0,0,0,0,0,0,1,1,0,0,0,0,0,0,0,0,0
2080,CN118927306A,0,1,0,0,0,0,1,1,0,0,0,0,0,0,0,0,0
2081,CN118928107A,0,0,1,0,0,1,0,0,0,0,0,0,0,0,0,0,0
2082,CN118928585B,0,0,0,0,0,0,0,1,0,0,1,0,0,0,0,0,0
2083,CN118934519A,0,0,0,0,0,0,0,0,0,0,0,0,0,0,0,1,0
2084,CN118934920A,0,0,0,0,0,0,1,1,0,0,0,0,0,0,0,1,0
2085,CN118938645A,1,0,0,0,0,0,1,1,0,0,1,0,0,1,0,0,0
2086,CN118938703B,0,0,0,0,0,0,0,0,0,0,0,0,0,1,0,0,0
2087,CN118941047A,0,0,0,0,0,0,0,0,0,0,0,0,0,1,0,0,0
2088,CN118941315A,0,0,0,0,0,0,0,0,0,0,0,0,0,0,0,0,0
2089,CN118941619A,0,0,0,0,1,0,0,0,0,0,0,0,0,0,1,0,0
2091,CN118941681A,1,0,0,0,1,0,0,0,0,0,0,0,0,0,0,0,0
2092,CN118942915A,0,0,0,0,0,0,0,0,0,0,0,0,0,0,0,0,0
2093,CN118951181A,0,0,0,0,0,0,0,1,0,0,0,0,0,0,0,0,0
2094,CN118952165B,0,0,1,1,1,0,0,0,1,0,0,0,1,1,0,0,1
2095,CN118952267A,0,0,0,0,0,0,1,1,0,0,0,0,0,0,1,0,0
2096,CN118952273A,0,0,0,0,0,0,1,1,0,0,0,0,0,0,1,0,0
2097,CN118952277B,0,0,0,0,0,0,0,0,0,0,0,0,0,0,1,0,0
2098,CN118952308B,0,0,0,0,0,0,1,0,0,0,0,1,0,0,0,1,0
2099,CN118953540A,0,0,0,0,0,0,1,0,0,0,1,0,0,0,0,1,0
2100,CN118958968B,0,0,0,0,0,0,0,1,0,0,0,0,0,0,1,0,0
2102,CN118961030B,0,0,0,0,0,0,0,0,0,0,0,0,0,0,0,0,0
2103,CN118966213A,0,0,0,0,0,0,0,0,0,0,0,0,0,0,0,0,0
2104,CN118967434B,0,0,0,0,1,0,0,0,0,0,0,0,0,0,0,0,0
2105,CN118971504B,0,0,0,0,0,0,1,1,0,0,0,0,0,0,0,0,0
2106,CN118977235A,1,0,0,0,0,0,0,0,0,0,0,1,0,1,1,0,0
2107,CN118977259A,0,0,0,0,0,0,1,0,0,0,0,0,0,0,1,0,0
2108,CN118977783A,0,0,0,0,0,0,1,0,0,0,0,0,0,0,0,0,0
2109,CN118979940A,0,0,0,0,0,0,0,0,0,0,0,0,0,0,0,0,0
2110,CN118982678B,0,0,1,0,1,1,0,0,0,0,0,0,0,0,0,0,0
2111,CN118990440A,0,0,0,0,0,0,0,0,0,0,0,0,0,0,1,0,0
2112,CN118990468B,1,0,0,0,0,0,0,0,0,1,0,0,0,1,0,0,0
2113,CN118990480B,0,0,1,0,1,0,0,0,1,0,0,0,0,0,0,0,0
2114,CN118990481A,0,0,0,1,0,0,0,0,0,0,0,0,0,0,0,0,1
2115,CN118990555B,1,0,0,1,0,0,0,0,0,0,0,0,0,1,1,0,1
2116,CN118990571B,0,0,0,0,0,0,1,1,0,0,0,0,0,0,1,0,0
2117,CN118990599B,0,0,0,0,0,0,1,0,0,0,0,0,0,0,0,1,0
2118,CN118990600A,0,0,0,0,0,0,1,1,0,0,0,0,0,0,0,0,0
2119,CN118990601A,0,0,0,0,0,0,1,1,0,0,0,0,0,0,0,0,0
2120,CN118990604A,0,0,0,0,0,0,1,0,0,0,0,1,0,0,0,0,0
2121,CN118990605A,0,0,0,0,0,0,1,1,0,0,0,1,0,0,0,0,0
2122,CN118990606A,0,0,0,0,0,0,1,0,0,0,0,1,0,0,0,0,0
2123,CN118990607A,0,0,0,0,0,0,1,0,0,0,0,1,0,0,0,0,0
2124,CN118991966B,0,0,0,0,0,0,1,0,0,0,1,0,0,0,0,0,0
2125,CN118991967A,0,0,0,0,0,0,1,0,0,0,1,0,0,0,0,0,0
2126,CN118998268A,0,0,0,0,0,0,1,0,0,0,0,0,0,0,0,0,0
2127,CN118998282A,0,0,0,0,0,0,1,1,0,0,0,0,0,0,0,0,0
2128,CN119002232B,1,0,0,0,0,0,1,0,0,0,1,0,0,1,0,0,0
2129,CN119002288B,0,0,0,0,0,0,0,0,0,0,0,0,0,1,0,0,0
2130,CN119013192A,0,0,0,0,0,0,0,0,0,0,0,0,0,0,0,0,0
2131,CN119017377A,0,0,0,0,0,0,0,1,0,0,0,0,0,0,0,0,0
2132,CN119017380A,1,0,0,0,1,0,0,1,0,0,0,1,0,0,1,0,0
2134,CN119017426B,0,0,0,0,0,0,1,1,0,0,0,0,1,0,0,1,0
2135,CN119017427A,0,0,0,0,0,0,1,1,0,0,0,0,0,0,1,0,0
2136,CN119017428A,0,0,0,0,0,0,1,1,0,0,0,1,0,0,0,0,0
2137,CN119021964A,0,0,0,0,0,0,1,0,0,0,1,0,0,0,0,0,0
2138,CN119024308A,0,0,1,0,0,1,0,1,0,0,0,0,0,0,0,0,0
2139,CN119030398A,0,0,0,0,0,0,0,1,0,0,0,0,0,0,0,0,0
2140,CN119031998A,0,0,0,1,0,0,0,0,0,0,0,0,0,0,0,0,1
2141,CN119033287A,0,1,1,0,0,1,0,0,0,0,0,0,0,0,0,0,0
2142,CN119036428A,0,0,0,0,0,0,0,1,0,0,0,0,0,0,1,0,0
2143,CN119036453A,1,0,0,0,0,0,0,1,0,0,0,0,0,1,0,0,0
2144,CN119036464A,1,0,0,0,0,0,0,1,0,0,0,0,0,0,1,0,0
2145,CN119036471B,1,0,0,0,1,0,0,0,0,0,1,1,0,1,1,0,0
2146,CN119036473B,1,0,0,0,1,1,0,0,1,0,0,0,0,1,1,0,0
2147,CN119036474B,1,0,0,0,0,0,0,0,0,0,0,1,0,1,0,0,0
2148,CN119036507A,0,0,0,0,0,0,0,1,0,0,0,0,0,0,0,0,0
2149,CN119036508B,0,0,0,0,0,0,1,1,0,0,0,0,0,0,0,1,0
2150,CN119036509A,0,0,0,0,0,0,1,0,0,0,0,1,0,0,0,0,0
2151,CN119037580B,0,0,0,0,0,0,1,0,0,0,1,0,0,0,0,1,0
2152,CN119037588A,0,0,0,0,0,0,1,0,0,0,1,0,0,0,0,0,0
2153,CN119037589A,0,0,0,0,0,0,1,0,0,0,1,0,0,0,0,0,0
2154,CN119044757A,0,0,0,0,0,0,0,1,0,0,0,0,0,0,0,0,0
2157,CN119045487B,0,0,1,0,0,1,0,0,0,0,0,0,0,0,0,0,0
2158,CN119053411A,0,0,0,1,0,0,0,0,0,0,0,0,0,0,0,0,1
2159,CN119057801B,0,0,0,1,0,0,0,0,0,0,0,0,0,0,0,0,1
2160,CN119057807A,0,0,0,1,1,0,0,0,0,1,0,0,1,0,0,0,1
2161,CN119057813A,0,0,0,0,0,0,1,1,0,0,0,0,0,0,1,1,0
2162,CN119057836A,0,0,0,0,0,0,1,0,0,0,0,1,0,0,0,0,0
2163,CN119057839A,0,0,0,0,0,0,0,1,0,0,0,0,0,0,0,0,0
2164,CN119058852A,0,0,0,0,0,0,1,0,0,0,1,0,0,0,0,0,0
2165,CN119058853A,0,0,0,0,0,0,1,1,0,0,1,0,0,0,0,0,0
2166,CN119065397B,1,0,0,0,0,0,0,0,0,0,1,0,0,1,0,0,0
2167,CN119066163B,0,0,0,1,0,0,0,0,0,0,0,0,0,0,0,0,1
2168,CN119072281A,0,0,0,0,0,0,0,0,0,0,0,0,0,0,0,0,0
2169,CN119076972B,0,0,0,0,0,0,0,0,0,0,0,0,0,0,0,0,0
2170,CN119077730B,1,0,1,0,1,1,0,0,0,0,1,0,0,1,0,0,0
2171,CN119077745A,0,0,0,0,0,0,0,1,0,0,0,0,0,0,0,0,0
2172,CN119077771A,0,0,0,0,0,0,1,0,0,0,0,1,0,0,0,0,0
2173,CN119077798B,0,0,1,0,1,0,1,1,1,0,0,1,0,1,1,0,0
2174,CN119078986A,1,0,0,0,0,0,1,1,0,0,1,0,0,1,0,0,0
2175,CN119078989B,0,0,0,0,0,0,1,1,0,0,1,0,0,0,0,0,0
2176,CN119082537A,0,0,0,0,0,0,0,0,0,0,0,0,0,0,0,1,0
2177,CN119085662B,0,0,0,0,0,1,0,0,0,0,0,0,0,0,0,0,0
2178,CN119088018A,0,1,1,0,1,0,0,0,0,0,1,0,0,0,0,0,0
2179,CN119088030A,0,0,1,0,1,1,0,0,0,0,0,0,0,0,0,0,0
2180,CN119089599B,0,0,0,0,0,0,1,0,0,0,1,0,0,0,0,0,0
2181,CN119091872A,0,0,1,1,0,0,0,0,0,0,0,0,0,0,0,0,1
2182,CN119093526A,0,0,0,0,0,1,0,0,0,0,0,0,0,0,0,0,0
2183,CN119098933A,0,0,0,0,0,0,1,1,0,0,0,0,0,0,1,0,0
2184,CN119098971A,0,0,0,0,0,0,1,1,0,0,0,0,0,0,1,0,0
2185,CN119098984B,0,0,0,0,0,0,1,1,0,0,0,0,1,0,0,0,0
2186,CN119099751A,0,0,0,0,0,0,1,1,0,0,1,0,0,0,0,0,0
2187,CN119105510A,0,0,0,0,0,1,0,0,0,0,0,0,0,0,0,0,0
2188,CN119107013A,0,0,1,0,0,1,0,0,0,0,0,0,0,0,0,0,0
2189,CN119109246A,0,0,0,0,0,0,1,1,0,0,0,0,0,0,0,0,0
2190,CN119115928A,0,0,0,1,0,0,0,0,0,0,0,0,0,1,0,0,1
2192,CN119115929B,0,0,0,0,0,0,0,1,0,0,0,1,0,1,1,0,0
2193,CN119115940B,1,0,0,0,0,0,1,1,0,0,1,0,0,1,0,0,0
2194,CN119115948B,0,0,0,0,0,0,1,1,0,0,0,0,0,1,1,1,0
2195,CN119115952A,1,0,0,0,0,0,1,1,0,0,0,0,0,1,0,0,0
2196,CN119115981A,0,1,0,0,0,0,0,0,0,0,0,0,0,0,0,0,0
2197,CN119115984B,0,0,0,0,0,0,1,0,0,0,0,1,0,0,0,0,0
2198,CN119116005A,0,0,0,0,0,0,1,1,0,0,0,0,0,0,0,0,0
2199,CN119117139A,0,0,0,0,1,0,0,1,1,0,1,1,1,0,1,0,0
2200,CN119123009A,0,0,0,0,0,0,1,1,0,0,0,0,0,0,0,0,0
2201,CN119124146A,0,0,1,0,0,0,0,0,0,0,0,0,0,0,0,0,0
2202,CN119125922B,0,1,0,0,0,0,0,0,0,0,0,0,0,0,0,0,0
2203,CN119128947B,0,1,0,0,0,0,0,0,0,0,0,0,0,0,0,0,0
2204,CN119130304A,0,0,0,0,0,0,0,0,0,0,0,0,0,0,0,0,0
2205,CN119131332B,0,0,0,0,1,0,0,0,0,0,0,0,0,0,0,0,0
2206,CN119133760A,0,0,0,0,0,0,0,0,0,0,0,0,0,0,0,0,0
2207,CN119134767A,0,0,0,0,0,0,0,1,0,0,0,0,0,0,0,0,0
2208,CN119136927A,0,0,0,0,1,0,0,0,0,0,0,0,0,0,1,0,0
2209,CN119136952A,0,1,0,0,1,0,0,0,0,0,0,0,0,0,0,0,0
2210,CN119141518A,0,0,0,0,0,0,1,1,0,0,0,1,0,0,0,1,0
2211,CN119141519A,0,0,0,0,0,0,0,1,0,0,0,0,0,0,0,0,0
2212,CN119141562B,0,0,0,0,0,0,1,1,1,0,0,0,0,0,0,0,0
2213,CN119141574A,0,0,0,0,0,0,1,1,0,0,0,0,0,0,1,1,0
2214,CN119141576A,0,0,0,0,0,0,1,1,0,0,0,0,0,0,1,0,0
2215,CN119141588B,0,0,0,0,0,0,1,0,0,0,0,0,0,0,0,0,0
2216,CN119142436A,0,0,0,0,0,0,1,1,0,0,1,0,0,0,0,0,0
2217,CN119147255B,0,0,0,0,0,0,0,0,0,0,0,0,0,0,0,0,0
2218,CN119148752A,1,0,0,0,0,0,1,0,0,0,1,0,0,1,0,0,0
2219,CN119150567A,1,0,1,0,1,1,0,0,0,0,0,0,0,1,0,0,0
2220,CN119152870A,0,0,0,1,0,0,0,0,0,0,0,0,0,0,0,0,1
2221,CN119153063B,0,0,0,0,1,0,0,0,0,1,0,0,0,0,0,0,0
2222,CN119154530B,0,0,0,0,1,0,0,0,1,0,0,0,0,0,0,0,0
2223,CN119159596B,0,0,0,0,0,0,1,1,0,0,0,1,0,0,1,0,0
2224,CN119159602A,0,0,0,1,0,0,0,1,0,0,0,1,0,0,1,0,1
2225,CN119164393B,0,0,1,0,0,0,0,0,0,0,0,0,0,0,0,0,0
2226,CN119167743A,0,0,0,0,0,0,0,0,0,0,0,0,0,1,0,0,0
2227,CN119169502B,1,0,0,0,1,0,0,0,1,0,0,0,0,1,0,0,0
2228,CN119170398A,0,0,0,0,0,0,0,0,0,0,0,0,0,0,0,0,0
2229,CN119171800B,0,0,0,0,0,0,0,1,0,0,0,0,0,0,0,0,0
2230,CN119175719B,1,0,0,0,0,0,1,1,0,0,0,1,0,1,0,0,0
2231,CN119176202A,1,0,0,0,0,1,1,1,0,0,0,0,0,1,0,0,0
2233,CN119178438B,0,0,1,0,1,0,0,0,0,0,0,0,0,0,0,0,0
2234,CN119182236A,0,0,0,0,0,0,0,1,0,0,0,0,0,0,0,0,0
2235,CN119188690A,0,0,1,0,1,0,0,0,1,0,0,0,1,0,0,0,0
2236,CN119188692A,1,0,0,1,0,0,1,1,0,0,0,0,0,1,0,0,1
2237,CN119188709A,0,0,0,0,0,0,1,0,0,0,0,0,0,0,0,0,0
2238,CN119188786B,0,0,0,0,0,0,0,1,0,0,0,0,0,0,0,0,0
2239,CN119188792B,1,0,0,0,0,1,0,0,0,0,1,0,0,1,0,0,0
2240,CN119188819A,0,0,0,0,0,0,1,1,0,0,0,0,0,0,1,1,0
2241,CN119188860A,0,0,0,0,1,0,0,0,1,0,0,0,0,0,0,0,0
2242,CN119188861A,0,0,0,0,1,0,0,0,1,0,0,0,0,0,0,0,0
2243,CN119192480A,0,0,0,0,0,0,0,0,0,0,0,0,0,0,0,0,0
2244,CN119197591A,0,0,0,0,0,0,0,0,0,0,0,0,0,1,0,0,0
2245,CN119200606B,1,0,0,0,0,1,0,0,0,0,1,0,0,0,0,0,0
2246,CN119200857B,0,0,0,1,0,0,0,0,0,0,0,0,0,1,0,0,1
2247,CN119203025A,0,0,1,1,1,0,0,0,0,0,0,0,0,0,0,0,1
2249,CN119206246B,0,0,1,0,1,0,0,0,0,0,0,0,0,0,0,0,0
2250,CN119210039A,0,0,0,0,0,0,0,1,0,0,0,0,0,0,0,0,0
2251,CN119217411A,0,0,0,0,0,0,1,0,0,0,0,0,0,0,1,0,0
2252,CN119218495B,0,0,0,0,0,0,0,0,0,0,0,0,0,0,0,0,0
2253,CN119223496A,0,0,0,0,0,0,0,0,0,1,0,0,0,0,0,0,0
2254,CN119223608B,0,0,0,0,0,0,1,0,0,0,0,0,0,0,0,0,0
2255,CN119226302B,0,0,0,0,0,1,0,0,0,0,0,0,0,0,0,0,0
2256,CN119231862A,0,0,0,0,0,0,0,1,0,0,0,0,0,0,0,0,0
2257,CN119232366A,0,0,0,0,0,0,0,0,0,0,0,0,0,0,0,0,0
2258,CN119238531A,0,0,0,0,0,0,0,1,0,0,0,0,0,0,0,0,0
2259,CN119238533B,1,0,0,0,1,0,1,1,0,0,0,0,0,1,0,0,0
2260,CN119238572A,0,1,0,0,0,0,0,1,0,0,0,0,0,0,0,0,0
2261,CN119238574B,0,0,0,0,0,0,1,1,0,0,0,1,0,0,0,0,0
2262,CN119238600A,0,0,0,0,0,0,1,0,0,0,0,0,0,0,0,0,0
2263,CN119238612B,0,0,0,1,0,1,0,0,0,0,0,0,0,1,0,0,1
2264,CN119238613A,1,0,0,0,0,0,0,1,0,0,0,1,0,1,1,0,0
2265,CN119239194A,0,0,0,0,0,0,1,1,0,0,1,0,0,0,0,0,0
2266,CN119239198A,0,0,0,0,0,1,0,1,0,0,0,0,0,1,0,0,0
2267,CN119244710A,0,0,0,0,0,0,0,1,0,0,0,0,0,0,0,0,0
2268,CN119245629B,0,0,1,0,1,1,0,0,0,0,1,0,0,0,0,0,0
2269,CN119246127B,0,0,0,0,0,0,0,0,0,0,1,0,0,0,0,0,0
2270,CN119247776A,0,0,0,0,0,0,0,1,0,0,1,0,0,1,0,0,0
2272,CN119247954B,0,0,1,0,0,1,0,0,0,0,0,0,0,1,0,0,0
2273,CN119251744A,0,0,1,0,1,0,0,0,1,0,1,0,0,0,0,0,0
2274,CN119260728A,1,0,0,1,0,0,1,0,0,0,0,0,0,1,0,0,0
2275,CN119260745B,1,0,1,0,0,1,0,0,0,0,0,1,0,0,0,0,0
2276,CN119260746B,0,0,0,0,1,0,0,0,0,0,0,0,0,0,1,0,0
2277,CN119260802A,0,0,0,0,1,0,0,0,0,0,0,0,0,0,1,0,0
2278,CN119261457A,0,0,0,0,1,0,1,0,1,0,1,1,1,0,1,0,0
2279,CN119262120A,0,0,0,0,0,0,1,0,0,0,1,0,0,0,0,1,0
2280,CN119262243A,1,0,0,0,0,0,1,0,0,0,1,0,0,0,0,0,0
2281,CN119278119A,0,0,0,0,0,0,1,0,0,0,0,0,0,0,0,1,0
2283,CN119279308A,0,0,0,0,0,0,0,0,0,0,0,0,0,0,0,0,0
2284,CN119279556B,0,0,0,1,0,0,0,0,0,0,0,1,0,0,0,0,1
2286,CN119283010B,0,0,0,0,0,0,0,1,0,0,0,0,0,0,0,0,0
2287,CN119283017B,0,0,0,0,0,0,1,1,0,0,0,0,0,0,0,0,0
2289,CN119283031B,1,0,0,0,0,0,0,0,0,0,0,1,0,1,1,0,0
2290,CN119283060A,1,0,0,0,0,0,0,0,0,0,0,1,0,0,1,0,0
2291,CN119283063A,0,0,0,0,0,0,0,0,0,0,0,0,0,0,0,0,0
2292,CN119283074A,0,0,0,0,0,0,0,0,0,0,0,0,0,0,1,1,0
2293,CN119283081A,0,0,0,0,0,0,1,1,0,0,0,1,0,0,0,0,0
2294,CN119284001A,1,0,1,0,1,1,0,0,1,0,0,1,1,1,1,0,0
2295,CN119284790A,0,0,0,0,0,0,0,1,0,0,0,0,0,0,0,0,0
2296,CN119295512B,0,0,0,0,1,0,0,0,0,0,0,0,0,0,0,0,0
2297,CN119296103B,0,0,1,0,1,0,0,0,0,0,0,0,0,0,0,0,0
2298,CN119296296B,0,1,1,0,1,0,0,0,0,0,0,0,0,0,0,0,0
2299,CN119296441A,0,0,0,0,0,0,0,0,0,0,0,0,0,0,0,0,0
2300,CN119296874A,0,0,0,0,0,0,0,0,0,0,0,0,0,0,0,0,0
2301,CN119304860B,0,0,0,0,1,0,0,0,0,0,0,0,0,0,0,0,0
2302,CN119304903B,0,0,0,0,0,0,0,1,0,0,0,0,1,0,0,0,1
2303,CN119304904B,0,0,0,0,0,0,1,1,0,0,0,0,1,0,0,0,1
2304,CN119304909B,0,1,0,1,0,0,0,0,0,0,0,0,0,0,0,0,1
2305,CN119304922B,0,0,0,0,0,0,1,1,0,0,0,0,0,0,0,0,0
2306,CN119315483A,0,1,0,0,0,1,0,0,0,0,0,0,0,0,0,0,0
2308,CN119315673A,0,0,1,0,0,1,0,0,0,0,0,0,0,0,1,0,0
2309,CN119319565A,0,0,0,0,0,0,0,1,0,0,0,0,0,0,1,0,0
2310,CN119319573A,0,0,0,0,0,0,1,1,0,0,0,1,0,0,1,0,0
2311,CN119328730A,0,0,0,0,0,0,1,1,0,0,0,1,0,0,0,0,0
2312,CN119328810B,0,0,0,0,0,0,0,0,0,0,0,0,0,0,0,1,0
2313,CN119332384A,0,0,0,0,0,0,0,0,0,0,0,0,0,0,0,1,0
2314,CN119333534B,0,0,0,0,0,0,0,0,0,0,0,0,0,0,0,0,0
2315,CN119337586A,0,0,0,0,0,0,0,0,0,0,0,0,0,0,0,0,0
2316,CN119338153A,0,0,0,1,0,1,0,0,0,0,0,0,0,0,0,0,1
2317,CN119338662B,0,0,0,0,1,0,0,0,0,0,0,0,0,0,1,0,0
2318,CN119343726A,0,0,0,0,0,0,0,0,0,1,0,0,0,0,0,0,0
2319,CN119344733A,0,0,0,1,1,0,0,0,1,1,0,0,1,0,0,0,1
2320,CN119347772A,1,0,0,0,0,0,0,0,0,0,1,1,0,1,0,0,0
2321,CN119347773A,1,0,0,0,0,0,0,0,0,0,0,0,0,1,0,0,0
2322,CN119347801B,0,0,0,0,1,0,0,0,0,0,0,0,0,0,1,0,0
2323,CN119347820B,0,0,0,0,0,0,0,0,0,0,0,0,0,1,0,0,0
2324,CN119347830B,0,0,0,1,0,0,0,0,0,0,0,0,0,0,1,0,1
2325,CN119347845A,0,0,0,0,0,0,1,1,0,0,0,1,0,0,0,0,0
2326,CN119348737A,0,0,0,0,0,0,1,0,0,0,1,0,0,0,0,1,0
2327,CN119348738A,0,0,0,0,0,0,1,1,0,0,0,0,0,0,0,0,0
2328,CN119355695B,0,0,0,0,0,0,0,1,0,0,0,0,0,0,0,0,0
2329,CN119356318A,1,0,1,0,1,1,0,1,0,0,0,0,0,1,0,0,0
2330,CN119356343A,1,0,1,0,1,1,0,0,0,0,0,0,0,1,1,0,0
2331,CN119356561A,0,0,0,1,0,0,0,0,0,0,0,0,0,1,0,0,1
2332,CN119356834B,0,0,0,0,0,1,0,0,0,0,0,0,0,0,0,0,0
2333,CN119357684B,0,0,0,0,0,0,0,0,0,0,0,0,0,1,1,0,0
2334,CN119360364A,1,0,1,0,1,0,0,0,0,0,0,1,0,1,1,0,0
2335,CN119365297A,0,0,0,0,0,0,1,1,0,0,0,0,0,0,1,0,0
2336,CN119365931A,0,0,0,0,1,0,0,0,0,1,0,0,0,0,0,0,0
2337,CN119369399A,0,0,1,0,0,0,0,0,0,0,0,0,0,0,0,0,0
2338,CN119369404A,1,0,0,0,1,0,0,0,0,0,0,0,0,0,0,0,0
2339,CN119369412B,0,0,1,1,1,0,0,0,0,0,0,0,0,0,0,0,1
2340,CN119369432B,0,0,0,0,0,0,1,1,0,0,0,0,1,0,0,0,1
2341,CN119369439A,0,0,0,0,0,0,1,1,0,0,0,0,0,0,1,1,0
2342,CN119369450A,0,0,0,0,0,0,1,1,0,0,0,0,0,1,1,0,0
2343,CN119373842A,0,0,0,0,0,0,0,0,0,0,0,0,0,0,0,1,0
2344,CN119375832A,0,0,0,0,0,0,0,0,0,0,0,0,0,0,0,0,0
2345,CN119376423B,1,0,0,0,0,1,0,0,0,0,0,0,0,0,0,0,0
2346,CN119384341A,0,0,0,0,0,0,1,0,0,0,0,1,0,0,0,1,0
2348,CN119388393A,0,0,1,0,1,0,1,0,1,0,0,1,1,0,0,0,0
2349,CN119388396A,0,0,0,0,0,0,1,0,0,0,0,0,0,0,0,1,0
2350,CN119388468B,0,0,0,0,0,0,0,1,0,0,0,0,0,0,1,0,0
2351,CN119388470B,0,0,0,1,0,0,0,1,0,0,0,0,0,0,1,0,1
2352,CN119388472B,0,0,0,0,0,0,0,1,0,0,0,0,0,0,1,0,0
2353,CN119388476A,0,0,0,0,0,0,1,1,0,0,0,0,0,0,0,0,0
2354,CN119388477B,0,0,0,0,0,0,1,1,0,0,0,0,0,0,0,0,0
2355,CN119388478A,0,0,0,0,0,0,1,1,0,0,0,1,0,0,1,0,0
2356,CN119389326B,0,0,0,0,0,0,1,1,0,0,1,0,0,0,0,0,0
2357,CN119391115A,0,0,0,0,0,0,0,0,1,0,0,0,0,0,0,0,0
2359,CN119393488A,0,0,0,0,0,0,1,0,0,0,0,0,0,0,0,0,0
2360,CN119393497A,0,0,0,0,0,0,0,0,0,0,0,0,0,0,0,0,0
2361,CN119396024A,1,0,0,0,0,0,0,0,0,0,0,0,0,1,0,0,0
2362,CN119398178A,0,0,0,1,0,0,0,0,0,0,0,0,0,1,0,0,1
2363,CN119407752B,1,0,0,0,0,0,0,1,0,1,0,0,0,1,0,0,0
2364,CN119407779A,0,0,0,1,0,1,0,0,0,0,0,0,0,1,0,1,1
2365,CN119407787B,1,0,0,0,0,0,0,1,0,0,0,1,0,1,0,0,0
2366,CN119407791B,1,0,0,0,0,1,0,0,0,0,0,1,0,0,0,0,0
2367,CN119407801B,1,0,1,0,1,0,0,0,0,0,1,1,0,1,1,0,0
2368,CN119407816A,0,0,0,0,1,0,0,0,1,0,0,1,0,0,1,0,0
2369,CN119407819B,0,0,0,0,0,0,1,1,0,0,0,1,0,0,1,0,0
2370,CN119407820B,0,0,0,0,0,0,1,1,0,0,0,1,0,0,0,0,0
2371,CN119407822A,0,0,0,0,0,0,1,0,0,0,0,0,0,0,1,0,0
2373,CN119407835B,0,0,0,0,0,0,1,1,0,0,0,0,0,0,0,0,0
2374,CN119407836A,0,0,0,0,0,0,1,1,0,0,0,0,0,0,0,0,0
2375,CN119407843B,0,0,0,0,1,0,0,0,1,0,0,0,0,0,0,0,0
2376,CN119408629A,1,0,0,0,0,0,1,1,0,0,1,0,0,0,0,0,0
2377,CN119411032A,0,0,0,0,0,0,0,0,0,0,0,0,0,0,0,0,0
2378,CN119412476A,0,0,0,0,0,0,1,0,0,0,0,0,0,0,0,0,0
2379,CN119416153B,1,0,1,1,1,0,0,0,1,0,0,0,0,1,0,0,1
2380,CN119427324B,1,0,0,1,1,0,0,0,0,0,0,1,0,1,1,0,1
2381,CN119427359A,0,0,0,0,1,0,0,1,0,0,0,0,0,0,1,0,0
2382,CN119427360B,1,0,0,0,0,0,0,0,0,0,0,0,0,1,0,0,0
2383,CN119427376B,0,0,0,0,0,0,0,1,0,0,0,0,0,0,1,0,0
2385,CN119427395B,0,0,0,0,0,0,1,1,0,0,0,0,0,0,0,0,0
2386,CN119427396B,0,0,0,0,0,0,1,0,0,0,0,0,0,0,0,0,0
2387,CN119427397B,0,0,0,0,0,0,1,1,0,0,0,1,0,0,0,0,0
2388,CN119427421A,0,0,0,0,0,0,1,0,0,0,0,1,0,0,1,0,0
2389,CN119428907B,0,0,0,0,0,0,1,0,0,0,1,0,0,0,0,0,0
2390,CN119428908B,0,0,0,0,0,0,1,1,0,0,1,0,0,0,0,0,0
2391,CN119435674A,0,0,0,0,0,0,1,0,0,0,0,0,0,0,0,1,0
2392,CN119439737A,0,0,0,0,0,1,0,0,0,0,0,0,0,1,0,0,0
2393,CN119445277A,0,0,0,0,1,0,0,0,0,0,0,0,0,0,0,0,0
2394,CN119452819A,0,0,0,0,0,0,0,0,0,0,0,0,0,0,0,0,0
2395,CN119458313A,1,0,0,0,0,0,0,1,0,0,0,1,0,0,1,0,0
2396,CN119458321B,0,0,0,0,0,0,0,1,0,0,0,1,0,1,1,0,0
2397,CN119458361A,0,0,0,0,0,0,0,1,0,0,0,0,0,1,0,1,0
2398,CN119458364A,0,0,1,0,1,1,0,0,0,0,0,1,0,0,1,0,0
2399,CN119458389B,0,0,0,0,0,0,0,1,0,0,0,0,0,1,1,0,0
2400,CN119458407A,0,0,0,0,1,1,0,0,0,0,0,0,0,0,0,0,1
2401,CN119458413B,0,0,0,0,0,0,1,1,0,0,0,1,0,0,0,0,0
2402,CN119458415B,0,0,0,0,0,0,0,0,0,0,0,0,0,1,1,0,0
2403,CN119458416B,0,0,0,0,0,0,1,1,0,0,1,0,0,0,0,0,0
2404,CN119458425B,0,0,0,0,0,0,1,1,0,0,0,1,0,0,0,0,0
2405,CN119458426B,0,0,0,0,0,0,1,0,0,0,0,0,0,0,1,1,0
2407,CN119458427B,0,0,0,0,0,0,1,1,0,0,0,0,0,0,1,0,0
2408,CN119458445B,0,0,0,0,0,0,1,1,0,0,0,0,0,0,0,0,0
2409,CN119458447A,0,0,0,0,0,0,1,1,0,0,0,1,0,0,0,0,0
2410,CN119458468A,0,0,0,0,0,0,1,1,0,0,0,0,0,0,0,0,0
2411,CN119459919A,0,0,0,0,0,0,0,0,0,0,1,0,0,1,0,0,0
2412,CN119459921B,0,0,0,0,0,0,1,1,0,0,1,0,0,0,0,0,0
2413,CN119459922A,0,0,0,0,0,0,1,1,0,0,1,0,0,0,0,0,0
2414,CN119459926A,0,0,0,0,0,0,1,1,0,0,1,0,0,0,0,0,0
2415,CN119459927B,0,0,0,0,0,0,1,1,0,0,1,0,0,0,0,0,0
2416,CN119459928B,0,0,0,0,0,0,1,1,0,0,1,0,0,0,0,0,0
2417,CN119459929B,0,0,0,0,0,0,1,1,0,0,1,0,0,0,0,0,0
2418,CN119459930B,0,0,0,0,0,0,1,1,0,0,1,0,0,0,0,0,0
2419,CN119459931B,0,0,0,0,0,0,1,1,0,0,1,0,0,0,0,0,0
2420,CN119464973B,0,0,0,0,0,0,0,0,0,0,0,0,0,0,0,0,0
2421,CN119465057A,0,0,0,0,0,0,0,0,0,0,0,0,0,0,0,0,0
2422,CN119467640A,0,0,0,0,0,0,1,0,0,0,0,0,0,0,0,0,0
2423,CN119472340B,0,0,1,0,0,1,0,0,0,0,0,0,0,1,0,0,0
2424,CN119472635B,1,0,1,1,1,1,0,0,0,1,0,0,0,1,0,0,1
2425,CN119473918A,0,0,0,0,0,0,0,0,0,0,0,0,0,1,0,0,0
2426,CN119474892B,0,0,0,1,0,0,0,0,0,0,0,0,0,0,1,0,1
2427,CN119476302A,0,0,1,1,1,0,0,0,0,0,0,0,0,1,0,0,1
2428,CN119478439B,0,0,1,0,1,0,0,0,0,0,0,0,0,0,0,0,0
2430,CN119478953A,0,0,0,0,1,0,0,0,0,0,0,0,0,0,0,0,0
2431,CN119483101B,0,0,0,0,0,0,1,1,0,0,0,0,0,0,0,0,0
2433,CN119489449A,0,0,0,0,0,0,0,1,0,0,0,0,0,0,1,0,0
2434,CN119489458A,0,0,0,0,0,0,0,1,0,0,0,0,0,0,0,0,0
2435,CN119489881A,0,0,0,0,0,0,1,0,0,0,1,0,0,0,0,0,0
2436,CN119494867A,0,0,0,0,1,0,0,0,0,0,0,0,0,0,0,0,0
2437,CN119496030B,0,0,0,0,0,0,0,0,0,0,0,0,0,0,0,0,0
2438,CN119497705A,0,0,0,0,0,0,0,0,0,0,0,0,0,0,0,0,0
2439,CN119498844A,0,0,0,1,1,0,0,0,0,0,0,0,0,0,0,0,1
2440,CN119501937A,1,0,0,0,0,0,0,0,0,0,0,0,0,0,0,0,0
2441,CN119501953B,0,0,0,1,1,0,0,1,1,0,0,0,1,0,0,0,1
2442,CN119501971A,0,0,0,0,0,0,0,0,0,0,0,0,1,0,0,0,0
2443,CN119501973B,0,0,0,0,0,0,0,0,0,0,0,0,1,0,0,0,0
2444,CN119501982B,0,0,0,0,0,0,1,0,0,0,0,0,0,0,1,1,0
2445,CN119501994B,0,0,0,0,0,0,1,0,0,0,0,0,0,0,0,1,0
2446,CN119501999A,0,1,0,0,0,0,1,1,0,0,0,0,0,0,0,0,0
2449,CN119502010A,0,0,0,0,0,0,0,1,0,0,0,1,0,0,1,0,0
2450,CN119502385A,0,0,0,0,1,0,0,1,0,0,0,0,0,0,0,0,0
2451,CN119503046B,0,0,0,0,0,0,1,1,0,0,1,0,0,0,0,0,0
2452,CN119505167A,0,0,0,0,0,0,0,0,0,0,0,0,0,0,0,0,0
2453,CN119508474A,0,0,0,0,0,0,0,0,0,0,0,0,0,0,0,0,0
2454,CN119512149A,0,0,0,0,0,1,0,0,0,0,0,0,0,0,0,0,0
2455,CN119512562A,0,0,0,1,0,0,0,0,0,0,0,0,0,0,0,0,1
2456,CN119512971B,0,0,0,0,1,0,0,0,0,0,0,0,0,0,0,0,0
2457,CN119513857A,0,0,0,0,0,0,0,0,0,0,0,0,0,0,0,0,0
2458,CN119526414B,1,0,0,0,0,0,0,0,0,0,0,0,0,1,0,0,0
2459,CN119526454B,0,0,0,0,0,0,1,1,0,0,0,0,0,0,1,0,0
2460,CN119526470A,0,0,0,0,0,0,1,1,0,0,0,0,0,0,0,0,0
2461,CN119526471A,0,0,0,0,0,0,1,1,0,0,0,0,0,0,1,0,0
2462,CN119526482B,0,0,0,0,0,0,0,1,0,0,0,0,0,0,0,0,0
2463,CN119529454A,0,0,0,0,0,0,0,0,0,1,0,0,0,0,0,0,0
2465,CN119533462B,0,0,0,0,0,0,0,0,0,0,0,0,0,1,0,1,0
2466,CN119533638B,0,0,1,0,0,0,0,0,0,0,0,0,0,0,0,0,0
2467,CN119533742B,0,0,0,0,0,0,0,0,0,0,0,0,0,0,0,0,0
2468,CN119536017B,0,0,1,0,1,1,0,0,0,0,0,0,0,1,0,0,0
2469,CN119536080B,0,0,1,0,0,1,0,0,0,0,0,0,0,1,0,0,0
2470,CN119536221A,0,0,0,0,1,1,0,0,0,0,0,0,0,0,0,0,0
2471,CN119550314A,0,0,0,0,0,0,0,0,0,0,0,1,0,0,1,0,0
2472,CN119550334B,0,0,0,0,0,0,0,1,0,0,0,0,0,1,0,0,0
2473,CN119550346A,0,0,0,0,1,0,0,1,0,0,0,1,0,0,1,1,0
2474,CN119550348B,0,0,0,0,0,0,0,0,0,0,0,0,0,1,0,0,0
2475,CN119550364B,0,0,0,0,0,0,1,1,0,0,1,0,0,0,0,0,0
2476,CN119550365B,0,0,0,0,0,0,1,1,0,0,0,0,0,0,0,0,0
2477,CN119550398B,0,0,1,0,1,0,0,0,1,0,0,0,1,0,0,0,0
2478,CN119551093A,0,0,0,0,0,0,0,1,0,0,0,0,0,0,1,0,0
2480,CN119551095A,1,0,0,0,0,0,1,1,0,0,1,0,0,0,0,1,0
2482,CN119551096B,1,0,0,0,0,0,1,0,0,0,1,0,0,0,0,0,0
2483,CN119555243B,0,0,0,0,0,0,0,0,0,0,0,0,0,0,1,0,0
2484,CN119556555B,0,0,0,0,0,1,0,1,0,0,0,0,1,1,0,0,0
2485,CN119556699A,0,0,1,0,0,1,0,0,0,0,0,0,0,0,0,0,0
2486,CN119557831A,0,0,0,1,1,0,0,0,0,0,0,0,0,0,0,0,1
2487,CN119560712A,0,0,0,0,0,0,0,0,0,0,0,0,0,0,0,0,0
2488,CN119567234A,0,0,0,0,0,0,0,0,0,0,0,1,0,1,0,1,0
2489,CN119567244A,0,0,0,1,0,0,0,0,1,0,0,0,1,0,0,0,1
2490,CN119567289A,0,0,0,0,0,0,1,1,0,0,0,0,0,0,0,0,0
2491,CN119567290A,0,0,0,0,0,0,1,1,1,0,0,0,1,0,0,0,0
2492,CN119567291A,0,0,0,0,0,0,1,1,0,0,0,0,1,0,0,0,0
2493,CN119567299B,0,0,0,0,0,0,1,1,0,0,0,0,0,0,1,1,0
2494,CN119567809A,0,0,0,0,1,0,0,0,0,0,0,0,0,0,0,0,0
2496,CN119568308A,1,0,0,0,0,0,1,1,0,0,1,0,0,0,0,0,0
2497,CN119573730A,0,0,1,0,1,1,0,0,0,0,0,0,0,0,0,0,0
2498,CN119573929B,0,0,0,0,0,0,0,0,0,0,0,0,0,0,1,0,0
2499,CN119575806A,1,0,0,0,0,0,0,1,0,0,1,0,0,1,0,0,0
2500,CN119575810B,1,0,0,0,0,0,0,0,0,0,1,0,0,1,0,0,0
2501,CN119577988A,1,0,0,0,0,0,1,1,0,0,0,0,0,1,0,0,0
2502,CN119582490A,0,0,0,0,0,0,0,1,0,0,0,0,0,0,0,0,0
2503,CN119582659A,0,0,0,0,0,0,0,1,0,0,0,0,0,0,0,0,0
2504,CN119584068A,0,0,0,0,0,0,0,0,0,0,0,0,0,0,0,0,0
2505,CN119584184A,0,0,0,0,0,0,0,0,0,0,0,0,0,0,0,0,0
2506,CN119585638A,0,0,0,0,0,0,0,0,0,0,0,0,0,0,0,0,0
2507,CN119589682A,0,0,1,0,0,1,0,1,0,0,0,0,0,0,1,0,0
2508,CN119589683A,0,0,0,0,0,0,1,1,0,0,1,0,0,0,0,0,0
2509,CN119589687B,0,0,0,0,0,0,1,1,0,0,0,1,0,0,0,0,0
2510,CN119589694B,0,0,1,0,1,0,0,0,1,0,1,0,1,1,0,0,0
2511,CN119596675A,0,0,1,0,0,1,0,1,0,0,0,0,0,0,0,0,0
2513,CN119596750B,0,0,0,1,0,0,0,0,0,0,1,0,0,0,0,0,1
2514,CN119601366A,0,0,0,0,0,0,0,0,0,0,0,0,0,0,0,0,0
2516,CN119602544B,0,0,0,0,0,0,1,1,0,0,0,0,0,0,0,0,0
2517,CN119602556A,0,0,0,0,0,0,1,1,0,0,0,0,0,0,0,0,0
2518,CN119610043A,1,0,0,0,0,0,1,1,0,0,0,1,1,1,0,0,0
2519,CN119610066A,1,0,0,1,0,0,1,0,0,0,0,1,0,0,0,0,1
2520,CN119610069B,0,0,0,0,0,0,1,0,0,0,1,1,0,0,0,0,0
2521,CN119610085B,1,0,1,0,0,0,0,0,0,0,0,1,0,1,0,0,0
2522,CN119610090B,0,0,1,1,1,0,0,0,0,0,0,0,0,0,0,0,1
2523,CN119610091B,0,0,0,0,0,1,0,0,0,0,1,0,0,1,0,0,0
2524,CN119610104B,1,0,0,0,1,0,0,0,1,0,0,1,0,0,1,0,0
2525,CN119610111B,0,0,0,0,1,0,0,0,0,0,0,0,0,1,1,0,0
2527,CN119610112B,1,0,1,0,1,1,0,1,0,0,0,0,0,1,0,0,0
2528,CN119610115B,0,0,0,0,0,0,0,1,0,0,0,0,0,1,1,0,0
2529,CN119610127A,1,0,1,0,1,1,0,0,0,0,0,1,0,1,0,0,0
2530,CN119610136B,0,0,0,0,0,0,0,0,0,0,0,0,0,1,0,0,0
2531,CN119610200A,0,0,0,0,0,0,1,0,0,0,0,0,0,0,0,1,0
2532,CN119610201A,0,0,0,0,0,0,1,1,0,0,0,0,0,0,0,1,0
2534,CN119610203A,0,0,0,0,0,0,1,1,0,0,0,0,0,0,0,0,0
2535,CN119610206A,0,0,0,0,0,0,1,1,0,0,0,0,0,0,0,0,0
2536,CN119610215A,0,0,0,0,0,0,1,1,0,0,0,0,0,0,0,1,0
2537,CN119610224A,0,0,0,0,0,0,1,1,0,0,0,0,1,1,0,0,0
2539,CN119612094B,0,0,1,0,1,1,0,1,0,0,0,0,0,1,1,0,0
2540,CN119617079A,0,0,0,0,0,0,0,1,0,0,0,0,0,0,0,0,0
2541,CN119620618B,1,0,0,0,0,1,0,0,0,0,1,0,0,1,0,0,0
2542,CN119625052A,0,0,0,0,1,0,0,0,0,0,0,0,0,0,1,0,0
2543,CN119628313A,0,0,0,0,0,0,1,1,0,0,0,0,0,0,0,0,0
2544,CN119635588A,0,0,0,0,1,1,0,0,0,1,0,0,0,0,1,0,0
2545,CN119635621B,1,0,0,0,0,0,1,0,0,0,1,1,0,1,1,0,0
2546,CN119635625B,1,0,0,0,0,0,0,1,0,0,0,0,0,1,0,0,0
2547,CN119635672B,0,0,0,0,0,0,0,1,0,0,0,1,0,1,1,0,0
2548,CN119635709A,0,0,0,0,0,0,1,1,0,0,0,0,0,0,0,1,0
2549,CN119635716A,0,0,0,0,0,0,0,0,0,0,0,0,0,0,0,0,0
2550,CN119635720A,0,0,0,0,0,0,1,1,0,0,0,0,0,0,0,0,0
2551,CN119636944A,0,0,0,0,0,0,1,0,0,0,1,0,0,0,0,0,0
2552,CN119642688A,0,0,0,0,0,0,1,0,0,0,0,0,0,0,0,1,0
2553,CN119644826B,0,0,0,0,0,0,0,0,0,0,1,0,0,1,0,0,0
2554,CN119644827B,0,0,1,0,0,0,0,0,0,0,0,0,0,1,0,0,0
2555,CN119647914B,0,0,1,0,0,0,0,0,0,0,0,0,0,1,0,0,0
2556,CN119649259A,0,0,0,0,1,0,0,0,0,0,0,0,0,0,0,0,0
2557,CN119651996B,0,0,0,0,0,0,0,1,0,0,0,0,0,0,1,0,0
2559,CN119658656A,0,0,1,0,1,1,0,0,1,0,1,1,1,1,1,0,0
2560,CN119658660B,0,0,0,0,0,0,0,1,0,0,0,0,0,0,1,0,0
2561,CN119658696A,0,0,0,0,0,0,0,0,0,0,0,0,0,1,0,0,0
2562,CN119658724A,0,0,0,1,0,0,0,0,0,0,0,0,0,0,1,0,1
2563,CN119658740A,0,0,0,0,0,0,1,1,0,0,0,1,0,0,0,0,0
2564,CN119658741A,0,0,0,0,0,0,1,1,0,0,0,0,0,0,0,1,0
2565,CN119658746A,0,0,0,0,0,0,1,0,0,0,0,0,0,0,0,0,0
2566,CN119659793A,0,0,0,0,0,1,1,0,0,0,1,0,0,0,0,0,0
2567,CN119659798A,0,0,0,0,0,0,1,1,0,0,1,0,0,0,0,1,0
2569,CN119659801A,0,0,0,0,0,0,1,0,0,0,1,0,0,0,0,0,0
2570,CN119659802A,0,0,0,0,0,0,1,0,0,0,1,0,0,0,0,0,0
2571,CN119659803A,0,0,0,0,0,0,1,0,0,0,1,0,0,0,0,0,0
2572,CN119664856A,0,0,0,0,0,0,1,0,0,0,0,0,0,0,0,0,0
2573,CN119664865A,0,0,0,0,0,0,0,0,0,0,0,0,0,0,0,0,0
2575,CN119666300B,0,0,0,0,0,0,0,1,0,0,0,0,0,0,0,0,0
2576,CN119668892A,0,0,0,0,0,0,0,0,0,0,0,0,0,1,0,0,0
2577,CN119669776A,0,0,0,0,0,0,0,0,0,0,0,0,0,1,0,0,0
2579,CN119670366A,0,0,0,0,0,0,0,0,0,0,0,0,0,0,0,0,0
2580,CN119672018B,0,0,0,0,1,0,0,0,0,0,0,0,0,0,0,0,0
2581,CN119672114B,0,0,1,0,1,0,0,0,1,0,0,0,0,0,0,0,0
2582,CN119672117B,0,0,1,0,1,0,0,0,0,0,0,0,0,0,0,0,1
2584,CN119672786A,0,0,0,0,1,0,0,0,0,0,0,0,0,0,0,0,0
2585,CN119673647A,0,0,0,0,0,0,0,0,0,0,0,0,0,0,0,0,0
2587,CN119675500A,0,0,0,0,0,0,1,1,0,0,0,0,0,0,0,0,0
2588,CN119681858A,1,0,0,0,0,0,1,0,0,0,1,1,0,0,0,0,0
2589,CN119681877B,1,0,0,0,0,0,0,1,0,0,0,1,0,1,0,0,0
2590,CN119681883B,0,0,0,0,0,0,1,1,0,0,0,0,0,0,0,0,0
2591,CN119681884B,0,0,0,0,0,0,0,1,0,0,0,0,0,1,0,0,0
2592,CN119681953A,0,0,0,0,0,0,1,1,0,0,0,0,0,0,0,0,0
2593,CN119681954B,0,0,0,0,0,0,1,1,0,0,0,0,0,0,0,1,0
2594,CN119682877A,0,0,0,0,0,0,1,0,0,0,1,0,0,0,0,0,0
2595,CN119682878A,0,0,0,0,0,0,1,1,0,0,1,0,0,0,0,0,0
2596,CN119687918A,0,0,1,0,1,1,0,0,0,0,0,0,0,0,0,0,0
2597,CN119689892A,0,0,0,0,1,0,0,1,0,0,0,0,1,0,0,0,0
2598,CN119691170A,0,0,0,0,0,0,0,0,0,0,0,0,0,0,0,0,0
2599,CN119692106B,0,0,0,0,0,0,0,0,0,0,0,0,0,0,0,0,0
2600,CN119692470A,0,0,1,0,0,0,0,0,0,0,0,0,0,0,0,0,0
2601,CN119693467A,0,0,0,0,1,0,0,0,1,0,0,0,0,0,0,0,0
2602,CN119701376A,0,0,0,1,0,0,0,0,0,0,0,0,0,0,0,0,1
2604,CN119704166A,0,0,0,0,0,0,1,0,0,0,0,0,0,0,0,1,0
2605,CN119704205B,0,0,0,0,0,0,0,1,0,0,0,1,0,1,0,0,0
2607,CN119704212A,0,0,0,0,0,0,1,1,0,0,1,0,0,0,0,0,0
2608,CN119704248A,0,0,0,0,0,0,1,1,0,0,0,0,0,0,0,0,0
2609,CN119705667B,0,0,0,0,0,0,1,1,0,0,1,0,0,0,0,0,0
2610,CN119705668B,0,0,0,0,0,0,1,0,0,0,1,0,0,0,0,1,0
2611,CN119705670A,0,0,0,0,0,0,1,0,0,0,1,0,0,0,0,0,0
2613,CN119706723A,0,0,1,0,1,1,0,0,1,0,1,1,1,0,1,0,0
2614,CN119714295A,0,0,1,0,0,1,0,0,0,0,0,0,0,0,0,0,0
2615,CN119717618B,1,1,0,0,0,0,0,0,0,0,0,0,0,1,0,0,0
2616,CN119718641A,0,0,0,0,0,0,0,0,0,0,0,0,0,0,0,0,0
2617,CN119724894A,0,0,0,0,0,0,0,0,0,0,0,0,0,0,0,0,0
2619,CN119727174A,0,0,0,0,0,0,0,1,0,0,0,0,0,0,0,0,0
2620,CN119727222A,0,0,0,0,0,0,0,1,0,0,0,0,0,0,0,0,0
2621,CN119731609A,0,0,1,0,1,1,0,0,0,0,0,0,0,0,0,0,0
2622,CN119732250A,0,0,0,0,0,0,0,0,0,0,0,0,0,0,0,0,0
2623,CN119734270A,0,0,0,0,0,0,0,1,0,0,0,0,0,0,0,0,0
2624,CN119734292A,0,0,0,0,0,0,1,1,0,0,0,0,0,0,0,0,0
2625,CN119734769A,0,0,0,0,0,0,1,0,0,0,1,0,0,0,0,0,0
2626,CN119734771A,0,0,0,0,0,0,1,0,0,0,1,0,0,0,0,0,0
2627,CN119734772A,0,0,0,0,0,0,1,0,0,0,1,0,0,0,0,1,0
2628,CN119737946A,0,0,1,0,1,1,0,0,0,0,0,0,0,0,0,0,0
2629,CN119739172A,0,0,1,1,0,0,0,0,0,0,0,0,0,1,0,0,1
2630,CN119739880B,0,0,0,1,0,0,0,0,0,0,0,0,0,0,0,0,1
2631,CN119740601B,0,0,1,0,0,0,0,0,0,0,0,0,0,0,0,0,0
2632,CN119741172A,0,0,0,1,0,0,0,0,0,0,0,0,0,0,0,0,1
2634,CN119741566B,0,0,0,0,1,0,0,0,0,0,0,0,0,0,0,0,0
2635,CN119746319A,0,1,1,0,1,0,0,0,0,0,1,1,0,0,0,0,0
2636,CN119747337A,0,0,0,0,0,0,0,1,0,0,0,0,0,0,0,0,0
2637,CN119748429B,1,0,0,0,1,0,0,0,0,0,0,1,0,1,0,0,0
2638,CN119748443A,0,0,0,1,0,0,0,0,0,0,0,0,0,1,0,0,1
2639,CN119748447B,0,0,0,0,0,0,0,0,0,0,0,0,0,1,0,0,0
2640,CN119748486B,0,0,0,0,0,0,0,1,0,0,0,0,0,0,1,0,0
2641,CN119748489A,0,0,0,0,0,0,1,0,0,0,0,0,0,0,1,0,0
2642,CN119748499B,0,0,0,0,0,0,1,0,0,0,0,0,0,0,0,1,0
2643,CN119748502A,0,0,0,0,0,0,1,1,0,0,0,0,0,0,0,0,0
2644,CN119748504A,0,0,0,0,0,0,1,0,0,0,0,0,0,0,0,0,0
2645,CN119748505A,0,0,0,0,0,0,1,1,0,0,0,0,0,0,0,0,0
2646,CN119748507A,0,0,0,0,0,0,1,1,0,0,0,1,0,0,0,0,0
2649,CN119748508A,0,0,0,1,1,0,0,0,0,0,0,0,0,0,0,0,1
2651,CN119749740B,0,0,0,0,0,0,1,1,0,0,1,0,0,0,0,0,0
2652,CN119749742B,0,0,0,0,0,0,1,0,0,0,1,0,0,0,0,0,0
2653,CN119755289A,0,0,0,0,0,0,0,0,0,0,0,0,0,0,0,0,0
2654,CN119756641A,0,0,0,0,0,0,0,0,0,0,0,0,0,0,0,0,0
2655,CN119761921B,0,0,0,0,0,0,1,0,0,0,0,0,0,0,0,0,0
2656,CN119763565A,0,0,0,1,0,0,0,0,0,0,0,0,0,0,0,0,1
2657,CN119764042A,0,0,0,0,0,0,0,0,0,0,0,0,0,0,0,0,0
2658,CN119765845A,0,0,0,0,0,0,0,1,0,0,0,0,0,0,0,0,0
2659,CN119766366B,0,0,0,1,0,0,0,0,0,0,0,0,0,1,0,0,1
2660,CN119770042A,0,0,0,0,1,0,0,0,0,1,0,0,0,0,1,0,0
2661,CN119770180B,0,0,0,1,1,1,0,0,0,1,0,0,0,0,1,0,1
2662,CN119772859A,1,0,0,0,0,0,1,1,0,0,0,1,0,0,0,0,0
2663,CN119772874A,0,0,1,0,1,1,0,0,1,0,0,0,0,1,1,0,0
2665,CN119772878B,0,0,0,0,0,1,0,0,0,0,1,0,0,0,0,0,0
2666,CN119772880B,0,0,1,0,1,1,0,0,0,0,0,0,0,0,0,0,0
2667,CN119772884A,0,0,0,1,0,0,1,1,0,0,0,0,0,0,0,1,1
2668,CN119772898B,1,0,0,0,1,0,0,0,0,0,0,0,0,1,0,0,0
2669,CN119772908B,0,0,1,0,1,0,0,0,0,0,0,0,0,1,0,0,0
2670,CN119772918A,0,0,0,0,0,0,1,0,0,0,0,0,0,0,0,1,0
2671,CN119772925B,0,0,0,0,0,0,1,1,0,0,0,0,0,0,1,0,0
2672,CN119772937A,0,0,0,0,0,0,1,1,0,0,0,0,0,0,0,1,0
2675,CN119772944A,0,0,0,0,0,0,1,1,0,0,1,0,0,0,0,0,0
2676,CN119780933A,0,0,0,0,0,0,0,0,0,0,0,0,0,0,0,0,0
2677,CN119780934A,0,0,0,0,0,0,0,0,0,0,0,0,0,0,0,0,0
2678,CN119781513A,1,0,0,0,0,1,0,0,0,0,1,0,0,1,0,0,0
2679,CN119783538A,0,0,1,0,0,0,0,0,0,0,0,0,0,0,0,0,0
2680,CN119785055A,0,0,1,0,1,0,0,0,0,0,0,0,0,0,0,0,0
2682,CN119787728B,0,0,0,0,0,0,0,1,0,0,0,0,0,0,0,0,0
2684,CN119787757B,0,0,0,0,0,0,1,1,0,0,0,0,0,0,0,1,0
2685,CN119792024A,0,0,0,0,0,0,0,0,0,1,0,0,0,0,0,0,0
2686,CN119792025A,0,0,0,0,0,0,0,1,0,1,0,0,0,0,1,0,0
2687,CN119795156A,1,0,0,0,0,1,0,0,0,0,0,0,0,1,0,0,0
2688,CN119795167A,1,0,0,0,0,0,0,0,0,0,0,0,0,1,0,0,0
2689,CN119795182A,1,0,0,0,0,0,0,0,0,0,0,0,0,1,0,0,0
2691,CN119795192A,0,0,1,0,1,0,0,0,0,0,0,0,0,0,0,0,0
2692,CN119795211B,0,0,0,0,0,0,0,0,0,0,0,0,1,0,0,0,1
2693,CN119795222A,0,0,0,0,0,0,0,1,0,0,0,0,0,0,1,0,0
2694,CN119795223B,0,0,0,0,0,0,1,1,0,0,0,0,0,0,1,0,0
2695,CN119795233A,0,0,0,0,0,0,1,1,0,0,0,0,0,0,1,0,0
2696,CN119795239A,0,0,0,0,0,0,1,1,0,0,0,0,0,0,1,0,0
2697,CN119795248A,0,0,0,0,0,0,1,1,0,0,0,0,0,0,0,0,0
2698,CN119795249A,0,0,0,0,0,0,0,1,0,0,0,0,0,1,0,0,0
2699,CN119796374A,0,1,0,0,0,0,0,0,0,0,0,0,0,0,0,0,0
2700,CN119803276A,0,0,0,0,0,0,0,0,0,0,0,0,0,0,1,0,0
2701,CN119803446B,0,0,1,0,1,0,0,0,0,0,0,0,1,0,0,0,0
2702,CN119803536B,0,0,0,0,0,1,0,0,0,0,0,0,0,1,0,0,0
2703,CN119805916B,0,0,0,0,0,0,0,1,0,0,0,0,0,1,0,0,0
2705,CN119806159B,0,0,1,0,1,1,0,0,0,0,0,0,0,1,0,0,0
2706,CN119807417A,0,0,0,0,0,0,0,0,0,0,0,0,0,0,0,0,0
2707,CN119810317A,0,0,1,0,1,0,0,0,0,0,0,0,0,0,0,0,0
2708,CN119816794A,0,0,1,0,1,1,0,0,0,0,0,0,0,0,0,0,0
2709,CN119820272A,0,0,0,0,0,0,0,0,0,0,0,0,0,0,1,0,0
2710,CN119820548B,0,0,0,0,0,0,1,1,0,0,0,0,0,0,0,1,0
2711,CN119820550A,0,0,0,0,0,0,1,1,0,0,0,0,0,0,0,0,0
2712,CN119820572A,0,0,0,0,0,0,0,1,0,0,0,0,0,1,1,0,0
2713,CN119820582B,0,0,0,1,0,0,0,0,0,0,0,0,0,1,0,0,1
2714,CN119820583B,1,0,0,1,0,0,0,0,0,0,0,0,0,0,0,0,1
2715,CN119820584B,0,0,1,0,0,1,0,0,0,0,0,0,0,1,0,0,0
2716,CN119820602B,0,0,0,1,0,0,0,0,0,0,0,0,0,1,0,0,1
2717,CN119820616A,0,0,0,0,0,0,0,0,0,0,0,0,0,0,1,0,0
2718,CN119820619A,0,0,0,0,0,0,1,1,0,0,0,0,0,0,0,0,0
2719,CN119821541A,0,0,0,0,0,0,1,0,0,0,1,0,0,0,0,0,0
2720,CN119825884B,0,0,0,0,0,0,0,0,0,0,0,0,0,0,0,0,0
2721,CN119828688A,1,0,0,0,0,1,0,0,0,0,1,0,0,1,0,0,0
2722,CN119828757B,0,0,1,0,0,1,0,0,0,0,0,0,0,1,0,0,0
2723,CN119830944B,0,0,0,0,0,0,1,0,0,0,0,0,0,1,0,0,0
2724,CN119830945B,0,0,0,0,1,0,0,0,0,0,0,0,1,1,0,0,1
2725,CN119830993B,0,0,0,0,1,0,0,0,0,0,0,0,0,0,0,0,0
2726,CN119831821B,0,0,0,0,1,0,0,0,0,0,0,0,0,1,1,0,0
2727,CN119835056A,0,0,0,1,0,0,0,0,0,0,0,0,0,0,0,0,1
2728,CN119839801A,0,0,0,0,0,0,0,0,0,0,0,0,0,0,0,0,0
2729,CN119839880A,0,0,1,0,0,1,0,0,0,1,0,0,0,0,0,0,0
2730,CN119839883B,0,0,1,0,1,0,0,0,0,0,0,0,0,0,0,0,0
2731,CN119839885B,1,0,0,0,0,0,1,1,0,0,0,1,0,0,1,0,0
2732,CN119839891A,0,0,0,0,0,0,1,1,0,0,0,0,0,0,1,0,0
2733,CN119839904A,0,0,0,0,0,0,1,1,0,0,0,0,0,0,0,0,0
2734,CN119845283A,0,0,0,0,0,1,0,0,0,0,0,0,0,0,0,0,0
2735,CN119845453A,0,0,0,0,0,0,0,0,0,0,0,0,0,1,0,0,0
2736,CN119845454B,0,0,0,0,0,0,0,0,0,0,0,0,0,0,0,0,0
2737,CN119846999A,0,0,0,0,0,0,0,0,0,0,0,0,0,1,0,0,0
2738,CN119847010A,0,0,0,0,1,0,0,0,0,0,0,0,0,1,1,0,0
2739,CN119847023A,1,0,0,0,0,0,0,1,0,0,0,0,0,1,0,0,0
2740,CN119850739B,0,0,0,0,1,0,0,0,0,0,0,0,0,0,1,0,0
2741,CN119850913A,0,0,0,0,1,0,0,0,0,0,0,0,0,0,0,0,0
2742,CN119852048A,0,0,0,0,0,0,0,1,0,1,0,0,0,0,0,0,0
2744,CN119852455A,0,0,0,0,0,0,0,0,0,0,0,0,0,0,0,0,0
2745,CN119853522A,0,0,0,0,0,0,0,1,0,0,0,0,0,0,0,0,0
2746,CN119855687A,0,0,1,1,1,0,0,0,0,0,0,0,0,0,0,0,1
2747,CN119859828A,0,0,0,0,0,0,0,0,0,0,0,0,0,0,0,0,0
2748,CN119860429A,0,0,0,0,0,0,0,1,0,0,0,0,0,0,0,0,0
2749,CN119861975A,0,0,0,1,0,0,0,0,0,0,0,0,0,0,0,0,1
2750,CN119865453A,0,1,0,0,0,0,0,0,0,0,0,0,0,0,0,0,0
2751,CN119871047A,0,0,0,0,0,0,1,1,0,0,0,0,0,0,0,0,0
2752,CN119871338A,0,0,0,0,0,0,0,0,0,0,0,1,0,0,1,0,0
2753,CN119871408A,0,0,0,0,1,0,0,0,0,0,0,1,0,0,1,0,0
2754,CN119871410B,0,0,0,0,1,0,0,0,0,0,0,0,0,0,1,0,0
2756,CN119871422B,0,0,1,0,1,0,0,0,0,0,0,0,0,1,0,0,0
2757,CN119871445B,0,0,0,1,0,0,0,0,0,0,0,1,0,0,1,0,1
2758,CN119871448A,0,0,0,0,1,0,0,0,0,0,0,0,0,0,1,0,0
2759,CN119871452B,1,0,1,0,0,0,0,0,0,0,0,0,0,1,0,0,0
2760,CN119871453A,0,0,0,1,0,0,0,0,0,0,1,0,0,0,0,0,1
2761,CN119871489A,0,0,0,1,0,0,1,1,0,0,0,1,0,0,0,1,1
2762,CN119871497A,0,0,0,0,0,0,1,0,0,0,0,0,0,0,1,0,0
2763,CN119871511A,0,0,0,0,0,0,1,0,0,0,0,0,0,0,1,0,0
2764,CN119871526B,0,0,0,0,0,0,1,0,0,0,0,0,0,0,1,1,0
2765,CN119871528A,0,0,0,0,0,0,1,0,0,0,0,0,0,0,0,0,0
2766,CN119871529A,0,0,0,0,0,0,1,1,0,0,0,0,0,0,0,0,0
2767,CN119872727A,1,0,0,0,1,0,1,1,1,0,0,1,1,0,0,0,0
2768,CN119880205B,0,0,0,0,1,0,0,0,1,0,0,0,0,0,1,0,0
2769,CN119880236B,0,0,0,0,0,0,0,0,0,0,0,0,0,0,0,1,0
2770,CN119882578A,0,1,0,0,0,0,0,0,0,0,0,0,0,0,0,0,0
2771,CN119885863B,1,0,0,0,0,0,1,1,0,0,0,1,0,1,1,0,0
2772,CN119886663A,0,0,0,0,1,0,0,0,0,0,0,0,0,1,1,0,0
2773,CN119897502B,0,0,0,0,0,0,0,1,0,0,0,0,0,0,0,0,0
2774,CN119897843A,0,0,0,0,0,0,0,1,0,0,0,1,0,0,0,0,0
2777,CN119897881A,0,0,0,1,0,0,1,0,0,0,0,0,1,0,0,0,1
2778,CN119897887A,0,0,0,0,0,0,0,0,0,0,0,0,0,0,1,0,0
2779,CN119897890A,0,0,0,0,0,0,1,0,0,0,0,0,0,0,1,0,0
2780,CN119897891A,0,0,0,0,0,0,0,1,0,0,0,0,0,0,0,0,0
2781,CN119897899A,0,0,0,0,0,0,1,0,0,0,0,0,0,0,0,1,0
2782,CN119898419B,0,0,0,0,0,0,0,0,0,0,1,0,0,0,0,1,0
2783,CN119900888A,0,0,0,0,0,1,0,1,0,0,0,0,0,0,0,0,0
2784,CN119901228A,0,0,0,0,1,0,0,0,0,0,0,0,0,0,0,0,0
2785,CN119903871B,0,0,1,0,1,0,0,0,0,0,0,0,0,1,0,0,0
2786,CN119906226A,0,0,0,0,0,0,0,1,0,0,0,0,0,0,1,0,0
2787,CN119910626B,0,0,0,0,0,0,1,0,0,0,0,0,0,0,0,0,0
2788,CN119910635B,1,0,0,0,0,0,0,1,0,0,0,0,0,1,0,0,0
2789,CN119910636A,1,0,0,0,0,0,0,0,0,0,0,0,0,1,0,0,0
2790,CN119910637A,1,0,0,0,0,1,0,0,0,0,0,0,0,1,0,0,0
2791,CN119910638A,1,0,0,0,0,0,0,0,0,0,0,0,0,0,0,0,0
2792,CN119910668B,0,0,0,1,1,0,0,0,0,0,0,0,0,1,0,0,1
2793,CN119910686A,0,0,0,0,0,0,1,0,0,0,0,1,0,0,1,0,0
2795,CN119910687A,0,0,0,0,0,0,1,0,0,0,0,0,0,0,0,1,0
2796,CN119910689A,0,0,0,0,0,0,1,1,0,0,0,0,0,0,0,1,0
2797,CN119910690A,0,0,0,0,0,0,1,1,0,0,0,0,0,0,0,1,0
2798,CN119915292B,0,0,1,1,1,1,0,0,0,0,0,0,0,0,0,0,1
2800,CN119916428A,0,0,0,0,1,1,0,0,0,0,0,0,0,0,0,0,0
2801,CN119916681A,1,0,0,0,0,0,0,1,0,0,0,0,0,1,0,0,0
2802,CN119917951A,0,0,1,0,1,0,0,0,1,0,0,0,0,1,0,0,0
2805,CN119918573B,0,0,1,0,0,1,0,0,0,0,0,0,0,1,0,0,0
2806,CN119919149A,0,0,0,1,0,0,0,0,0,0,0,0,0,1,0,0,1
2807,CN119919493A,0,0,0,0,1,0,0,0,0,0,0,0,0,0,1,0,0
2809,CN119920425B,0,0,0,1,0,0,0,0,0,1,0,0,0,0,0,0,1
2810,CN119921179A,0,0,0,0,0,0,0,0,0,0,0,0,0,0,0,0,0
2811,CN119924090B,0,0,1,0,1,1,0,0,1,0,0,0,0,0,1,0,0
2812,CN119925047B,1,0,0,0,0,0,1,1,0,0,0,0,0,0,1,1,0
2813,CN119927782A,0,0,0,0,0,0,0,0,0,0,0,0,0,0,0,0,0
2814,CN119927878B,0,0,0,0,0,0,1,0,0,0,1,0,0,0,0,1,0
2816,CN119927891A,0,0,0,0,0,0,1,1,0,0,0,0,0,0,0,0,0
2817,CN119927906B,1,0,0,1,1,0,0,0,0,0,0,1,0,0,0,0,1
2818,CN119927925B,0,0,0,1,0,0,0,0,0,0,0,0,0,1,1,0,1
2819,CN119927945A,0,0,1,0,1,1,0,0,0,0,1,0,1,0,0,0,0
2820,CN119927947A,0,0,0,0,1,0,0,1,0,0,0,1,0,0,1,0,0
2821,CN119927949B,0,0,1,1,0,0,0,0,0,0,0,0,0,1,0,0,1
2822,CN119927952A,0,0,0,0,0,0,0,0,0,0,0,0,0,0,1,0,0
2823,CN119927961A,0,0,0,0,0,0,1,1,0,0,0,0,0,0,1,0,0
2824,CN119927968B,0,0,0,0,0,0,1,0,0,1,0,0,0,0,0,0,0
2825,CN119929015B,1,0,0,0,0,0,1,0,0,0,1,0,0,0,0,0,0
2826,CN119929021B,0,0,0,0,0,0,1,0,0,0,1,0,0,0,0,1,0
2828,CN119929022B,0,0,0,0,0,0,1,1,0,0,1,0,0,0,0,1,0
2830,CN119935359A,0,0,0,0,0,0,0,0,0,0,0,0,0,0,0,1,0
2831,CN119942291B,0,0,1,1,1,0,0,0,0,0,0,0,0,0,0,0,1
2832,CN119944888A,0,0,0,0,0,0,0,0,0,0,0,0,0,0,0,0,0
2833,CN119952682A,1,0,0,0,0,0,1,1,0,0,1,1,0,0,1,0,0
2834,CN119952715B,1,0,1,0,1,1,0,0,0,0,0,1,0,1,1,0,0
2835,CN119952718A,0,0,1,0,1,0,0,1,0,0,0,0,0,0,1,0,0
2836,CN119952725A,0,0,0,0,0,0,0,1,0,0,0,0,0,0,0,0,0
2837,CN119952727B,0,0,0,0,1,0,0,0,0,0,0,0,0,1,0,0,0
2838,CN119952732B,1,0,0,0,0,0,1,1,0,0,0,0,0,1,0,0,0
2839,CN119952744B,0,0,1,0,1,1,0,0,0,0,0,0,0,0,0,0,0
2840,CN119952751A,0,0,0,0,0,0,0,1,0,0,0,0,0,0,1,1,0
2841,CN119956966A,1,0,0,0,0,1,0,0,0,0,0,1,0,0,1,0,0
2842,CN119957658A,0,0,0,0,0,0,0,0,0,0,0,0,0,0,0,0,0
2843,CN119957662A,0,0,0,0,0,0,1,0,0,0,0,0,0,0,0,0,0
2844,CN119958557A,0,0,0,0,0,1,0,0,0,0,1,0,0,0,0,0,0
2845,CN119958731A,0,0,0,0,0,0,0,0,0,0,0,0,0,0,0,0,0
2846,CN119960452A,0,0,1,0,0,1,0,0,0,0,0,0,0,0,0,0,0
2848,CN119964245A,1,0,0,0,1,0,0,0,0,0,0,0,0,0,0,0,0
2849,CN119966148A,0,0,0,0,0,0,0,1,0,0,0,0,0,0,0,0,0
2850,CN119968551A,0,0,0,0,0,0,0,0,0,0,0,0,0,0,0,0,0
2851,CN119968640A,0,0,0,0,1,0,0,0,0,0,0,0,0,0,0,0,0
2852,CN119973256A,0,0,0,0,0,0,0,1,0,0,0,0,0,0,0,0,0
2853,CN119973961A,0,0,0,1,0,0,1,0,0,0,0,1,0,0,0,0,1
2854,CN119973965A,0,0,0,0,1,0,0,1,1,0,0,0,1,0,0,0,0
2855,CN119973981A,0,0,1,0,1,1,0,0,0,0,0,0,0,1,0,0,0
2856,CN119973996A,0,0,1,0,1,1,0,0,0,0,0,0,0,1,1,1,0
2857,CN119973999A,0,0,0,0,0,1,0,0,0,0,0,0,0,0,0,0,0
2858,CN119974005A,0,0,0,0,0,0,0,0,0,0,0,0,0,1,0,0,0
2859,CN119974006A,1,0,0,0,0,0,0,0,0,0,0,0,0,0,0,0,0
2860,CN119974023B,1,0,0,0,0,0,0,1,0,0,0,0,0,0,0,0,0
2861,CN119974027B,0,0,1,1,0,0,0,0,0,0,0,0,0,0,0,0,1
2862,CN119974029B,1,0,0,1,1,0,0,0,1,0,1,1,0,1,1,0,1
2863,CN119974050A,0,0,0,0,0,0,1,1,0,0,0,0,0,0,0,0,0
2864,CN119974053B,0,0,0,0,0,0,1,1,0,0,0,0,0,0,0,0,0
2865,CN119974054A,0,0,0,0,0,0,1,1,0,0,0,0,0,0,0,1,0
2866,CN119974055A,0,0,0,0,0,0,1,0,0,0,1,0,0,0,0,0,0
2867,CN119974066A,0,0,0,0,0,0,1,1,0,0,0,0,0,0,0,0,0
2868,CN119974067B,0,0,0,0,0,0,1,1,0,0,0,0,0,0,0,0,0
2869,CN119975546A,0,0,1,0,0,1,0,1,0,0,0,0,0,0,0,0,0
2870,CN119975594A,0,0,0,0,0,0,1,1,0,0,1,0,0,0,0,0,0
2871,CN119975595A,0,0,0,0,0,0,1,1,0,0,1,0,0,0,0,0,0
2872,CN119975596B,0,0,0,0,0,0,1,1,0,0,1,0,0,0,0,0,0
2873,CN119975599B,0,0,0,0,0,0,1,1,0,0,1,0,0,0,0,0,0
2874,CN119975600B,1,0,0,0,0,0,1,1,0,0,1,0,0,0,0,0,0
2875,CN119975602B,0,0,0,0,0,0,0,1,0,0,0,0,0,0,0,0,0
2876,CN119975603B,0,0,0,0,0,0,1,0,0,0,0,0,0,0,0,0,0
2877,CN119975604B,0,0,0,0,0,0,1,0,0,0,0,0,0,0,0,0,0
2878,CN119975605A,0,0,0,0,0,0,1,0,0,0,1,0,0,0,0,0,0
2879,CN119975637A,0,0,0,0,1,0,0,1,0,0,0,0,0,1,0,0,0
2880,CN119978492A,0,0,0,0,0,0,0,0,0,0,0,0,0,0,0,0,0
2881,CN119982849B,0,0,0,0,0,0,1,0,0,0,0,0,0,0,0,0,0
2882,CN119984577B,0,0,0,0,0,0,0,0,0,0,0,0,0,0,1,0,0
2884,CN119987186B,1,0,0,0,0,0,0,1,0,0,0,0,0,1,0,0,0
2886,CN119987371A,0,1,0,0,0,1,0,0,0,0,0,0,0,1,0,0,0
2887,CN119987548A,0,0,0,0,0,0,0,0,0,0,0,0,0,1,0,0,0
2888,CN119988988B,0,0,0,0,0,0,0,0,0,0,0,0,0,1,0,0,0
2889,CN119992646B,0,0,0,0,1,0,0,0,0,0,0,0,0,0,0,0,0
2890,CN119993152B,0,0,0,1,0,0,0,0,0,0,0,0,0,0,0,0,1
2891,CN119993178B,0,0,0,0,0,0,0,0,0,0,0,0,0,0,0,0,0
2892,CN120002617A,0,0,0,0,0,0,1,1,0,0,0,0,0,0,1,0,0
2893,CN120002655A,0,0,0,1,0,0,0,0,0,0,0,0,0,0,0,0,1
2895,CN120002661A,1,0,0,0,1,0,0,0,0,0,0,0,0,1,0,0,0
2896,CN120002662A,1,0,0,1,0,0,0,0,0,0,0,1,0,1,0,0,1
2897,CN120002667B,1,0,0,0,0,0,0,0,0,0,0,0,0,1,0,0,0
2898,CN120002669B,1,0,0,0,0,0,0,0,0,0,0,0,0,1,0,0,0
2899,CN120002671B,1,0,0,0,0,0,1,1,0,0,0,0,0,1,0,0,0
2900,CN120002672A,0,0,0,1,0,0,0,0,0,0,0,0,0,0,0,0,1
2901,CN120002674B,1,0,0,1,1,0,0,0,0,0,0,0,0,1,1,0,1
2902,CN120002675B,1,0,0,0,1,0,0,0,0,0,0,0,0,1,0,0,0
2903,CN120002676B,0,0,0,0,1,0,0,1,0,0,0,0,0,0,1,0,0
2904,CN120002686B,0,0,0,0,0,0,1,0,0,0,0,1,0,0,0,1,0
2905,CN120002688A,0,0,0,0,0,0,0,0,0,0,0,0,0,0,1,0,0
2906,CN120002695B,0,0,0,0,0,0,0,1,0,0,0,0,0,0,1,0,0
2907,CN120002696B,0,0,0,0,0,0,1,1,0,0,0,0,0,0,1,0,0
2908,CN120002697A,0,0,0,0,0,0,0,0,0,0,0,0,0,0,1,0,0
2909,CN120002708B,0,0,0,0,0,0,1,1,0,0,0,0,0,0,0,0,0
2910,CN120002709A,0,0,0,0,0,0,1,0,0,0,0,0,0,0,0,1,0
2911,CN120002710A,0,0,0,0,0,0,1,0,0,0,0,0,0,0,0,0,0
2912,CN120002714A,0,0,0,0,0,0,1,1,0,0,0,1,0,1,0,0,0
2914,CN120002715A,1,0,0,0,1,0,0,0,0,0,0,0,0,0,0,0,0
2915,CN120002720B,0,0,0,0,0,0,0,1,0,0,0,0,0,0,0,0,0
2916,CN120002722A,0,0,1,0,0,0,0,0,0,0,0,0,0,1,0,0,0
2917,CN120003614B,0,1,0,0,0,0,1,0,0,0,1,0,0,0,0,1,0
2918,CN120004179A,0,0,0,0,1,0,0,0,0,0,0,0,0,0,0,0,0
2919,CN120007759A,0,0,0,0,0,0,0,0,0,0,0,0,0,0,0,0,0
2920,CN120008587B,0,0,1,0,1,0,0,0,0,0,1,0,0,0,0,0,0
2921,CN120010364B,0,0,1,0,1,1,0,0,0,0,0,0,0,1,0,0,0
2922,CN120010569A,0,0,0,0,0,0,0,0,0,0,0,0,0,0,0,0,0
2923,CN120012045B,0,0,0,1,0,0,0,0,0,0,0,0,0,1,0,0,1
2924,CN120017487A,0,1,0,0,0,0,0,0,0,0,0,0,0,0,0,0,0
2925,CN120023805A,0,0,0,0,0,0,0,1,0,0,0,0,0,0,0,0,0
2926,CN120023814A,1,0,0,1,0,0,1,1,0,0,0,0,0,0,0,0,1
2927,CN120023820A,1,0,1,0,1,1,0,0,0,0,0,0,0,1,1,0,0
2929,CN120023822A,1,0,0,0,0,0,1,0,0,0,1,0,0,1,0,0,0
2930,CN120023832B,1,0,0,0,0,0,1,0,0,0,1,0,0,1,0,0,0
2931,CN120023835B,1,0,0,0,0,0,0,0,0,0,0,0,0,1,0,0,0
2932,CN120024424B,0,0,0,0,0,0,1,1,0,0,1,0,0,0,0,0,0
2933,CN120027761A,0,0,1,0,0,0,0,0,0,0,0,0,0,0,0,0,0
2934,CN120027849A,0,1,1,0,1,1,0,0,0,0,0,0,0,0,0,0,0
2935,CN120029060A,1,0,0,0,0,0,1,1,0,0,1,0,0,1,0,0,0
2938,CN120029227B,0,1,0,0,0,0,0,0,0,0,0,0,0,0,0,0,0
2939,CN120030268A,0,0,0,0,0,0,0,0,0,0,0,0,0,1,0,0,0
2940,CN120032990A,0,0,0,0,0,0,0,0,0,0,0,0,0,0,0,0,0
2941,CN120036246A,1,0,1,0,1,1,0,0,0,0,0,1,0,1,1,0,0
2942,CN120038758A,1,0,0,1,1,0,0,1,0,0,0,0,0,1,0,0,1
2943,CN120038768B,0,0,0,0,0,0,1,1,0,0,0,0,0,0,1,1,0
2944,CN120038783A,0,0,0,0,0,0,1,0,0,0,0,0,0,0,0,1,0
2945,CN120038784A,0,0,0,0,0,0,1,1,0,0,0,0,0,0,1,0,0
2946,CN120038785B,0,0,0,0,0,0,1,1,0,0,0,0,0,0,0,0,0
2947,CN120039279B,0,0,1,0,0,1,0,0,0,0,0,0,0,1,0,0,0
2948,CN120042383A,0,1,1,0,1,1,0,0,1,0,0,0,0,1,0,0,0
2949,CN120044865A,0,0,0,1,0,0,0,0,0,0,1,0,1,1,0,0,1
2950,CN120045882B,0,0,0,0,0,0,0,0,0,0,0,0,0,0,0,0,0
2951,CN120047929B,0,0,0,0,1,0,0,0,0,0,1,0,0,0,0,0,0
2952,CN120048259A,0,0,0,1,0,0,0,0,0,0,0,0,0,0,0,0,1
2953,CN120054375B,0,0,0,0,0,0,0,0,0,0,0,0,0,0,0,0,0
2954,CN120054376B,0,0,0,0,0,0,0,0,0,0,0,0,0,0,0,0,0
2955,CN120056065A,1,0,1,0,1,1,1,1,1,0,0,1,0,1,1,0,0
2957,CN120056097B,1,0,1,0,0,0,0,1,0,0,0,0,0,1,0,0,0
2958,CN120056116A,1,0,0,0,0,0,0,1,0,0,0,0,0,1,0,0,0
2960,CN120056119A,0,0,1,0,0,1,0,0,0,0,0,0,0,1,0,0,0
2961,CN120056124A,0,0,0,0,1,0,0,0,0,0,0,0,0,0,1,0,0
2962,CN120056136B,0,0,0,0,0,0,1,1,0,0,0,0,0,0,0,1,0
2963,CN120056152A,0,0,0,0,0,0,0,1,0,0,0,0,0,0,1,1,0
2964,CN120056161B,0,0,0,0,0,0,1,0,0,0,0,0,0,0,1,1,0
2965,CN120056162A,0,0,0,0,0,0,1,1,0,0,0,0,0,0,1,0,0
2966,CN120056187B,0,0,0,0,0,0,0,0,0,0,0,0,0,0,0,0,0
2967,CN120056298A,0,0,0,0,0,0,0,0,0,0,0,0,0,0,0,0,0
2968,CN120057147A,0,0,0,0,0,0,1,1,0,0,1,0,0,0,0,0,0
2969,CN120057148A,0,0,0,0,0,0,1,1,0,0,1,0,0,0,0,0,0
2970,CN120057599B,0,0,0,0,0,0,1,1,0,0,0,0,0,1,0,0,0
2971,CN120065751B,1,0,0,0,0,1,0,0,0,0,0,0,0,1,0,0,0
2972,CN120065752B,1,0,0,0,0,0,0,0,0,0,0,0,0,1,0,0,0
2973,CN120066054B,1,0,0,0,0,1,0,1,0,0,1,0,0,1,0,0,0
2974,CN120066264B,0,0,0,0,0,0,0,0,0,0,0,0,0,0,0,0,0
2975,CN120066365B,0,0,0,1,1,0,0,0,0,0,0,0,0,0,0,0,1
2976,CN120067092B,0,0,0,0,0,0,0,0,0,0,0,0,0,1,0,0,0
2977,CN120068952B,0,0,1,0,1,0,0,0,0,0,0,0,0,0,0,0,0
2978,CN120080326B,0,0,1,1,1,0,0,0,0,0,0,0,0,1,0,0,1
2979,CN120080331B,0,0,0,0,0,0,0,0,0,0,0,0,0,1,1,0,0
2980,CN120080346B,0,0,0,0,0,0,1,1,0,0,0,0,0,0,0,0,0
2981,CN120080929B,0,0,0,0,0,0,1,1,0,0,1,0,0,0,0,0,0
2982,CN120080931A,1,0,0,0,0,0,0,1,0,0,1,0,0,1,0,0,0
2983,CN120082804A,0,0,0,0,0,0,0,1,0,0,0,0,0,0,0,0,0
2984,CN120083792A,0,0,0,0,0,0,1,0,0,0,0,0,0,0,0,1,0
2985,CN120083801B,0,0,0,0,0,0,0,1,0,0,0,0,0,0,0,0,0
2986,CN120083881A,0,1,0,0,0,0,0,0,0,0,0,0,0,0,0,0,0
2987,CN120085613A,0,0,0,0,0,0,0,1,0,0,0,0,0,0,0,0,0
2988,CN120085629A,0,1,0,0,0,0,0,0,0,0,0,0,0,0,0,0,0
2989,CN120087446A,0,0,0,0,0,1,0,0,0,0,0,0,0,0,0,0,0
2990,CN120087725B,0,0,0,0,0,1,0,0,0,0,0,0,0,0,0,0,0
2991,CN120088258B,0,0,0,0,1,0,0,0,1,0,0,0,0,0,0,0,0
2992,CN120090405B,0,0,0,0,0,0,0,1,0,0,0,0,0,0,0,0,0
2993,CN120091892A,0,0,0,0,0,0,1,1,0,0,0,0,0,0,0,0,0
2994,CN120094090A,0,0,0,0,0,0,0,1,0,1,0,0,0,0,0,0,0
2995,CN120095781A,0,0,0,0,0,0,1,0,0,0,0,1,0,0,1,1,0
2996,CN120095793A,0,0,0,0,0,0,1,1,0,0,0,0,0,0,1,0,0
2997,CN120095822A,0,0,0,1,0,0,0,0,0,0,0,0,0,0,0,0,1
2998,CN120095856A,0,0,0,0,0,0,1,1,0,0,0,0,0,0,1,0,0
2999,CN120095858A,0,0,0,0,0,0,1,1,0,0,0,0,0,0,1,0,0
3000,CN120095860B,0,0,0,0,0,0,1,1,0,0,0,0,0,0,1,1,0
3001,CN120095861B,0,0,0,0,0,0,1,0,0,0,0,0,0,0,1,0,0
3002,CN120095875A,0,0,0,0,0,0,1,1,0,0,0,0,0,0,0,0,0
3003,CN120095877A,0,0,0,0,0,0,1,1,0,0,0,0,0,0,1,0,0
3004,CN120095888A,0,0,0,0,0,0,1,0,0,0,0,0,0,0,0,0,0
3005,CN120096712A,0,0,0,0,0,0,1,1,0,0,1,0,0,0,0,1,0
3006,CN120100880B,0,0,0,0,0,0,1,0,0,0,0,0,0,0,0,0,0
3007,CN120103844A,0,0,1,0,0,1,0,0,0,0,0,0,0,0,0,0,0
3008,CN120104368B,0,0,0,0,0,0,0,0,0,0,0,0,0,0,0,0,0
3009,CN120105610A,0,0,0,0,0,0,0,1,0,0,0,0,0,0,0,0,0
3010,CN120105927B,0,0,0,0,0,0,0,0,0,0,0,0,0,0,1,0,0
3011,CN120106146B,1,0,0,0,0,1,0,0,0,0,0,0,0,0,0,0,0
3013,CN120106220A,0,0,0,0,0,0,0,0,0,0,0,0,0,0,0,0,0
3014,CN120107341A,0,0,0,0,1,0,0,0,0,0,0,0,0,0,0,0,0
3015,CN120107342A,0,0,0,0,1,0,0,0,0,0,0,0,0,0,0,0,0
3016,CN120107343A,0,0,0,0,1,0,0,0,0,0,0,0,0,0,0,0,0
3017,CN120107344A,0,0,0,0,1,0,0,0,0,0,0,0,0,0,0,0,0
3018,CN120107580A,0,0,1,0,1,1,0,0,0,0,0,0,0,0,0,0,0
3019,CN120108038A,0,0,1,0,1,0,0,0,0,0,0,0,0,1,0,0,0
3020,CN120110090B,0,0,0,0,0,0,1,1,0,0,0,0,0,0,0,0,0
3021,CN120111085A,0,0,1,0,0,1,0,0,0,0,0,0,0,1,0,0,0
3022,CN120111494B,0,0,0,0,0,0,0,0,0,0,0,0,0,0,0,0,0
3023,CN120112908A,0,1,0,0,0,0,0,0,0,0,0,0,0,0,0,0,0
3024,CN120116218A,1,0,0,0,0,0,1,1,0,0,0,0,0,1,1,0,0
3025,CN120116222A,0,0,1,0,1,1,0,0,0,0,0,0,0,1,0,0,0
3026,CN120116229B,0,1,1,0,1,1,0,0,0,1,0,0,0,0,0,0,0
3027,CN120116236B,1,0,0,0,0,0,1,1,0,0,1,0,0,1,0,0,0
3028,CN120116237B,1,0,1,0,0,1,0,0,0,0,0,0,0,1,0,0,0
3029,CN120116244B,0,0,0,0,0,0,1,0,0,0,0,0,0,0,1,0,0
3030,CN120116254A,0,0,0,1,0,0,0,0,0,0,0,0,0,0,1,0,1
3031,CN120120372A,0,0,0,0,0,0,1,0,0,0,0,0,0,0,0,0,0
3032,CN120120950A,0,0,0,0,0,0,0,0,0,0,0,0,0,0,0,1,0
3033,CN120122727A,0,0,0,0,1,0,0,0,0,0,0,0,0,0,0,0,0
3034,CN120125648A,0,0,0,0,1,0,0,0,0,0,0,0,0,0,0,0,0
3035,CN120126201B,0,0,0,0,1,0,0,1,0,0,0,0,0,0,0,0,0
3036,CN120127322A,0,0,0,0,0,0,0,0,0,0,0,0,0,0,0,0,0
3037,CN120127895A,0,0,0,0,0,0,0,1,0,0,0,0,0,0,0,0,0
3038,CN120128398B,0,0,0,0,0,0,0,0,0,0,0,0,0,0,0,0,0
3040,CN120129882A,0,0,0,0,0,1,0,0,0,0,0,0,0,0,0,0,0
3041,CN120130725A,0,0,0,0,0,0,1,0,0,0,1,0,0,1,0,1,0
3042,CN120134299A,0,0,1,1,0,0,0,0,0,0,0,0,0,1,0,0,1
3043,CN120134303A,0,0,0,0,0,0,0,0,0,0,0,0,0,1,0,0,0
3044,CN120134314A,0,0,0,0,1,0,0,0,1,0,0,1,0,0,1,0,0
3045,CN120134322A,0,0,0,0,0,0,0,1,0,0,0,0,0,0,1,0,0
3046,CN120134329B,1,0,0,0,0,0,1,0,0,0,0,0,0,1,0,0,0
3047,CN120134356A,0,0,0,0,0,0,1,0,0,0,0,0,0,0,0,0,0
3048,CN120134366A,0,0,0,0,0,0,0,1,0,0,0,0,0,0,0,0,0
3049,CN120135319A,0,0,0,0,0,1,0,0,0,0,0,0,0,0,0,0,0
3050,CN120135320A,0,0,0,0,0,0,1,0,0,0,1,0,0,0,0,0,0
3051,CN120135321B,0,0,0,0,0,0,1,0,0,0,1,0,0,0,0,1,0
3052,CN120135323A,0,0,0,0,0,0,1,1,0,0,1,0,0,0,0,0,0
3053,CN120135504A,0,1,0,0,1,0,0,1,1,0,0,0,1,0,0,0,0
3054,CN120138455A,0,0,0,0,0,0,0,0,0,0,0,0,0,0,0,0,0
3055,CN120140427A,0,0,0,0,0,0,0,0,0,0,0,0,0,0,0,0,0
3056,CN120143813A,0,0,0,0,1,1,0,0,0,0,0,0,0,0,0,0,0
3057,CN120144527A,0,0,0,0,0,0,0,0,0,0,0,0,0,1,0,0,0
3058,CN120146979A,0,0,0,0,0,0,0,0,0,0,0,0,0,0,0,0,0
3059,CN120147202A,0,0,0,0,1,0,0,0,0,0,0,0,0,0,0,0,0
3060,CN120147587B,0,0,0,0,1,0,0,1,0,0,0,0,0,0,0,0,0
3061,CN120147663A,0,0,0,0,0,0,0,0,0,0,0,0,0,0,0,0,0
3062,CN120147918B,0,0,0,0,1,0,0,0,0,0,0,0,0,1,0,0,0
3063,CN120147988A,0,0,0,0,1,1,0,0,0,0,0,0,0,0,0,0,0
3064,CN120148089A,0,0,0,0,1,0,0,0,0,0,0,0,1,0,0,0,0
3065,CN120148095A,1,0,0,0,1,0,0,0,0,0,0,0,0,1,0,0,0
3066,CN120150404B,0,0,0,0,0,0,0,1,0,0,0,0,0,0,0,0,0
3067,CN120152824A,1,0,1,0,0,1,0,0,0,0,0,0,0,1,0,0,0
3068,CN120152830A,0,1,0,0,0,0,0,0,0,0,0,0,0,0,0,0,0
3069,CN120152916A,1,0,0,0,0,1,0,0,0,0,0,1,0,0,1,0,0
3070,CN120155915A,0,0,0,0,1,0,0,0,1,0,0,0,0,0,1,0,0
3071,CN120155929B,0,0,0,0,1,0,0,0,1,0,1,0,0,1,0,0,0
3072,CN120155933A,0,0,0,1,1,0,0,0,0,0,0,0,0,1,1,0,0
3073,CN120158096A,0,0,0,0,0,0,0,0,0,0,0,1,0,0,0,0,0
3074,CN120158097A,0,0,0,0,0,0,0,0,0,0,0,0,0,0,0,0,0
3075,CN120158684A,0,0,0,0,0,0,0,0,0,0,0,0,0,0,0,0,0
3076,CN120159909A,0,0,0,0,0,0,0,0,0,0,0,0,0,0,0,0,0
3077,CN120161756A,0,1,0,0,0,0,0,0,0,0,0,0,0,0,0,0,0
3078,CN120161848B,0,0,0,0,0,0,0,0,0,0,0,0,0,1,0,0,0
3079,CN120170704A,0,0,0,0,0,0,0,1,0,0,0,0,0,0,0,0,0
3080,CN120170772B,0,0,0,0,0,0,1,1,0,0,0,0,0,0,1,0,0
3081,CN120170783A,0,0,0,0,0,0,1,1,0,0,0,0,0,0,0,1,0
3082,CN120170784A,0,0,0,0,0,0,1,0,0,0,0,0,0,0,0,0,0
3083,CN120170785A,0,0,0,0,0,0,1,1,0,0,0,0,0,0,0,0,0
3084,CN120170787A,0,0,0,0,0,0,1,1,0,0,0,0,1,0,0,0,0
3085,CN120170796A,0,0,0,0,0,0,0,0,0,0,0,0,0,0,0,0,0
3086,CN120171665B,1,0,0,0,0,1,1,1,0,0,1,0,0,1,1,0,0
3087,CN120173411A,0,0,0,0,0,0,0,0,0,0,0,0,0,0,0,0,0
3088,CN120176717A,0,0,0,0,1,0,0,0,1,0,0,0,1,0,0,0,0
3089,CN120177025A,0,0,0,0,0,0,1,1,0,0,0,0,0,0,0,0,0
3090,CN120177192A,0,0,0,0,0,0,0,0,0,0,0,0,0,0,0,0,0
3091,CN120179779A,0,0,0,1,0,0,0,0,0,0,0,0,0,1,0,0,1
3092,CN120190833B,0,0,1,0,1,1,0,0,0,0,0,0,0,1,0,0,0
3093,CN120190835A,0,0,0,0,1,0,0,0,0,0,0,0,0,0,1,0,0
3094,CN120190847A,0,0,0,0,0,0,1,0,0,0,0,1,0,0,0,0,0
3095,CN120191799A,0,0,0,0,0,0,0,1,0,0,0,0,0,0,0,0,0
3096,CN120194128A,0,0,0,0,0,0,0,0,0,0,0,0,0,0,0,0,0
3097,CN120194130A,0,0,0,0,0,0,0,1,0,0,0,0,0,0,0,0,0
3098,CN120194820B,0,1,0,0,1,0,0,0,0,0,0,0,0,0,0,0,0
3099,CN120196119A,1,0,0,0,0,0,0,0,0,0,0,0,0,1,0,0,0
3100,CN120196155B,0,0,0,0,0,0,0,0,0,0,0,0,0,0,0,0,0
3101,CN120200521A,0,0,0,0,0,0,1,1,0,0,0,0,0,0,0,0,0
3102,CN120202093A,0,0,1,0,1,0,0,0,0,0,0,0,0,1,1,0,0
3103,CN120206214A,0,0,0,0,1,0,0,1,0,0,0,0,0,0,1,0,0
3104,CN120206474A,1,0,0,0,1,0,1,0,1,0,0,1,1,0,1,0,0
3105,CN120206485B,0,0,0,0,0,0,1,1,0,0,0,0,0,0,1,0,0
3106,CN120206499A,0,0,0,0,0,0,0,0,0,0,0,0,0,1,1,0,0
3107,CN120206519A,0,0,1,0,0,0,0,1,0,0,0,0,0,1,1,0,0
3108,CN120206522A,1,0,0,0,0,1,0,0,0,0,0,0,0,1,0,0,0
3109,CN120206532A,0,0,0,0,0,0,1,0,0,0,0,0,0,0,1,0,0
3110,CN120206542B,0,0,1,0,1,0,0,0,0,0,0,0,0,0,1,0,0
3111,CN120206547A,0,0,0,0,0,0,1,1,0,0,0,0,0,0,1,0,0
3112,CN120206551B,0,0,0,0,0,0,1,1,0,0,0,0,0,0,1,0,0
3113,CN120207469A,0,0,0,0,0,0,1,1,0,0,1,0,0,0,0,0,0
3114,CN120211008B,0,0,0,0,0,0,0,0,0,0,0,0,0,0,0,0,0
3115,CN120212212A,0,0,0,0,0,0,0,0,0,0,0,0,0,0,0,0,0
3117,CN120215338A,1,0,0,0,0,0,1,1,0,0,1,0,0,0,0,0,0
3118,CN120215366A,1,0,0,0,0,0,0,0,0,0,0,0,0,1,0,0,0
3119,CN120218278A,0,0,0,0,1,0,0,0,0,0,0,0,0,1,0,0,0
3120,CN120218981B,0,0,0,0,0,0,0,0,0,0,0,0,0,0,0,0,0
3121,CN120220436A,0,0,0,0,0,1,0,0,0,0,0,0,0,0,0,0,0
3126,CN120225316A,1,0,0,0,0,1,0,0,0,0,0,0,0,1,0,0,0
3127,CN120225324A,0,0,0,0,1,0,0,0,0,0,0,0,0,0,1,0,0
3128,CN120228698B,0,0,0,0,0,0,1,0,0,0,0,0,0,0,0,0,0
3129,CN120228705A,0,0,0,0,0,0,1,1,0,0,0,0,0,0,0,0,0
3130,CN120228740B,0,0,0,0,0,0,1,0,0,0,0,0,1,0,0,0,0
3131,CN120228743A,0,0,0,0,0,0,1,0,0,1,0,0,0,0,1,0,0
3133,CN120228746A,0,0,0,0,0,0,1,1,0,0,0,0,0,0,0,0,0
3134,CN120228753B,0,0,0,0,0,0,1,1,0,0,0,0,0,0,0,0,0
3135,CN120232572B,0,0,0,0,0,0,0,0,0,0,0,0,0,0,0,0,0
3136,CN120234400B,0,0,1,0,0,0,0,0,0,0,0,0,0,1,0,0,0
3137,CN120237309A,0,0,0,0,0,0,0,0,0,0,0,0,0,0,0,0,0
3138,CN120238826A,0,0,0,0,0,0,0,0,0,0,0,0,0,1,0,0,0
3139,CN120239794A,0,0,0,0,0,0,0,0,0,0,0,0,0,0,0,0,0
3140,CN120240891A,0,0,0,0,0,0,0,0,0,0,0,0,0,0,0,0,0
3141,CN120241066A,0,0,0,0,1,0,0,0,0,0,0,0,0,0,0,0,0
3143,CN120244112A,0,0,0,0,0,0,1,1,0,0,0,0,0,0,0,0,0
3144,CN120244937A,0,0,0,0,0,0,0,0,0,0,0,0,0,0,0,1,0
3145,CN120244938A,0,0,0,0,0,0,0,1,0,0,0,0,1,0,0,0,0
3146,CN120244950A,0,0,1,0,1,0,0,0,0,0,0,0,0,0,1,0,0
3148,CN120244975A,1,0,0,0,0,0,1,1,0,0,1,0,0,1,0,0,0
3150,CN120245001A,1,0,0,0,0,0,0,0,0,0,1,0,0,1,0,0,0
3151,CN120245010B,0,0,1,0,1,1,0,0,0,0,0,0,0,1,0,0,0
3152,CN120245039A,0,0,0,0,0,0,1,1,0,0,0,0,0,0,1,0,0
3153,CN120245046A,0,0,0,0,0,0,1,1,0,0,0,0,0,0,1,0,0
3154,CN120245056A,0,0,0,0,0,0,0,1,0,0,0,0,0,0,0,0,0
3155,CN120245063A,0,0,0,0,0,0,1,0,0,0,0,0,0,0,0,0,0
3156,CN120245066A,0,0,0,0,0,0,1,1,0,0,0,0,0,0,0,1,0
3157,CN120245067B,0,0,0,0,0,0,1,1,0,0,0,0,0,0,0,1,0
3158,CN120245071A,0,0,0,0,0,0,1,0,0,0,0,1,0,0,0,0,0
3159,CN120245079A,0,0,0,0,0,0,1,0,0,0,1,0,0,0,0,0,0
3160,CN120245080A,0,0,0,0,0,0,1,1,0,0,0,0,0,0,0,1,0
3161,CN120245085B,0,0,1,0,1,0,0,0,0,0,0,0,0,1,0,0,0
3162,CN120246119B,1,0,0,0,0,0,1,1,0,0,1,0,0,1,0,0,0
3163,CN120246123A,0,0,0,0,0,0,1,1,0,0,1,0,0,0,0,0,0
3164,CN120246126B,0,0,0,0,0,0,1,1,0,0,1,0,0,0,0,0,0
3165,CN120251674A,0,0,0,0,0,0,1,1,0,1,0,0,0,0,0,0,0
3166,CN120251677B,0,0,0,0,0,0,0,0,0,0,0,0,0,0,0,0,0
3167,CN120251682A,0,0,0,0,0,0,1,0,0,0,0,0,0,0,0,1,0
3168,CN120253020A,0,0,0,0,0,0,0,0,0,0,0,0,0,0,1,0,0
3169,CN120254318A,0,0,0,0,0,0,0,0,0,0,1,0,0,1,0,0,0
3170,CN120254920A,0,0,1,0,1,1,0,0,0,0,0,0,0,0,0,0,0
3171,CN120255326A,1,0,1,0,0,0,0,1,0,0,1,0,0,1,0,0,0
3172,CN120255522A,1,0,1,0,1,1,0,0,0,0,0,0,0,1,0,0,0
3173,CN120257527B,0,0,0,0,0,0,0,0,0,0,0,0,0,0,0,0,0
3174,CN120257756A,0,0,0,0,0,0,0,0,0,0,0,0,0,0,0,0,0
3175,CN120259212B,0,0,0,0,1,0,0,0,0,0,0,0,0,0,1,0,0
3176,CN120259498A,1,0,0,0,0,0,0,0,0,0,0,0,0,0,0,0,0
3177,CN120262085A,0,0,0,0,0,0,0,0,0,0,0,0,0,0,0,0,0
3178,CN120262832B,0,0,0,0,0,0,0,1,0,0,0,0,0,0,0,0,0
3179,CN120262837A,0,0,0,0,0,0,0,1,0,0,0,0,0,0,0,0,0
3180,CN120262965A,0,0,0,0,0,0,1,1,0,0,0,0,0,0,0,0,0
3181,CN120265434A,0,0,0,0,1,0,0,0,0,0,0,1,0,0,1,0,0
3182,CN120269548A,0,0,0,0,1,0,0,0,0,0,0,0,0,0,0,0,0
3184,CN120269557A,1,0,1,0,1,1,1,0,1,0,1,0,0,1,0,0,0
3185,CN120269573A,1,0,0,0,0,0,0,0,0,1,1,0,0,1,0,0,0
3186,CN120269575B,0,0,1,0,1,1,0,0,0,0,1,0,0,0,0,0,0
3187,CN120269578B,0,0,0,0,1,0,0,0,0,0,0,0,0,1,0,0,0
3188,CN120269603A,0,0,0,0,0,0,1,1,0,0,0,0,0,0,1,0,0
3189,CN120269606A,0,0,0,0,0,0,1,0,0,0,0,0,0,0,0,1,0
3190,CN120269607A,0,0,0,0,0,0,1,0,0,0,0,1,0,0,0,1,0
3192,CN120270369B,0,0,0,0,0,0,1,1,0,0,0,0,0,0,0,0,0
3193,CN120274028A,0,0,0,0,0,0,1,0,0,0,0,0,0,0,0,0,0
3194,CN120274218A,0,1,0,0,0,0,0,0,0,0,0,0,0,0,0,0,0
3195,CN120275065B,0,0,0,0,0,0,0,0,0,0,0,0,0,0,0,0,0
3196,CN120276314B,0,0,0,0,0,1,0,0,0,0,0,0,0,1,0,0,0
3197,CN120277270A,0,0,0,1,0,0,0,0,0,0,0,0,0,0,0,0,1
3198,CN120277963B,0,0,0,0,0,0,0,0,0,0,0,0,0,0,0,1,0
3199,CN120278141B,0,0,0,1,0,0,0,0,0,0,0,0,0,1,0,0,1
3200,CN120278360A,0,1,0,0,0,0,0,0,0,0,0,0,0,0,0,0,0
3201,CN120279122B,0,0,0,0,1,0,0,0,0,0,0,0,0,0,0,0,0
3202,CN120282340A,0,0,1,1,0,0,0,0,0,0,0,0,0,1,0,0,1
3203,CN120287281A,0,1,0,0,0,0,0,0,0,1,0,0,0,0,0,0,0
3204,CN120287287A,1,0,0,0,1,1,0,0,0,0,0,0,0,1,1,0,0
3205,CN120287289A,0,0,0,0,1,0,0,0,0,0,0,1,0,0,0,0,0
3206,CN120287306A,0,0,0,0,0,0,1,1,0,0,0,0,0,0,0,0,0
3207,CN120287317B,0,0,0,0,0,0,1,1,0,0,0,0,0,0,0,0,0
3208,CN120287347A,0,0,0,0,0,0,1,1,0,0,0,0,1,0,0,0,0
3209,CN120287351A,0,0,0,0,0,0,1,0,0,0,0,0,0,0,0,0,0
3210,CN120289791A,0,0,0,0,0,0,0,0,0,1,0,0,0,0,0,0,0
3211,CN120291671A,0,0,0,0,0,0,0,0,0,0,0,0,0,0,0,0,0
3212,CN120295188B,0,0,0,0,0,0,0,0,0,0,0,0,0,1,0,0,0
3213,CN120296919A,0,0,0,0,0,0,0,0,0,0,0,0,0,0,0,0,0
3214,CN120297357B,0,0,0,1,0,0,0,0,0,0,0,0,0,1,0,0,1
3215,CN120297459A,0,1,1,0,0,1,0,0,0,0,0,0,0,0,0,0,0
3216,CN120298177B,0,0,0,1,0,0,0,0,0,0,0,0,0,0,0,0,1
3217,CN120299002A,0,0,1,0,1,0,0,0,0,0,0,0,0,0,0,0,0
3218,CN120299705A,0,0,0,1,0,0,0,0,0,0,0,0,0,0,0,0,1
3219,CN120299895B,0,0,0,0,0,0,0,0,0,0,0,0,0,0,0,0,0
3220,CN120303087A,0,0,0,0,0,0,0,0,0,0,0,0,0,0,1,0,0
3221,CN120303090A,0,0,0,0,1,0,0,0,1,0,0,0,0,0,1,0,0
3222,CN120307254A,0,0,0,0,0,0,0,0,0,0,0,0,0,0,0,1,0
3223,CN120307256A,0,0,0,0,0,0,1,0,0,0,0,0,0,0,0,0,0
3224,CN120307257A,1,0,0,0,0,0,1,0,0,0,1,0,0,0,0,0,0
3225,CN120307258A,0,0,0,0,0,0,1,1,0,0,0,0,0,0,0,0,0
3226,CN120307286B,1,0,0,0,0,1,0,0,0,0,0,0,0,0,0,0,0
3227,CN120307288A,1,0,0,0,0,0,0,0,0,0,1,0,0,1,0,0,0
3228,CN120307295A,0,0,0,0,1,0,0,0,0,0,0,0,0,0,1,0,0
3229,CN120307298A,1,0,0,0,0,0,1,1,0,0,1,0,0,1,0,1,0
3230,CN120307300A,0,0,0,0,1,0,0,0,0,0,0,0,0,0,1,0,0
3231,CN120307321A,0,0,0,0,0,0,1,1,0,0,0,0,0,0,1,1,0
3233,CN120307325B,0,0,0,0,0,0,1,1,0,0,0,0,0,0,1,0,0
3234,CN120307326B,0,0,0,0,0,0,1,1,0,0,0,0,0,0,1,0,0
3235,CN120307327B,0,0,0,0,0,0,0,1,0,0,0,0,0,0,1,0,0
3236,CN120307339B,0,0,0,0,0,0,1,1,0,0,0,0,0,0,0,1,0
3237,CN120307345A,0,0,0,0,0,0,1,1,0,0,0,0,0,0,0,1,0
3238,CN120308239A,1,0,0,0,0,0,1,0,0,0,1,0,0,0,0,1,0
3239,CN120308244A,1,0,0,0,0,0,1,1,0,0,1,0,0,0,0,0,0
3240,CN120308247A,0,0,0,0,0,0,0,0,0,0,1,0,0,0,0,0,0
3241,CN120311389A,0,0,0,0,0,0,1,0,0,0,0,0,0,0,0,1,0
3242,CN120312731A,0,0,0,0,0,0,1,0,0,0,1,0,0,0,0,0,0
3243,CN120313907A,0,0,0,0,0,0,0,1,0,0,0,0,0,0,0,0,0
3244,CN120315328A,1,0,0,0,0,0,0,0,0,0,1,0,0,1,0,0,0
3245,CN120316913A,0,0,0,0,0,0,1,0,0,0,1,0,0,0,0,0,0
3246,CN120320550B,0,0,0,0,0,0,1,1,0,0,0,0,0,0,0,1,0
3247,CN120324252A,0,0,0,0,1,0,0,0,0,1,0,0,0,0,1,0,0
3248,CN120326476A,0,0,0,0,1,0,0,1,0,0,0,0,0,0,1,0,0
3249,CN120326569A,0,0,0,1,0,0,1,0,0,0,0,0,0,0,0,1,1
3250,CN120326581A,0,0,0,0,1,0,0,0,0,0,0,0,0,0,1,0,0
3251,CN120326582A,0,0,0,0,0,0,0,0,0,0,0,0,0,0,1,0,0
3252,CN120326587A,0,0,0,0,0,0,1,1,0,0,0,0,0,0,0,0,0
3253,CN120326611B,1,0,0,0,0,0,1,1,0,0,0,0,0,1,0,0,0
3254,CN120326636B,1,0,0,0,0,0,1,1,0,0,0,1,0,1,0,0,0
3255,CN120326647A,0,0,0,0,0,0,1,1,0,0,0,0,0,0,1,1,0
3256,CN120326669A,0,0,0,0,0,0,1,0,0,0,0,0,0,0,0,1,0
3257,CN120326974A,0,0,0,0,0,0,1,0,0,0,0,0,0,0,0,0,0
3258,CN120327647A,0,0,0,0,0,0,1,1,0,0,1,0,0,0,0,1,0
3259,CN120327650A,0,0,0,0,0,0,1,1,0,0,1,0,0,0,0,1,0
3260,CN120329744A,0,0,0,0,0,0,0,1,0,0,0,0,0,0,0,0,0
3261,CN120331783A,0,0,0,0,0,0,0,0,0,0,0,0,0,1,0,0,0
3262,CN120332350A,0,0,0,0,0,0,1,0,0,0,0,0,0,0,0,0,0
3263,CN120333659A,0,0,0,0,0,0,0,1,0,0,0,0,0,0,1,0,0
3264,CN120333685A,0,0,0,0,0,0,0,0,0,0,0,0,0,0,0,0,0
3265,CN120335280B,0,0,0,0,0,0,0,1,0,0,0,0,0,0,0,0,0
3266,CN120337853A,0,0,0,0,0,0,0,0,0,0,0,0,0,0,0,0,0
3267,CN120344345A,0,0,0,0,0,0,0,0,0,0,0,0,0,0,0,0,0
3268,CN120347453B,1,0,0,0,0,1,0,1,0,0,1,1,0,1,1,0,0
3269,CN120347737A,0,1,0,0,0,0,0,1,0,0,0,0,0,0,0,0,0
3270,CN120347741A,1,0,0,0,0,0,1,1,0,0,0,1,0,1,0,0,0
3272,CN120347748A,0,0,0,0,0,1,0,0,0,0,0,0,0,1,0,0,0
3273,CN120347750A,0,0,1,0,0,0,0,0,0,0,0,0,0,1,0,0,0
3274,CN120347754A,0,0,0,1,0,0,0,0,0,0,0,0,0,1,0,0,1
3275,CN120347759A,0,0,0,1,1,0,0,1,0,0,0,0,1,0,0,0,1
3276,CN120347812A,0,0,0,0,0,0,1,1,0,0,0,0,0,0,0,0,0
3277,CN120347815B,0,0,0,1,0,0,0,0,0,0,0,0,0,1,0,0,1
3278,CN120352055A,0,0,0,0,1,0,0,0,1,0,0,0,0,0,0,0,0
3279,CN120352145A,0,0,0,0,0,0,1,0,0,0,0,0,0,0,0,0,0
3280,CN120358314A,0,0,0,0,1,0,0,0,1,0,0,0,0,0,0,0,0
3281,CN120363169A,0,0,0,0,1,0,0,0,0,0,0,0,0,0,1,0,0
3282,CN120363174A,0,0,0,0,1,0,0,1,0,0,0,0,0,0,1,0,0
3283,CN120363186A,0,0,0,0,0,0,0,0,0,0,0,0,0,1,1,0,0
3284,CN120363194A,1,0,0,0,0,0,1,1,0,0,0,0,0,1,0,0,0
3285,CN120363216B,0,0,1,0,1,0,0,0,0,0,0,0,0,0,1,0,0
3286,CN120363221B,0,0,1,0,1,0,0,0,0,0,0,0,0,0,0,0,0
3287,CN120363245A,0,0,0,0,0,0,1,1,0,0,0,0,0,0,0,0,0
3288,CN120363253B,0,0,0,0,0,0,1,1,0,0,0,0,0,0,0,0,0
3289,CN120363649A,1,0,0,0,0,0,1,1,0,0,1,0,0,1,0,0,0
3291,CN120364023A,0,0,0,0,0,0,1,0,0,0,1,0,0,0,0,0,0
3292,CN120364142A,0,1,0,0,0,0,0,0,0,0,0,0,0,0,0,0,0
3293,CN120365725B,0,0,0,0,0,0,0,0,0,0,0,0,0,0,0,0,0
3294,CN120365750A,0,0,0,0,0,0,0,0,0,0,0,0,0,0,0,0,0
3295,CN120368005A,0,0,0,0,0,0,0,0,0,0,0,0,0,0,0,0,0
3296,CN120368028B,0,0,0,0,0,0,0,1,0,0,0,0,0,0,0,0,0
3298,CN120368969B,0,0,0,0,0,0,0,0,0,0,0,0,0,0,0,0,0
3299,CN120369006B,0,0,1,0,1,1,0,0,0,0,1,0,0,0,0,0,0
3300,CN120370287A,0,0,0,0,0,0,0,0,0,0,0,0,0,0,0,0,0
3301,CN120370755A,0,0,0,0,0,0,0,0,0,0,0,0,0,1,0,0,0
3302,CN120370769A,1,1,0,0,1,0,0,0,0,0,0,0,0,1,0,0,0
3303,CN120370919A,0,0,0,0,0,0,0,0,0,0,1,0,0,0,0,0,0
3304,CN120370927A,0,0,1,0,1,1,0,0,0,0,0,0,0,1,0,0,0
3305,CN120370957B,0,0,1,0,1,1,0,0,0,0,0,0,0,1,0,0,0
3306,CN120371920A,0,0,0,0,0,0,0,0,0,1,0,0,0,0,0,0,0
3307,CN120373134B,0,1,1,0,0,0,0,0,0,0,0,0,0,0,0,0,0
3308,CN120374701B,0,0,0,0,1,0,0,0,0,0,0,0,0,0,0,0,0
3309,CN120374714A,0,0,0,0,1,0,0,0,0,0,0,0,0,0,0,0,0
3310,CN120375336A,0,0,0,0,1,0,0,0,0,0,0,0,0,0,0,0,0
3311,CN120375372A,0,0,0,0,1,0,0,1,0,0,0,0,0,0,0,0,0
3312,CN120375465A,0,0,0,1,0,0,0,0,0,0,0,0,0,0,0,0,1
3313,CN120377466A,0,1,0,1,0,0,0,0,0,0,0,0,0,0,0,0,1
3314,CN120380302A,0,0,1,0,1,1,0,0,0,0,0,0,0,0,0,0,0
3315,CN120382498A,1,0,0,0,0,0,1,1,0,0,1,0,0,1,0,0,0
3316,CN120382511A,0,0,0,0,0,0,1,0,0,0,0,0,0,0,0,1,0
3318,CN120382517A,0,0,0,0,0,0,0,0,0,0,0,0,0,0,0,0,0
3319,CN120382952B,0,0,0,0,0,0,1,1,0,0,0,0,0,0,0,0,0
3320,CN120383826B,0,0,0,0,0,0,0,0,0,0,0,0,0,0,0,0,0
3321,CN120385341A,0,0,1,0,0,1,0,0,0,0,0,0,0,0,0,0,0
3323,CN120386195A,0,0,0,0,0,0,0,0,0,0,0,0,0,1,0,0,0
3324,CN120386962A,1,0,0,0,0,0,0,0,0,0,0,0,0,0,0,0,0
3325,CN120388045A,0,0,1,0,1,1,0,0,1,0,0,0,0,0,0,0,0
3326,CN120389535B,0,0,0,0,0,0,0,1,0,0,0,0,0,0,0,0,0
3327,CN120389588A,0,0,0,0,0,0,1,1,0,0,0,0,0,0,0,1,0
3328,CN120395777A,0,0,0,0,0,0,1,1,0,0,0,0,0,0,0,1,0
3329,CN120395816A,0,0,0,0,0,0,0,0,0,0,0,0,0,1,1,0,0
3330,CN120395825A,0,0,0,0,0,0,0,1,0,0,0,0,0,0,0,0,0
3331,CN120395840A,0,0,0,0,0,0,0,0,0,0,0,0,0,1,1,0,0
3333,CN120395861A,1,0,0,1,0,0,1,1,0,0,0,0,0,0,0,0,1
3334,CN120395870A,0,1,0,0,1,0,0,1,0,0,0,0,0,0,0,0,0
3337,CN120395873A,0,0,0,1,1,0,0,0,0,0,0,0,0,0,0,0,1
3338,CN120395889B,1,0,0,0,0,0,0,0,0,0,0,0,0,1,0,0,0
3339,CN120395905B,1,1,1,1,1,0,0,0,0,0,0,0,0,1,0,0,1
3340,CN120395906A,0,0,0,0,0,0,0,0,0,0,0,0,0,1,0,0,0
3341,CN120395907B,0,0,0,0,0,0,0,1,0,0,0,0,0,0,0,0,0
3342,CN120395921B,0,0,1,0,0,1,0,0,0,0,0,0,0,1,0,0,0
3343,CN120395938A,1,0,1,0,1,1,0,0,0,0,0,0,0,1,0,0,0
3344,CN120395941B,0,0,0,0,0,0,1,0,0,0,0,0,0,0,1,1,0
3345,CN120395973A,0,0,0,0,0,0,1,0,0,0,0,0,0,0,0,1,0
3346,CN120395974A,0,0,0,0,0,0,1,0,0,0,0,0,0,0,0,1,0
3347,CN120395977A,0,0,0,0,0,0,1,0,0,0,0,0,0,0,0,0,0
3348,CN120395978A,0,0,0,0,0,0,1,1,0,0,0,0,0,0,0,1,0
3349,CN120395979A,0,0,0,0,0,0,1,1,0,0,0,0,0,0,0,0,0
3350,CN120395980A,0,0,0,0,0,0,1,0,0,0,0,0,0,0,0,1,0
3351,CN120396001A,0,0,0,0,0,0,0,0,0,0,0,0,0,1,0,0,1
3352,CN120396003A,1,0,0,0,0,1,0,0,0,0,0,1,0,0,1,0,0
3353,CN120396008B,0,0,0,0,1,0,0,0,0,0,0,0,0,1,1,0,0
3354,CN120397100B,1,0,0,0,0,1,1,1,0,0,1,0,0,1,0,1,0
3355,CN120402457A,0,0,0,0,0,0,1,0,0,0,1,0,0,0,0,1,0
3356,CN120402597A,0,0,0,0,0,0,0,1,0,0,0,0,0,0,0,0,0
3357,CN120403627B,0,0,0,0,0,0,0,0,0,0,0,0,0,1,0,0,0
3358,CN120403633A,0,0,1,0,1,1,0,0,0,0,0,0,0,0,0,0,0
3359,CN120406159B,1,0,0,0,0,1,0,0,0,0,1,0,0,1,0,0,0
3360,CN120406206A,0,1,0,1,0,1,0,0,0,0,0,0,0,0,0,0,1
3361,CN120406532B,1,0,0,0,0,0,0,1,0,0,1,0,0,1,0,0,0
3362,CN120408884A,0,0,0,0,0,0,0,0,0,0,0,0,0,0,0,1,0
3363,CN120409589B,0,0,0,0,0,0,0,0,0,0,0,0,0,0,0,0,0
3364,CN120409590A,0,0,0,0,0,0,0,0,0,0,0,0,0,0,0,0,0
3365,CN120409712B,0,0,1,0,1,0,0,0,0,0,0,0,0,0,0,0,0
3366,CN120411422B,0,0,0,0,0,0,0,0,0,0,0,0,0,0,0,0,0
3367,CN120412083A,0,1,0,1,1,0,0,0,0,0,0,0,0,0,0,0,1
3368,CN120414964A,0,0,0,0,0,0,0,1,0,0,0,0,0,0,0,0,0
3370,CN120415020A,0,0,0,0,0,0,0,1,0,0,0,0,0,0,0,0,0
3371,CN120416181A,0,0,0,0,0,0,0,0,0,0,0,0,0,0,0,0,0
3372,CN120416671A,0,0,1,0,1,0,0,0,1,0,0,0,0,0,0,0,0
3373,CN120418050A,1,0,0,1,0,0,0,0,0,0,0,0,0,0,0,0,1
3374,CN120421610A,0,0,0,0,0,0,0,0,0,0,0,0,0,0,0,0,0
3375,CN120422209A,1,0,0,0,0,0,0,0,0,0,0,1,0,1,0,0,0
3376,CN120422211A,0,0,0,0,0,0,1,1,0,0,0,0,0,0,0,1,0
3377,CN120422218A,0,1,1,0,1,0,0,0,1,0,0,0,1,0,0,0,0
3378,CN120422238A,0,0,0,1,0,0,0,0,0,0,0,0,0,0,1,0,1
3379,CN120422239A,0,0,0,0,0,0,0,0,0,0,0,0,0,0,0,0,0
3380,CN120422241B,1,0,1,0,0,0,0,1,0,0,0,0,0,1,0,0,0
3381,CN120422242A,0,0,1,1,0,0,0,0,0,0,0,0,0,1,0,0,1
3382,CN120422243A,0,0,0,0,0,1,0,0,0,0,0,0,0,0,0,0,0
3383,CN120422253B,0,0,1,0,1,0,0,0,0,0,0,0,0,1,0,0,0
3384,CN120422254B,1,0,0,0,0,0,1,1,0,0,1,0,0,1,0,0,0
3385,CN120422267A,0,0,0,0,0,0,1,1,0,0,0,0,0,0,1,0,0
3386,CN120422268A,0,0,0,0,0,0,1,1,0,0,0,0,0,0,0,0,0
3387,CN120422275A,0,0,0,0,0,0,1,0,0,0,0,0,0,0,0,1,0
3388,CN120422276B,0,0,0,0,1,0,1,0,1,0,0,0,1,0,0,0,0
3389,CN120423200A,0,0,0,0,1,0,0,0,0,0,0,1,0,0,1,0,0
3390,CN120426142A,0,0,0,0,0,0,0,0,0,0,0,0,0,0,0,0,0
3391,CN120426358A,0,0,0,0,0,0,0,1,0,0,0,0,0,0,0,0,0
3393,CN120426375A,0,0,0,0,0,0,1,0,0,0,0,0,0,0,0,1,0
3394,CN120427676A,0,0,0,0,1,0,0,0,0,0,0,0,0,0,0,0,0
3395,CN120428573B,1,0,0,0,0,0,1,1,0,0,0,0,0,1,0,0,0
3396,CN120429252A,0,0,0,1,0,0,0,0,0,0,0,0,0,0,0,0,1
3397,CN120431581A,0,0,0,0,1,0,0,0,0,0,0,0,0,0,1,0,0
3398,CN120434497A,0,0,0,0,1,1,0,0,0,0,0,0,0,0,0,0,0
3399,CN120436895A,1,0,1,0,1,1,0,1,1,0,0,1,1,1,1,0,0
3400,CN120439257A,1,0,0,0,0,0,1,1,0,0,0,1,0,1,1,0,0
3401,CN120439281A,1,0,0,0,0,0,1,1,0,0,1,0,0,1,0,0,0
3402,CN120439294A,1,0,0,1,0,0,0,1,0,0,0,0,0,0,0,0,1
3403,CN120439301B,1,0,1,0,0,0,0,0,0,0,0,1,0,1,0,0,0
3404,CN120439306A,1,0,0,0,0,0,0,0,0,0,0,1,0,1,0,0,0
3405,CN120439340A,0,0,0,0,0,0,1,1,0,0,0,0,0,0,1,0,0
3406,CN120439357A,1,0,0,0,0,0,1,0,0,0,0,0,0,1,0,1,0
3407,CN120439366A,0,0,0,0,0,0,0,0,0,0,1,0,0,1,0,0,0
3408,CN120440155A,0,0,0,0,0,0,1,1,0,0,1,0,0,0,0,0,0
3409,CN120440157A,1,0,0,0,0,0,1,1,0,0,1,0,0,0,0,1,0
3410,CN120444291A,0,0,0,0,0,0,1,1,0,0,0,0,0,0,0,1,0
3411,CN120445190B,0,0,0,0,1,0,0,0,0,0,0,0,0,0,0,0,0
3412,CN120445507A,0,0,0,0,0,0,0,0,0,0,0,0,0,0,0,0,0
3413,CN120445563A,1,0,0,0,0,1,0,0,0,0,1,0,0,0,0,0,0
3415,CN120446110A,0,0,0,0,0,0,0,0,0,0,0,0,0,0,0,0,0
3416,CN120447545A,0,0,0,0,0,1,0,0,0,0,0,0,0,0,0,0,0
3417,CN120447554A,0,0,1,1,1,1,0,0,0,0,0,0,0,0,0,0,1
3418,CN120447563B,0,0,1,0,1,1,0,0,0,0,0,0,0,1,0,0,0
3419,CN120447743A,0,0,0,1,0,0,0,0,0,0,0,0,0,0,0,0,1
3420,CN120449352A,0,0,0,0,0,0,0,0,0,0,0,0,0,0,0,0,0
3421,CN120449664A,0,0,1,0,1,1,0,0,0,0,0,0,0,1,0,0,0
3422,CN120449922B,0,0,0,0,1,0,0,0,0,0,0,0,0,1,0,0,0
3423,CN120451488B,0,0,0,0,1,0,0,0,0,0,0,0,0,0,0,0,0
3426,CN120454432A,0,0,0,0,0,0,0,1,0,0,0,0,0,0,0,0,0
3427,CN120455147A,0,0,0,0,0,0,0,0,0,0,0,0,0,0,0,0,0
3428,CN120457002A,0,0,0,0,0,0,0,0,0,0,0,0,0,0,0,0,0
3429,CN120458438A,1,0,1,1,1,1,1,1,0,0,1,0,0,1,0,0,1
3430,CN120458906A,0,0,0,1,0,0,0,0,0,1,0,0,0,0,1,0,1
3431,CN120461398B,0,0,0,0,0,0,1,1,0,0,0,1,0,0,0,0,0
3432,CN120461429A,0,0,1,0,1,0,0,1,0,0,0,0,0,1,0,0,0
3433,CN120461431A,1,0,0,0,0,0,1,1,0,0,1,0,0,1,0,0,0
3434,CN120461432A,0,0,0,1,0,0,0,1,0,0,0,1,0,0,1,0,1
3435,CN120461443B,0,0,0,0,1,0,0,0,0,0,0,0,0,0,1,1,0
3436,CN120461444B,0,0,0,0,1,0,0,1,0,0,0,0,0,0,1,0,0
3437,CN120461446B,0,0,0,0,1,0,0,0,0,0,0,0,0,0,1,0,0
3438,CN120461451B,1,0,1,1,0,0,0,0,0,0,0,0,0,1,0,0,1
3439,CN120461460A,0,0,0,0,0,0,0,0,0,0,0,0,0,0,1,0,0
3440,CN120461472A,0,0,0,0,0,0,1,0,0,0,0,0,0,0,0,1,0
3441,CN120461473A,0,0,0,0,0,0,1,0,0,0,1,0,0,0,0,1,0
3442,CN120461474A,0,0,0,0,0,0,1,1,0,0,1,0,0,0,0,0,0
3443,CN120461484A,0,0,0,0,0,0,0,1,0,0,0,0,0,0,0,0,0
3444,CN120461812B,0,0,0,0,0,0,0,0,0,0,0,0,0,0,0,0,0
3450,CN120462546A,0,0,0,0,0,0,1,1,0,0,1,0,0,0,0,1,0
3451,CN120464172A,0,0,0,0,0,0,0,0,0,0,0,0,0,0,0,0,0
3452,CN120467344A,0,0,0,0,0,1,0,0,0,0,1,0,0,0,0,0,0
3453,CN120469256B,1,0,0,0,0,0,0,0,0,0,1,0,0,1,0,0,0
3454,CN120469404A,0,1,1,0,1,1,0,0,0,0,0,0,0,1,0,0,0
3455,CN120469570A,0,0,0,1,0,0,0,0,0,0,0,1,0,0,0,0,1
3456,CN120472709B,0,1,0,0,0,0,0,0,0,0,0,0,0,0,0,0,0
3457,CN120473090A,0,0,0,1,0,0,0,0,0,1,0,0,0,0,0,0,1
3458,CN120473324A,0,0,0,0,0,0,0,0,0,0,0,0,0,0,0,0,0
3459,CN120474261A,0,0,0,0,0,0,0,1,0,0,0,0,0,0,0,0,0
3460,CN120474464A,0,0,1,0,0,0,0,0,0,0,0,0,0,0,0,0,0
3461,CN120474613A,0,0,1,0,1,1,0,0,0,0,0,0,0,0,0,0,0
3462,CN120475375A,0,1,0,0,0,0,0,0,0,0,0,0,0,0,0,0,0
3463,CN120477162A,0,0,1,0,1,0,0,0,0,0,0,0,1,1,0,0,0
3464,CN120480877A,1,0,1,1,1,0,0,0,0,0,0,0,0,1,0,0,1
3465,CN120480890B,1,0,1,0,1,0,0,1,1,0,0,0,0,1,0,0,0
3466,CN120480938A,0,0,0,0,0,0,1,0,0,0,0,0,0,0,1,0,0
3467,CN120480947A,0,0,0,0,0,0,0,1,0,0,0,0,0,0,1,1,0
3468,CN120480954A,0,0,0,0,0,0,1,0,0,0,1,0,0,0,0,0,0
3469,CN120480955B,0,0,0,0,0,0,1,0,0,0,0,0,0,0,1,1,0
3470,CN120480961A,0,0,1,0,1,1,0,0,1,0,0,0,0,0,0,0,0
3471,CN120481170A,0,0,0,0,0,0,0,0,0,0,0,0,0,0,0,0,0
3472,CN120487836B,0,0,0,0,0,0,0,1,0,0,0,0,0,0,0,0,0
3473,CN120489101A,0,0,1,0,1,1,0,0,0,0,0,0,0,0,0,0,0
3474,CN120489163A,0,0,1,0,1,0,0,0,0,0,0,0,0,0,0,0,0
3475,CN120492847A,0,0,0,0,1,0,0,0,0,0,0,0,0,0,0,0,0
3476,CN120495406A,0,0,0,0,1,0,0,0,0,0,0,0,0,0,0,0,0
3477,CN120495557A,0,0,1,0,1,0,0,0,0,0,0,0,0,0,0,0,0
3478,CN120496377A,0,0,0,1,1,0,0,0,0,0,0,0,0,0,0,0,1
3479,CN120496922B,0,0,0,0,0,0,0,0,0,0,0,0,0,0,0,1,0
3480,CN120498179A,0,0,0,0,0,0,0,1,0,0,0,0,0,0,0,0,0
3481,CN120503165B,0,0,0,0,0,0,1,1,0,0,0,0,0,0,1,0,0
3483,CN120503217B,0,0,0,0,0,0,0,0,0,0,0,0,0,1,0,0,0
3484,CN120503226A,0,0,0,1,0,0,0,0,0,0,0,0,0,0,1,1,1
3485,CN120503228A,0,0,0,0,0,0,1,0,0,0,0,1,0,0,0,1,0
3486,CN120503229A,0,0,0,0,0,0,0,0,0,0,0,0,0,0,0,0,1
3487,CN120503234A,0,0,0,0,0,0,1,1,0,0,0,0,0,0,1,0,0
3489,CN120503236A,0,0,0,0,0,0,1,1,0,0,0,0,0,0,1,1,0
3491,CN120503256A,0,0,0,0,0,0,0,0,0,0,0,0,0,0,1,0,0
3492,CN120503262A,0,0,0,0,1,1,0,0,1,0,0,0,0,0,1,0,0
3493,CN120503602A,0,0,0,0,0,0,0,0,0,0,0,0,0,0,0,0,1
3494,CN120504914A,0,0,0,0,0,0,0,0,0,0,0,0,0,0,0,0,0
3495,CN120506475A,0,0,0,0,0,0,1,1,0,0,0,0,0,0,0,0,0
3496,CN120506476A,0,0,0,0,0,0,1,1,0,0,0,0,0,0,0,0,0
3497,CN120506477A,0,0,0,0,0,0,1,1,0,0,0,0,0,0,0,0,0
3498,CN120506880A,0,0,0,0,1,0,0,0,1,0,0,0,0,0,0,0,0
3499,CN120507129A,0,0,0,0,0,0,0,1,0,0,0,0,0,0,1,0,0
3500,CN120508129A,1,0,0,0,0,0,0,1,0,0,1,0,0,1,0,0,0
3501,CN120508512A,0,0,0,0,0,0,0,0,0,0,0,0,0,0,0,0,0
3502,CN120509435A,1,0,0,0,0,0,0,0,0,0,0,0,0,1,0,0,0
3503,CN120510232A,0,0,0,0,1,0,0,0,0,0,0,0,0,0,0,0,0
3504,CN120511131A,0,0,0,0,0,0,0,0,0,0,0,0,0,0,0,0,0
3506,CN120513916A,0,0,1,0,1,1,0,0,0,0,0,0,1,1,0,0,0
3507,CN120515667A,0,0,0,0,0,0,0,0,0,0,0,0,0,0,0,0,0
3513,CN120516587B,0,0,0,0,0,0,0,0,0,0,0,0,0,0,0,0,0
3515,CN120516701A,0,0,1,1,1,0,0,0,0,0,0,0,0,0,0,0,1
3516,CN120516706A,0,0,0,0,0,0,0,1,0,0,0,0,0,1,0,0,0
3517,CN120516723A,1,1,1,0,1,0,0,0,0,0,1,0,0,1,0,0,0
3518,CN120516732A,0,0,0,0,0,0,0,0,0,1,0,0,0,0,0,0,0
3519,CN120516737A,0,0,0,0,0,0,1,1,0,0,0,0,0,0,1,0,0
3520,CN120516746A,0,0,0,0,0,0,0,1,0,0,0,0,0,0,1,0,0
3522,CN120516747A,0,0,0,0,0,0,1,0,0,0,0,0,0,0,0,1,0
3523,CN120516753A,0,0,0,0,0,0,0,0,0,0,0,0,0,0,0,0,0
3524,CN120517167A,0,0,0,0,0,0,0,1,0,0,0,0,0,0,0,0,0
3525,CN120521324A,0,0,0,0,0,0,0,0,0,0,0,0,0,0,0,0,0
3526,CN120521610A,0,0,1,0,1,1,0,0,0,0,0,0,0,1,0,0,0
3527,CN120521764A,0,0,0,0,0,0,0,0,0,0,0,0,0,0,0,0,0
3528,CN120524447B,0,0,0,1,0,0,0,0,0,0,0,0,0,1,0,0,1
3529,CN120524653A,0,0,0,0,0,0,0,0,0,0,0,0,0,0,0,0,0
3530,CN120524975B,1,0,0,0,0,0,1,0,0,0,1,0,0,1,0,0,0
3531,CN120525907A,0,0,0,0,1,0,0,0,0,0,0,0,0,0,0,0,0
3532,CN120526056A,0,0,0,0,0,0,0,0,0,0,0,0,0,1,0,0,0
3534,CN120527736A,0,0,0,0,1,0,0,0,0,0,0,0,0,0,1,0,0
3535,CN120529825A,0,0,0,0,0,0,0,0,0,0,0,0,0,1,0,0,0
3537,CN120530435A,0,0,1,0,1,0,0,0,0,0,0,0,0,0,0,0,0
3538,CN120531393A,0,0,0,0,1,0,0,0,0,1,0,0,0,0,0,0,0
3539,CN120533663A,0,0,0,0,1,0,0,1,1,0,0,1,1,0,0,0,0
3540,CN120533674A,0,0,0,0,0,0,1,1,0,0,0,0,1,0,0,0,0
3541,CN120533719B,0,0,1,0,0,0,0,0,0,0,1,0,0,1,0,0,0
3542,CN120533727A,0,0,0,0,0,0,0,0,0,0,0,0,0,0,1,0,0
3543,CN120533738A,0,0,0,0,0,0,1,1,0,0,0,0,0,0,0,0,0
3544,CN120533739B,0,0,0,0,0,0,1,1,0,0,0,0,0,0,0,1,0
3545,CN120533742A,0,0,0,0,0,0,1,1,0,0,0,0,0,0,0,1,0
3546,CN120533752A,0,1,0,0,0,0,1,0,0,0,0,0,0,0,0,0,0
3547,CN120533753B,0,0,0,0,0,0,0,0,0,0,0,0,0,0,0,1,0
3553,CN120534120A,0,0,0,0,0,0,0,1,0,0,0,0,0,0,0,0,0
3554,CN120535498A,0,0,0,0,0,0,0,0,0,0,0,0,0,1,0,0,0
3555,CN120538531A,0,0,0,0,0,1,0,0,0,0,0,0,0,0,0,0,0
3556,CN120538539A,0,0,1,0,1,1,0,0,0,0,0,0,0,0,0,0,1
3557,CN120538863B,1,0,1,0,1,0,0,0,1,0,1,0,0,1,0,0,0
3558,CN120540115A,1,0,0,0,0,0,0,0,0,0,1,0,0,0,0,0,0
3560,CN120542467A,1,0,1,1,0,0,0,0,0,0,0,0,0,1,0,0,1
3561,CN120542827A,0,0,0,0,0,0,0,0,0,0,0,0,0,0,0,0,0
3562,CN120543734A,0,0,0,0,1,0,0,0,0,0,0,0,0,0,0,0,0
3563,CN120545476A,0,0,0,0,0,0,0,0,0,0,0,0,0,0,0,0,0
3564,CN120551670A,1,0,1,0,1,1,0,1,0,0,0,1,1,1,1,0,0
3565,CN120552017A,0,0,0,0,0,0,1,0,0,0,1,0,0,0,0,0,0
3566,CN120552028A,0,0,0,0,0,0,1,0,0,0,0,0,0,0,0,0,0
3567,CN120552063A,1,0,0,0,0,0,0,1,0,0,0,0,0,0,1,0,0
3568,CN120552071A,0,0,0,1,0,0,0,0,0,0,0,0,0,1,0,0,1
3569,CN120552083B,0,0,0,1,0,0,1,1,0,0,0,0,0,0,0,0,1
3570,CN120552084B,1,0,1,0,0,1,0,0,0,0,0,0,0,1,0,0,0
3571,CN120552109A,0,0,0,0,0,0,1,0,0,0,0,0,0,0,0,0,0
3572,CN120552120A,0,0,0,1,1,0,1,1,1,0,0,0,1,0,0,0,1
3573,CN120552123A,0,0,0,1,0,0,0,0,0,1,0,0,0,0,0,0,1
3574,CN120552995A,1,0,0,0,0,0,1,1,0,0,1,0,0,0,0,1,0
3575,CN120554633A,0,0,0,0,0,0,0,0,0,0,0,0,0,0,0,0,0
3576,CN120557301A,0,0,0,0,0,0,0,0,0,0,0,0,0,0,0,0,0
3577,CN120558242B,0,0,1,0,1,0,0,0,1,0,0,0,0,0,0,0,0
3578,CN120559658A,0,0,1,0,1,0,0,0,0,0,0,0,0,0,0,0,0
3579,CN120560034B,0,0,0,0,0,1,0,0,0,0,0,0,0,1,0,0,0
3580,CN120560511A,0,0,0,1,1,0,0,0,1,0,0,0,1,0,0,0,1
3581,CN120562415B,0,0,0,0,0,0,0,0,0,0,0,0,0,0,0,0,0
3582,CN120563552A,1,0,0,0,1,0,0,0,0,0,0,0,0,0,0,0,0
3583,CN120566809A,0,0,0,0,0,0,1,1,0,0,0,0,0,0,0,0,0
3584,CN120572513A,0,0,1,0,0,1,0,0,0,0,0,0,0,0,0,0,0
3585,CN120572520A,0,0,0,0,0,0,1,1,0,0,0,0,0,1,0,0,0
3586,CN120572521A,0,0,0,1,0,0,0,0,0,0,0,0,0,0,0,0,1
3587,CN120572534A,1,0,1,0,1,0,0,1,0,0,0,0,0,1,0,0,0
3588,CN120572558A,0,0,0,0,0,0,1,0,0,0,1,0,0,0,0,0,0
3589,CN120572563B,0,0,0,0,0,0,0,1,0,0,0,0,0,0,0,0,0
3590,CN120572772A,0,0,0,0,0,0,0,0,0,0,0,0,0,0,0,0,0
3591,CN120576225A,0,0,0,0,0,0,1,1,0,0,0,0,0,0,0,0,0
3592,CN120578299B,0,0,0,1,1,0,0,0,0,0,0,0,0,0,0,0,1
3593,CN120579687A,0,0,1,0,1,1,0,0,0,0,0,0,0,0,0,0,0
3594,CN120588180A,0,0,0,0,0,0,1,0,0,0,0,0,0,1,0,1,0
3595,CN120588187B,0,0,0,1,0,0,1,0,0,0,0,1,0,0,0,1,1
3597,CN120588210A,1,0,0,1,0,0,0,0,0,0,0,0,0,1,1,0,1
3598,CN120588213A,0,0,0,0,1,0,0,0,0,0,0,0,0,1,1,0,0
3599,CN120588222A,0,0,0,0,0,0,0,0,0,0,0,0,0,1,0,0,0
3600,CN120588225A,1,1,0,0,0,0,0,0,0,0,1,0,0,1,0,0,0
3601,CN120588226A,0,1,0,0,0,0,0,1,0,0,0,0,0,0,0,0,0
3602,CN120588241A,1,0,0,0,0,0,0,0,0,0,0,0,0,1,0,0,0
3603,CN120588262A,0,0,0,0,0,0,1,1,0,0,0,0,0,0,1,0,0
3604,CN120588275A,0,0,0,0,0,0,1,1,0,0,0,0,0,0,0,0,0
3605,CN120588277A,0,0,0,0,0,0,0,1,0,0,0,0,1,0,0,0,0
3606,CN120588279B,0,0,0,0,0,0,1,1,0,0,0,0,0,0,0,1,0
3607,CN120588280B,0,0,0,0,0,0,1,0,0,0,0,0,0,0,0,1,0
3608,CN120588281A,0,0,0,0,0,0,1,1,0,0,0,1,0,0,0,0,0
3609,CN120588284A,0,0,0,0,0,0,1,0,0,0,0,0,0,0,0,0,0
3610,CN120588287A,0,0,0,0,0,0,1,1,0,0,0,0,0,0,0,0,0
3611,CN120588289A,0,0,0,0,0,0,0,0,0,0,1,0,0,0,0,1,0
3612,CN120588293A,0,0,0,0,0,0,0,0,0,0,0,0,1,0,0,0,0
3613,CN120589108B,0,0,0,0,0,0,1,1,0,0,1,0,0,0,0,0,0
3614,CN120592240A,0,0,0,0,0,0,0,1,0,0,0,0,0,0,0,0,0
3615,CN120593025A,0,0,0,0,0,0,1,0,0,1,1,0,0,0,0,1,0
3616,CN120593028A,0,0,0,0,0,0,1,0,0,0,0,0,0,0,0,1,0
3617,CN120593425A,0,0,0,0,0,0,0,0,0,0,0,0,0,0,0,0,0
3618,CN120593766B,0,0,1,0,1,0,0,0,0,0,0,0,0,0,0,0,0
3619,CN120595837A,1,0,0,0,0,0,0,0,0,0,1,0,0,1,0,0,0
3620,CN120596412B,0,0,0,0,0,0,0,0,0,0,0,0,0,0,0,0,0
3621,CN120597450B,0,0,0,0,0,0,0,0,0,0,0,0,0,0,0,0,0
3624,CN120597950B,1,0,0,0,0,0,0,0,0,0,0,0,0,0,0,0,0
3625,CN120597951A,0,0,0,0,0,0,0,0,0,0,0,0,0,0,0,0,0
3626,CN120598286B,0,0,0,0,0,0,0,0,0,0,0,0,0,1,0,0,0
3627,CN120599145A,0,0,0,0,1,0,0,0,0,0,0,0,0,0,0,0,0
3628,CN120599148B,0,0,0,0,1,0,1,0,0,0,0,0,0,0,0,0,0
3629,CN120599916A,0,0,0,0,0,0,0,0,0,0,0,0,0,0,0,0,0
3630,CN120602498B,0,0,0,0,0,0,0,0,0,0,0,0,0,0,0,0,0
3631,CN120602870B,0,0,0,0,0,0,0,0,0,0,0,0,0,0,0,0,0
3632,CN120606375A,1,0,1,0,0,1,1,1,0,0,1,1,0,1,1,0,0
3633,CN120606401A,0,0,0,0,0,0,0,0,0,0,0,0,0,1,0,0,0
3634,CN120606919A,0,0,0,0,0,0,1,1,0,0,1,0,0,0,0,0,0
3635,CN120609346A,1,0,0,0,0,0,1,0,0,0,0,1,0,1,0,0,0
3636,CN120609481A,0,0,0,0,0,0,0,0,0,0,0,0,0,0,0,0,0
3637,CN120609557A,0,0,0,0,0,0,1,0,0,0,0,0,0,0,0,0,0
3638,CN120609558A,0,0,0,0,0,0,1,0,0,0,0,0,0,0,0,0,0
3639,CN120612370A,0,0,0,0,1,0,0,0,0,0,0,0,0,0,0,0,0
3640,CN120614651A,0,0,0,0,0,0,0,0,0,0,0,0,0,0,0,0,0
3641,CN120619553A,0,0,0,1,0,0,0,1,0,0,0,0,0,0,0,0,1
3643,CN120620159A,0,0,0,0,0,0,1,1,0,0,0,0,1,0,0,1,0
3644,CN120620163B,0,0,0,0,0,0,0,0,0,0,1,1,0,0,1,0,0
3645,CN120620231B,0,1,0,1,0,0,0,0,0,0,0,0,0,1,0,0,1
3646,CN120620235B,0,0,0,1,0,0,0,0,0,0,0,0,0,1,0,0,1
3647,CN120620236B,0,0,1,1,1,0,0,0,0,0,0,0,0,1,0,0,1
3648,CN120620237B,0,0,0,1,0,0,0,0,0,0,0,0,0,1,0,0,1
3649,CN120620276A,0,0,0,0,0,0,1,1,0,0,0,0,0,0,0,0,0
3650,CN120620277A,0,0,0,0,0,0,1,0,0,0,0,0,0,0,0,1,0
3652,CN120620278A,0,0,0,0,0,0,1,1,0,0,0,1,0,0,0,0,0
3653,CN120620279A,0,0,0,0,0,0,1,1,0,0,0,0,1,0,0,0,0
3654,CN120620280A,0,0,0,0,0,0,1,1,0,0,0,0,0,0,0,1,0
3655,CN120620292B,0,0,0,0,0,0,0,1,0,0,0,0,0,0,0,0,0
3656,CN120620299A,0,0,0,0,0,0,1,0,0,0,0,0,0,0,0,1,0
3657,CN120620300A,1,0,0,0,0,0,0,0,0,0,0,0,0,1,0,0,0
3659,CN120620310A,0,0,0,0,0,0,1,1,0,0,0,0,0,0,0,0,0
3660,CN120620311B,0,0,0,0,0,0,0,1,0,0,0,0,0,0,0,0,0
3661,CN120620536A,0,0,0,0,0,0,0,0,0,0,0,0,0,0,0,0,0
3662,CN120620776A,0,0,0,0,0,0,0,0,0,0,0,0,0,0,1,0,0
3663,CN120621532A,0,0,0,0,0,0,1,1,0,0,1,0,0,0,0,1,0
3664,CN120621533A,1,0,0,0,0,0,1,0,0,0,0,0,0,0,0,0,0
3665,CN120621534B,0,0,0,0,0,0,1,1,0,0,1,0,0,1,0,1,0
3666,CN120621535B,0,0,0,0,0,0,1,0,0,0,1,0,0,0,0,1,0
3667,CN120622251A,0,0,1,1,1,0,0,0,0,0,0,0,0,0,1,0,0
3668,CN120631766A,0,0,0,0,1,0,0,0,0,0,0,0,0,0,0,0,0
3669,CN120633467B,0,0,1,0,0,1,0,0,0,0,0,0,0,0,0,0,0
3670,CN120633556A,0,0,0,0,0,0,0,0,0,0,0,0,0,1,0,0,0
3671,CN120633976A,0,1,1,0,0,1,0,0,0,0,0,0,0,0,0,0,0
3672,CN120635678B,0,0,1,0,1,0,0,0,0,0,0,0,0,0,0,0,0
3673,CN120635679B,0,0,1,0,1,0,0,0,0,0,0,0,0,0,0,0,0
3674,CN120635680B,0,0,1,0,1,0,0,0,0,0,0,0,0,0,0,0,0
3675,CN120635902B,0,0,1,0,1,0,0,0,0,0,0,0,0,0,0,0,0
3676,CN120638906B,0,0,0,0,0,0,0,1,0,0,0,0,0,0,0,0,0
3677,CN120640441A,0,0,0,0,0,0,0,0,0,0,0,0,0,0,0,0,0
3678,CN120640526A,0,0,0,0,0,0,0,0,0,0,0,0,0,1,0,0,0
3679,CN120640670A,0,0,0,0,1,0,0,1,0,0,0,0,0,0,1,0,0
3680,CN120645196A,0,0,0,0,0,0,1,1,0,0,0,0,1,0,0,0,0
3681,CN120645210B,1,0,0,1,0,0,0,1,0,0,0,0,0,1,0,0,1
3682,CN120645216B,0,0,0,0,0,0,0,1,0,0,0,0,0,1,1,0,0
3683,CN120645239B,0,0,0,1,0,0,0,0,0,0,0,0,0,1,0,0,1
3684,CN120645242A,0,0,0,0,1,0,0,1,0,0,0,0,1,0,0,0,1
3686,CN120645251A,0,0,0,0,0,0,1,1,0,0,0,0,0,0,0,1,0
3687,CN120645252B,0,0,0,0,0,0,1,1,0,0,0,0,0,0,0,0,0
3688,CN120645256A,0,0,0,0,0,0,1,1,0,0,0,0,0,0,0,0,0
3689,CN120646117A,0,0,0,0,0,0,1,1,0,0,1,0,0,0,0,1,0
3690,CN120650340B,0,0,0,0,0,0,1,0,0,0,0,0,0,0,0,0,0
3691,CN120650397A,0,0,0,0,0,0,1,0,0,0,0,0,0,0,0,0,0
3692,CN120653217A,0,0,0,1,0,0,0,0,0,1,0,0,0,0,0,0,1
3693,CN120653931A,0,1,0,0,0,0,0,0,0,0,0,0,0,0,0,0,0
3694,CN120657343B,0,0,0,0,0,0,0,0,0,0,0,0,0,0,0,0,0
3695,CN120658014A,0,0,0,0,0,0,0,1,0,0,0,0,0,0,0,0,0
3696,CN120658540A,0,0,0,0,0,0,0,0,0,1,0,0,0,0,0,0,0
3698,CN120658970A,0,0,0,1,1,0,0,0,0,0,0,0,0,1,0,0,1
3699,CN120659697A,0,0,0,1,0,0,0,0,0,0,0,0,0,1,0,0,1
3700,CN120662891A,0,0,0,0,0,0,0,0,0,0,0,0,0,0,0,0,0
3701,CN120663287A,0,0,0,0,1,0,0,0,1,0,0,0,0,0,0,0,0
3702,CN120663303A,0,0,0,1,1,0,0,0,0,1,0,0,0,1,0,0,1
3703,CN120663342A,0,0,0,0,0,0,1,0,0,0,0,0,0,0,1,0,0
3704,CN120663347A,0,0,0,0,0,0,1,0,0,0,0,0,0,0,0,1,0
3705,CN120663348A,0,0,0,0,0,0,1,1,0,0,0,0,0,0,0,0,0
3706,CN120663356A,1,0,0,1,0,0,0,0,0,0,1,0,0,1,0,0,1
3708,CN120663357A,0,0,0,0,0,0,1,0,0,0,0,0,0,0,0,1,0
3709,CN120663360A,0,0,0,0,1,0,0,0,1,0,0,0,1,0,0,0,0
3710,CN120664034A,0,0,0,0,0,0,1,1,0,0,1,0,0,0,0,0,0
3711,CN120664190A,0,0,1,0,1,0,0,0,0,0,0,1,0,0,1,1,0
3712,CN120669549B,0,0,0,1,0,0,0,0,0,0,0,0,0,0,0,0,1
3713,CN120672691B,0,0,0,0,1,0,0,0,1,1,0,0,0,0,0,0,0
3714,CN120672774A,0,0,0,0,1,0,0,0,0,0,0,0,0,0,0,0,0
3715,CN120680480A,1,0,0,0,0,0,1,1,0,0,0,1,0,0,0,0,0
3716,CN120680481A,0,0,0,0,1,0,0,1,1,0,0,0,1,0,0,0,0
3718,CN120680526A,0,0,0,0,0,0,0,0,0,0,0,0,0,1,0,0,0
3719,CN120680551A,0,0,0,0,0,0,1,1,0,0,0,0,0,0,0,1,0
3720,CN120680554A,0,0,0,0,0,0,1,0,0,0,0,0,1,0,0,0,0
3721,CN120680555A,0,0,0,0,0,0,1,1,0,0,0,0,0,0,0,0,0
3722,CN120680556A,0,0,0,0,0,0,1,1,0,0,0,0,0,0,0,0,0
3723,CN120680562A,0,0,0,0,0,0,0,0,0,0,0,1,0,0,0,0,0
3724,CN120681256A,0,0,0,0,0,0,0,0,0,0,0,0,0,0,0,0,0
3725,CN120681258A,1,0,0,0,0,0,1,1,0,0,1,0,0,0,0,0,0
3726,CN120682413A,0,0,0,0,0,0,0,0,0,0,0,0,0,0,0,1,0
3727,CN120684030A,0,0,0,0,0,0,0,0,0,0,0,0,0,0,0,0,0
3728,CN120684509A,0,0,0,0,0,0,0,1,0,0,0,0,0,0,0,0,0
3729,CN120686584A,1,0,0,0,0,0,1,1,0,0,1,0,0,1,0,0,0
3730,CN120686839A,0,1,1,1,1,1,0,0,0,1,0,0,0,0,0,0,1
3731,CN120687743B,0,0,0,0,0,0,0,0,0,0,0,0,0,1,0,0,0
3732,CN120689395A,0,0,0,0,1,0,0,0,0,0,0,0,0,0,0,0,0
3733,CN120689472A,0,0,0,0,1,0,0,0,0,0,0,0,0,0,0,0,0
3734,CN120696516A,0,0,0,0,0,0,0,0,0,0,0,0,0,0,0,0,0
3735,CN120696735A,0,0,0,0,0,0,1,0,0,0,0,0,0,0,0,0,0
3736,CN120696996A,0,0,1,1,0,0,0,0,0,0,0,0,0,1,0,0,1
3737,CN120696999B,0,0,1,0,0,0,0,0,0,0,0,0,0,1,0,0,0
3738,CN120697023A,0,0,0,0,0,0,0,0,0,0,0,0,0,1,0,0,0
3739,CN120697036B,1,0,0,0,0,0,0,0,0,0,0,0,0,1,0,0,0
3740,CN120697038B,0,0,0,0,0,0,1,1,0,0,0,0,0,0,0,0,0
3741,CN120697039B,1,0,0,0,0,0,1,0,0,0,0,0,0,1,0,0,0
3742,CN120697056B,0,0,0,0,0,1,0,0,0,0,0,0,0,1,1,0,0
3743,CN120697074A,0,0,0,0,0,0,0,0,0,0,0,0,0,0,1,0,0
3744,CN120697076A,0,0,0,0,0,0,1,1,0,0,0,0,0,0,0,0,0
3745,CN120697077A,0,0,0,0,0,0,1,1,0,0,0,0,0,0,0,0,0
3746,CN120697091A,0,0,0,0,0,0,1,1,0,0,0,0,0,0,0,0,0
3747,CN120697100A,0,0,0,0,0,0,1,1,0,0,1,0,0,0,0,0,0
3748,CN120697869B,0,0,1,0,0,0,1,0,0,0,1,0,0,1,0,1,0
3749,CN120697870B,0,0,0,0,0,0,1,0,0,0,1,0,0,0,0,1,0
3750,CN120701707A,0,0,0,0,0,0,0,1,0,0,0,0,0,0,0,0,0
3751,CN120701708A,0,0,0,0,0,0,1,0,0,0,0,0,0,0,0,0,0
3752,CN120701869A,0,0,0,0,0,0,1,1,0,0,0,0,0,0,0,0,0
3753,CN120702505A,1,0,0,0,0,0,0,0,0,0,1,0,0,0,0,0,0
3754,CN120702753A,0,0,0,0,0,0,0,0,0,0,0,0,0,0,0,0,0
3755,CN120704374A,1,0,0,0,0,0,0,0,0,0,0,0,0,1,0,0,0
3756,CN120706215A,0,0,0,0,1,0,0,0,0,0,0,0,0,0,1,0,0
3757,CN120709514B,0,0,0,0,0,0,0,0,0,0,0,0,0,0,0,0,0
3759,CN120710171A,0,0,0,0,1,0,0,0,0,0,0,0,0,0,1,0,0
3760,CN120710188A,0,0,0,0,0,0,0,0,0,0,0,0,0,0,0,0,0
3761,CN120710259B,0,0,0,0,0,0,0,1,0,0,0,0,0,0,0,0,0
3762,CN120711181A,0,0,0,0,1,0,0,0,0,0,0,0,0,0,0,0,0
3763,CN120715314A,0,0,0,0,0,0,0,1,0,0,0,0,0,0,0,0,0
3764,CN120715880A,0,0,1,0,0,0,0,0,0,0,0,0,0,1,0,0,0
3765,CN120715897A,0,0,1,1,0,0,0,0,0,0,0,0,0,1,0,0,1
3766,CN120715908B,0,0,0,0,0,0,1,1,0,0,0,0,0,0,0,0,0
3767,CN120715912B,0,0,0,1,0,0,0,0,0,0,0,0,0,1,0,0,1
3768,CN120715915B,1,0,1,0,1,0,1,1,0,0,1,0,0,1,0,0,0
3769,CN120715923A,1,0,0,0,0,0,0,1,0,0,0,0,0,0,0,0,0
3770,CN120715929A,0,0,0,0,0,0,1,0,0,0,0,0,0,0,1,0,0
3772,CN120715943B,0,0,0,0,0,0,1,1,0,0,0,0,0,0,0,1,0
3773,CN120715955A,0,0,0,0,0,0,1,1,0,0,0,0,0,0,0,0,0
3774,CN120715957B,0,0,0,0,0,0,0,1,0,0,0,0,0,0,1,0,0
3775,CN120715958A,0,0,0,0,0,0,0,0,0,0,0,0,0,0,0,0,0
3776,CN120716194A,0,0,0,0,0,0,0,0,0,0,0,0,0,0,0,0,0
3777,CN120716818B,0,0,0,0,0,0,0,1,0,0,0,0,0,0,0,0,0
3778,CN120717223A,0,1,0,0,0,0,0,0,0,0,0,0,0,0,0,0,0
3779,CN120720372B,0,0,0,0,0,0,1,0,0,0,0,0,0,0,0,0,0
3780,CN120720974A,0,0,0,0,0,0,0,0,0,0,0,0,0,0,0,1,0
3781,CN120721274B,0,0,0,0,0,0,1,0,0,0,1,0,0,1,0,0,0
3782,CN120724757A,0,0,0,0,0,0,1,0,0,0,1,0,0,0,0,0,0
3783,CN120731234A,0,0,0,0,0,0,0,0,0,0,0,0,0,0,0,0,0
3784,CN120734997A,1,0,0,0,0,0,1,1,0,0,0,0,0,0,0,1,0
3785,CN120735003A,1,1,0,0,0,0,0,1,0,0,0,0,0,1,0,0,0
3786,CN120735004A,0,0,0,1,0,0,0,1,0,0,0,0,0,1,1,0,1
3787,CN120735012A,1,0,1,0,0,1,0,0,0,0,0,1,0,1,0,0,0
3789,CN120735021B,0,0,0,0,0,0,0,0,0,0,0,0,0,1,0,0,0
3790,CN120735025A,0,0,0,0,0,0,0,0,0,0,0,0,0,0,0,0,0
3791,CN120735036B,0,0,0,0,0,0,0,1,0,0,0,0,0,0,0,1,0
3793,CN120735065A,0,0,0,1,1,0,0,0,1,0,0,1,1,1,0,0,1
3794,CN120735086A,0,0,0,0,0,0,1,1,0,0,0,0,0,0,0,0,0
3795,CN120735087A,0,0,0,0,0,0,1,1,0,0,0,0,0,0,0,0,0
3796,CN120735095A,0,0,0,0,0,0,0,0,0,0,0,0,0,0,0,0,0
3797,CN120735872A,0,0,0,0,0,0,1,1,0,0,1,0,0,0,0,1,0
3798,CN120736524A,0,0,0,0,0,0,0,0,0,0,0,0,0,0,0,0,0
3799,CN120740809A,0,0,0,0,0,0,0,0,0,1,0,0,0,0,0,0,0
3800,CN120740853B,0,0,0,0,0,0,0,1,0,0,0,0,0,0,0,0,0
3801,CN120744365A,0,0,0,1,0,0,0,0,0,0,0,0,0,1,0,0,1
3802,CN120745097A,0,0,0,0,0,0,0,0,0,0,0,0,0,0,0,0,0
3803,CN120746149A,0,1,0,0,0,0,0,0,0,0,0,0,0,0,0,0,0
3804,CN120748656A,1,0,0,1,0,1,0,0,0,1,0,0,0,1,0,0,1
3805,CN120750064A,0,0,0,0,0,0,0,1,0,0,0,0,0,0,0,0,0
3806,CN120750431B,0,0,0,0,0,0,0,0,0,0,0,0,0,1,0,0,0
3807,CN120751269A,0,1,1,0,1,0,0,0,0,0,0,0,0,0,0,0,0
3808,CN120755468B,0,0,0,0,0,0,0,0,0,0,0,0,0,0,0,0,0
3809,CN120755860A,0,0,0,0,1,0,0,0,0,0,0,0,0,0,1,0,0
3811,CN120755870A,1,0,0,1,0,0,0,0,0,0,0,0,0,1,0,0,1
3812,CN120755894B,0,0,0,1,1,0,0,0,0,0,0,0,0,1,0,0,1
3813,CN120755902B,0,0,0,0,0,0,1,0,0,0,0,0,0,0,1,0,0
3814,CN120755913B,0,0,0,0,0,0,1,1,0,0,0,1,0,0,0,0,0
3816,CN120755924A,0,0,0,0,0,0,0,0,0,0,0,0,0,0,0,0,0
3817,CN120758012A,0,0,0,0,0,0,0,0,0,0,0,0,0,0,0,0,0
3818,CN120759056A,0,0,0,0,1,0,0,1,0,0,0,0,0,0,1,0,0
3819,CN120759103A,0,0,0,0,0,0,0,0,0,0,0,0,0,0,1,0,0
3820,CN120759203B,0,0,0,0,0,1,0,1,0,0,0,0,0,0,0,0,0
3821,CN120762406A,0,0,1,0,1,1,0,0,0,0,0,0,0,0,0,0,0
3822,CN120763043A,0,0,0,0,0,0,0,0,0,0,0,0,0,0,0,0,0
3823,CN120763357A,0,0,0,1,1,0,0,0,0,0,0,0,0,0,0,0,1
3824,CN120763686A,0,1,0,0,0,0,0,0,0,0,0,0,0,1,0,0,0
3825,CN120764581A,0,0,1,1,0,0,0,0,0,0,0,0,0,1,0,0,1
3826,CN120764582A,0,0,1,1,0,0,0,0,0,0,0,0,0,1,0,0,1
3827,CN120769018A,0,0,0,0,1,0,0,0,0,0,0,0,0,0,0,0,1
3828,CN120772971A,0,0,0,0,0,0,0,0,0,0,0,0,0,0,0,0,0
3829,CN120773024A,0,0,0,0,1,0,0,0,0,0,0,0,0,1,0,0,0
3830,CN120773051B,1,0,0,0,0,0,1,0,0,0,1,0,0,1,0,1,0
3831,CN120773057A,0,0,1,1,1,0,0,0,0,0,0,0,0,1,0,0,1
3832,CN120773060A,0,0,0,1,1,0,0,0,0,0,0,0,0,0,0,0,1
3833,CN120773073A,1,0,0,0,0,0,0,0,0,0,0,0,0,1,1,0,0
3834,CN120773089A,0,0,0,0,0,0,1,1,0,0,0,1,0,0,1,0,0
3835,CN120773090A,0,0,0,0,0,0,1,1,0,0,0,0,0,0,0,1,0
3836,CN120773843A,0,0,0,0,0,0,1,0,0,0,0,0,0,0,1,1,0
3837,CN120773844A,1,0,0,0,0,0,1,1,0,0,0,1,0,1,1,0,0
3838,CN120777320A,0,0,0,0,0,0,1,0,0,0,0,0,0,0,0,0,0
3839,CN120777321A,0,0,0,0,0,0,0,1,0,0,0,0,0,0,0,0,0
3840,CN120779965A,1,0,1,0,0,1,0,0,0,0,0,0,0,1,0,0,0
3841,CN120782875A,0,0,0,0,1,0,0,0,0,0,0,0,0,0,0,0,0
3842,CN120786188A,0,0,0,0,1,1,0,0,0,0,0,0,0,0,0,0,0
3843,CN120788340A,0,0,0,0,0,0,0,0,0,0,0,0,0,0,0,0,0
3844,CN120791716A,1,0,0,0,1,0,1,1,1,0,0,1,0,1,1,0,0
3845,CN120791730A,0,0,1,0,1,1,0,0,0,0,0,0,0,1,1,0,0
3846,CN120791755A,0,0,0,1,0,0,0,0,0,0,0,1,0,0,1,0,1
3847,CN120791758A,1,0,0,1,0,0,0,1,0,0,0,0,0,1,0,0,0
3848,CN120791763A,0,0,0,0,1,0,0,0,0,0,0,0,0,1,0,0,0
3849,CN120791796A,1,0,0,0,0,0,1,1,0,0,0,1,0,1,0,0,0
3850,CN120791799A,0,0,0,1,0,1,0,0,0,0,0,0,0,0,0,0,1
3851,CN120791807B,0,0,1,0,1,1,0,0,0,0,0,0,0,0,0,0,0
3852,CN120791809B,1,0,1,0,1,1,0,0,0,0,0,0,0,1,1,0,0
3854,CN120791815A,0,0,0,1,0,0,1,0,0,0,0,0,0,1,0,1,1
3855,CN120791821A,0,0,0,0,0,0,1,1,0,0,0,0,0,0,1,0,0
3856,CN120791825A,0,0,0,0,0,0,1,1,0,0,0,0,0,0,1,0,0
3857,CN120791826A,0,0,0,0,0,0,1,1,0,0,0,0,0,0,1,1,0
3858,CN120791837A,0,0,0,0,0,0,0,0,0,0,0,1,0,0,0,0,0
3859,CN120791848A,0,0,0,0,0,0,0,1,0,0,0,0,0,1,1,0,0
3860,CN120792467A,0,0,0,0,0,0,0,1,0,0,0,0,0,0,0,0,0
3861,CN120792859A,0,0,1,0,1,1,0,0,0,0,0,0,0,0,0,0,0
3862,CN120792996A,1,0,0,0,0,0,1,1,0,0,1,1,0,0,0,0,0
3863,CN120793000A,0,0,0,0,0,0,1,0,0,0,1,0,0,0,0,0,0
3864,CN120793001A,0,0,0,0,0,0,1,1,0,0,1,0,0,0,0,0,0
3865,CN120793002B,1,0,0,0,0,0,1,1,0,0,1,0,0,1,0,0,0
3866,CN120793003A,1,0,0,0,0,0,1,1,0,0,1,0,0,0,0,0,0
3867,CN120794813A,0,0,0,0,0,0,0,0,0,0,0,0,0,0,0,0,0
3869,CN120798975A,0,0,0,0,0,0,0,0,0,0,0,0,0,0,0,0,0
3870,CN120799060A,0,0,0,0,0,0,1,0,0,0,0,0,0,0,0,1,0
3871,CN120799066A,0,0,0,0,0,0,1,0,0,0,0,0,0,0,0,0,0
3872,CN120800151A,0,0,0,0,0,0,0,0,0,0,0,0,0,0,0,0,0
3873,CN120800343B,0,0,1,0,1,1,0,0,0,0,0,0,0,0,0,0,0
3874,CN120802028A,0,0,0,0,0,0,0,1,0,0,0,0,0,0,0,0,0
3875,CN120802671A,0,0,0,0,0,0,0,0,0,0,0,0,0,1,0,0,0
3876,CN120802842A,1,0,0,0,0,0,0,1,0,0,1,0,0,1,0,0,0
3877,CN120803652A,0,0,0,0,0,0,0,0,0,0,0,0,0,1,0,0,0
3878,CN120803700A,0,0,0,0,0,0,0,0,0,0,0,0,0,1,1,0,0
3879,CN120805549B,0,0,0,0,0,0,0,0,0,0,0,0,0,0,0,0,0
3880,CN120807629A,0,0,0,1,1,0,0,0,0,0,0,0,0,0,0,0,1
3881,CN120809509A,0,1,0,0,0,0,0,0,0,0,0,0,0,0,0,0,0
3882,CN120810068A,0,0,0,0,0,0,0,0,0,0,0,0,0,0,0,0,0
3883,CN120810145A,0,0,0,0,0,1,0,0,0,0,0,0,0,0,0,0,0
3884,CN120810981A,0,0,0,0,0,0,1,1,0,0,0,0,0,0,0,1,0
3885,CN120811001A,0,0,0,0,0,0,0,1,0,0,0,0,0,0,0,0,0
3886,CN120811004A,0,0,0,0,0,0,0,1,0,0,0,0,0,0,0,0,0
3887,CN120816457A,0,0,0,0,0,0,1,0,0,0,0,0,0,0,0,0,0
3888,CN120816471A,0,0,0,0,1,0,0,0,0,0,0,0,0,1,1,0,0
3889,CN120816481B,0,0,1,1,0,0,0,0,0,0,0,0,0,1,0,0,1
3890,CN120816482A,1,0,1,0,0,0,0,1,0,0,1,0,0,1,0,0,0
3892,CN120816492A,1,0,1,0,1,1,0,1,0,0,0,0,0,1,0,0,0
3893,CN120816501B,0,0,0,0,0,0,1,1,0,0,0,0,0,1,0,1,0
3894,CN120816503B,0,0,1,0,1,1,0,0,0,0,0,0,0,0,0,0,0
3895,CN120816512A,0,0,0,0,0,0,0,0,0,0,1,0,0,1,0,0,0
3896,CN120816514A,0,0,0,0,0,0,0,0,0,0,0,1,0,1,1,0,0
3897,CN120816518A,0,0,0,0,0,0,1,1,0,0,0,0,0,0,1,1,0
3898,CN120816529A,0,0,0,0,0,0,1,1,0,0,0,0,0,0,0,0,0
3899,CN120816532B,0,0,0,0,0,0,1,1,0,0,0,0,0,0,0,0,0
3900,CN120816539A,0,0,0,0,0,0,1,1,0,0,1,0,0,1,0,0,0
3901,CN120817168A,0,0,0,0,0,0,1,1,0,0,1,0,0,0,0,0,0
3902,CN120818117A,0,0,0,0,0,0,0,0,0,0,0,0,0,0,0,0,0
3903,CN120819615A,0,0,0,0,0,0,1,0,0,0,0,0,0,0,0,0,0
3904,CN120820270B,0,0,0,0,0,0,0,0,0,0,0,0,0,0,1,0,0
3905,CN120821200B,0,0,0,0,0,0,0,0,0,0,0,0,0,1,0,0,0
3907,CN120823241B,0,0,0,0,0,0,0,0,0,0,1,0,0,1,0,0,0
3908,CN120823407A,0,0,1,0,0,0,0,0,0,0,0,0,0,0,0,0,0
3909,CN120828414A,0,0,0,0,0,0,1,1,0,0,0,0,0,0,0,0,0
3910,CN120830717A,0,0,0,0,0,0,1,0,0,0,0,0,0,0,0,1,0
3911,CN120833943B,0,1,0,0,0,0,0,0,0,0,0,0,0,0,0,0,0
3912,CN120834757A,0,0,0,0,0,0,0,1,0,0,0,0,0,0,0,0,0
3913,CN120839674A,0,0,0,0,0,0,0,1,0,0,0,0,0,0,1,0,0
3914,CN120839787A,1,0,1,1,1,0,0,0,0,0,0,0,0,1,1,0,1
3915,CN120839807A,0,0,0,0,0,0,1,1,0,0,1,0,0,0,0,0,0
3916,CN120839814B,1,0,0,0,0,0,0,1,0,0,0,0,0,1,0,0,0
3917,CN120839816A,0,0,0,0,0,0,1,1,0,0,0,0,0,0,1,1,0
3918,CN120839817A,0,0,0,0,0,0,1,0,0,0,0,0,0,0,1,0,0
3919,CN120839833A,0,0,0,0,0,0,0,0,0,0,0,0,0,0,1,1,0
3920,CN120839837B,0,0,0,0,0,0,1,0,0,0,0,0,0,0,0,1,0
3921,CN120839839B,0,0,0,0,0,0,1,0,0,0,0,0,0,0,0,0,0
3922,CN120839841A,0,0,0,0,0,0,1,1,0,0,0,1,0,0,0,0,0
3923,CN120840760A,0,0,0,0,0,0,1,1,0,0,1,0,0,0,0,0,0
3924,CN120841015A,0,0,0,0,0,1,0,0,0,0,0,0,0,0,0,0,0
3925,CN120842783A,0,0,0,0,0,0,0,0,0,0,0,0,0,0,0,0,0
3926,CN120848465A,0,0,0,1,0,1,0,0,0,0,0,0,0,1,0,0,1
3929,CN120851443A,0,0,0,0,0,0,0,0,0,0,0,0,0,0,0,0,0
3930,CN120855734A,0,0,0,0,0,0,0,1,0,0,0,0,0,0,0,0,0
3931,CN120855811A,0,0,0,0,0,0,1,1,0,0,0,0,0,0,0,1,0
3932,CN120862628A,1,0,0,0,0,0,0,1,0,0,0,1,0,0,1,0,0
3933,CN120862636A,1,0,0,0,0,0,1,0,0,0,0,1,0,0,0,0,0
3934,CN120862641B,1,0,0,1,1,0,1,0,1,0,0,0,0,1,0,0,1
3935,CN120862642B,0,0,0,1,0,0,0,0,0,0,0,0,0,0,0,0,1
3936,CN120862643B,1,0,0,1,1,0,0,1,1,0,0,0,0,0,0,0,1
3937,CN120862652A,0,0,0,0,0,0,1,1,0,0,0,0,0,0,0,0,0
3938,CN120862679A,0,0,1,0,0,0,0,0,0,0,0,0,0,1,0,0,0
3940,CN120862689B,1,0,1,1,0,0,0,0,0,0,0,0,0,1,0,0,1
3941,CN120862690B,1,0,0,0,0,0,1,1,0,0,0,0,0,1,0,0,0
3942,CN120862715B,0,0,1,1,1,0,0,0,0,0,0,0,0,0,0,0,1
3943,CN120862716B,0,0,1,1,1,0,0,0,0,0,0,0,0,0,0,0,1
3944,CN120862730A,0,0,0,0,0,0,1,1,0,0,0,0,0,0,1,0,0
3945,CN120862744A,0,0,0,0,0,0,1,1,0,0,0,0,0,0,1,0,0
3946,CN120862748B,0,0,0,0,0,0,1,1,0,0,0,1,0,0,0,0,0
3947,CN120862753A,0,0,0,0,0,0,0,0,0,0,0,0,0,0,0,0,0
3948,CN120862760A,1,0,0,0,0,0,0,1,0,0,0,1,0,1,1,0,0
3949,CN120863254A,0,0,0,0,0,1,0,0,0,0,1,0,0,1,0,0,0
3950,CN120863774A,1,0,0,0,0,0,1,0,0,0,1,0,0,0,0,0,0
3951,CN120865557A,0,0,0,0,0,0,0,0,0,0,0,0,0,0,0,0,0
3952,CN120871852A,0,0,1,0,1,1,0,0,0,0,0,0,0,0,0,0,0
3953,CN120871860A,1,0,1,0,0,0,1,1,0,0,1,0,0,1,0,1,0
3954,CN120873307B,0,0,0,0,0,1,0,0,0,0,0,0,0,0,0,0,0
3955,CN120873523A,0,0,0,0,0,0,0,0,0,0,0,0,0,0,0,0,0
3956,CN120877228A,0,0,1,1,1,0,0,0,0,0,0,0,0,1,0,0,1
3957,CN120877376A,0,0,0,0,1,0,0,0,0,1,0,0,0,0,0,0,0
3958,CN120880063B,0,0,0,0,0,0,0,1,0,0,0,0,0,0,0,0,0
3959,CN120881259A,0,0,0,1,1,0,0,0,1,0,0,0,0,0,0,0,1
3960,CN120883169A,0,0,0,1,0,0,0,0,0,0,0,0,0,0,0,0,1
3961,CN120884435A,0,0,0,1,0,0,0,1,0,0,0,1,0,1,1,0,1
3962,CN120886242A,1,0,0,1,0,0,0,1,0,0,0,0,0,0,0,0,1
3963,CN120886256A,1,0,0,0,0,0,1,1,0,0,1,0,0,1,0,0,0
3964,CN120886273B,0,0,1,1,1,1,0,0,0,0,0,0,0,0,0,0,1
3965,CN120886278A,0,0,1,1,1,0,0,0,0,0,0,0,0,1,0,0,1
3966,CN120886297A,1,0,0,0,0,0,1,0,0,0,0,0,0,0,0,0,0
3967,CN120886299B,0,0,0,0,0,0,1,1,0,0,0,0,0,0,0,0,0
3968,CN120886300A,0,0,0,0,0,0,1,1,0,0,0,0,0,0,0,0,0
3971,CN120886306A,0,0,0,0,0,0,1,0,1,0,0,0,1,0,0,0,0
3972,CN120886313A,0,0,0,1,0,0,1,0,0,0,0,0,0,0,0,0,0
3973,CN120890492B,0,0,0,0,0,0,0,1,0,0,0,0,0,0,0,0,0
3974,CN120895783A,0,0,0,0,0,0,0,0,0,0,0,0,0,0,0,0,0
3975,CN120896940A,0,0,0,0,0,0,0,0,0,0,0,0,0,1,0,0,0
3976,CN120897834A,0,0,0,0,0,0,0,0,0,0,0,1,0,1,1,0,0
3977,CN120897861A,0,0,0,0,0,0,0,0,0,0,0,0,0,0,0,0,0
3978,CN120901911B,0,0,0,1,1,0,0,0,1,0,0,1,1,1,1,0,1
3979,CN120901916A,0,0,0,0,0,0,1,0,0,0,0,1,0,0,0,0,0
3980,CN120901918A,0,0,0,0,0,0,0,1,0,0,0,0,0,0,0,0,0
3981,CN120901921A,0,0,0,0,0,0,0,1,0,0,0,1,0,0,1,0,0
3982,CN120901924B,1,0,0,1,1,0,1,1,1,0,0,1,1,1,1,0,1
3983,CN120901945B,0,0,1,0,0,0,0,1,0,0,0,0,0,1,0,0,0
3984,CN120901954A,1,0,0,0,0,0,1,0,0,0,1,0,0,1,0,0,0
3985,CN120901956A,1,0,0,0,0,0,0,0,0,0,0,0,0,1,1,0,0
3986,CN120901960A,0,1,0,0,0,0,0,0,0,0,0,0,0,0,0,0,0
3987,CN120901962A,0,0,0,0,0,0,0,1,0,0,0,0,0,0,0,0,0
3988,CN120901964B,1,0,0,0,0,0,1,1,0,0,0,0,0,1,0,0,0
3989,CN120901983B,0,0,0,1,0,0,0,1,0,1,0,0,0,0,0,0,1
3990,CN120902006A,0,0,0,0,0,0,1,1,0,0,0,1,0,0,0,1,0
3991,CN120902010A,0,0,0,0,0,0,1,0,0,0,0,1,0,0,0,1,0
3992,CN120902011A,0,0,0,0,0,0,1,0,0,0,0,1,0,0,0,0,0
3993,CN120902016A,0,0,0,0,0,0,0,1,0,0,0,0,0,0,1,0,0
3995,CN120904447A,0,0,0,0,0,0,0,0,0,0,0,0,0,0,0,0,0
3996,CN120907869A,0,0,1,0,1,0,0,0,0,0,0,0,0,0,0,0,0
3997,CN120909303B,1,1,1,0,0,1,0,0,0,0,0,0,0,1,0,0,0
3998,CN120909547A,0,0,0,1,0,0,0,0,0,0,0,0,0,0,0,0,1
3999,CN120909988A,0,0,1,0,1,0,0,0,0,0,0,0,0,0,0,0,0
4000,CN120911517A,0,0,0,0,0,0,0,0,0,0,0,0,0,0,0,0,0
4001,CN120912704A,0,0,1,0,1,0,0,0,0,0,0,0,0,0,0,0,0
4002,CN120913536A,0,0,0,0,0,0,0,1,0,0,0,0,0,1,0,0,1
4003,CN120914260A,0,0,0,0,0,0,0,0,0,0,0,0,0,0,0,0,0
4004,CN120915018A,0,0,0,0,0,0,0,1,0,0,0,0,0,0,0,0,0
4006,CN120915024A,0,0,0,0,0,0,0,1,0,0,0,0,0,0,0,0,0
4007,CN120916870A,1,0,0,0,0,0,0,1,0,0,0,0,0,1,0,0,0
4008,CN120921326A,0,1,1,0,1,1,0,0,0,0,0,0,0,0,0,0,0
4009,CN120921336B,0,0,0,1,0,0,0,1,0,0,0,0,0,0,0,0,1
4010,CN120921375A,1,0,0,0,0,1,0,0,0,0,1,0,0,0,0,0,0
4011,CN120921381A,0,0,0,1,0,0,0,0,0,0,0,0,0,1,0,0,1
4012,CN120921397A,0,0,0,0,0,0,0,1,0,0,0,0,0,1,0,0,0
4013,CN120921409A,1,0,1,0,1,0,0,0,0,0,0,1,0,1,1,0,0
4014,CN120921416A,0,0,0,0,0,0,0,0,0,0,0,0,0,0,1,0,0
4015,CN120921432A,0,0,0,0,0,0,1,1,0,0,0,1,0,0,0,0,0
4016,CN120921433A,0,0,0,0,0,0,1,1,0,0,0,0,0,0,0,0,0
4017,CN120921434A,0,0,0,0,0,0,1,0,0,0,0,0,0,0,1,1,0
4018,CN120921439B,1,0,0,1,0,0,1,1,0,0,1,0,0,1,0,0,1
4019,CN120921443A,0,0,0,0,0,0,1,1,0,0,0,0,0,0,0,0,0
4020,CN120921444A,0,0,0,0,0,0,0,1,0,0,0,0,0,0,0,0,0
4021,CN120925185A,0,0,0,0,0,1,0,1,0,0,0,0,0,1,1,0,0
4022,CN120925867A,0,0,0,0,0,1,0,0,0,0,0,0,0,0,0,0,0
4023,CN120927179B,0,0,0,1,1,0,0,0,0,1,0,0,0,0,0,0,1
4024,CN120928029B,0,1,0,0,0,0,0,0,0,0,0,0,0,0,0,0,0
4025,CN120928375B,0,0,1,0,1,1,0,0,1,0,0,0,0,0,0,0,0
4026,CN120930802B,0,0,0,1,0,0,0,0,0,0,0,0,0,0,0,0,1
4027,CN120931512A,0,0,1,0,0,1,0,0,0,0,0,0,0,0,0,0,0
4028,CN120932849A,0,0,0,1,0,0,0,0,0,1,0,0,0,0,0,0,1
4029,CN120933865B,0,0,0,0,0,0,0,0,0,0,0,0,0,0,0,0,0
4030,CN120934236A,0,0,0,0,0,0,0,1,0,0,0,0,0,0,0,0,0
4031,CN120934389A,0,0,0,0,0,0,0,1,0,0,0,0,0,0,0,0,0
4032,CN120935467A,0,0,0,0,1,0,0,0,1,0,0,0,1,0,0,0,0
4033,CN120936645A,0,0,0,0,0,0,0,0,0,0,0,0,0,0,0,0,0
4034,CN120937014A,0,0,0,1,0,0,0,0,0,0,0,0,0,1,0,0,1
4035,CN120941359A,0,0,0,0,0,0,1,0,0,0,0,0,0,0,0,0,0
4036,CN120941373A,0,0,0,0,0,0,0,1,0,0,0,0,0,0,0,0,0
4037,CN120941386A,0,0,0,0,1,0,0,1,1,0,0,0,0,0,0,0,0
4038,CN120941394A,0,0,0,0,0,0,0,1,0,0,0,0,0,0,0,0,0
4039,CN120941401A,1,0,0,0,0,0,0,0,0,0,0,0,0,1,0,0,0
4040,CN120941429A,0,0,0,0,1,1,1,0,0,0,0,0,0,1,1,1,0
4041,CN120941445A,0,0,0,0,0,0,1,1,0,0,0,0,0,0,0,1,0
4042,CN120941453A,0,0,0,0,0,0,0,0,0,0,0,0,0,1,0,0,0
4043,CN120946755B,0,0,0,0,0,0,1,1,0,0,0,0,0,0,0,0,0
4044,CN120946784A,0,0,0,0,0,0,1,1,0,0,0,0,0,0,0,0,0
4045,CN120947536A,0,0,0,0,0,0,0,1,0,0,0,0,0,0,0,0,0
4046,CN120947883A,0,0,0,0,0,0,0,0,0,0,0,0,0,0,1,0,0
4047,CN120948079B,0,1,0,0,0,0,0,0,0,0,0,0,0,0,0,0,0
4048,CN120949038A,0,0,0,0,0,0,0,1,0,0,0,0,0,0,0,0,0
4049,CN120949547A,0,0,0,0,0,0,0,0,0,0,0,0,0,1,0,0,0
4050,CN120949654A,0,0,0,0,0,0,0,1,0,0,0,0,0,0,0,0,0
4052,CN120951556A,0,0,0,0,0,0,0,0,0,0,0,0,0,0,0,0,0
4053,CN120953734A,0,0,0,1,1,0,0,0,0,0,0,0,0,0,0,0,1
4054,CN120958348A,0,0,1,0,1,0,0,0,0,0,0,0,0,0,0,0,0
4055,CN120961398A,0,0,0,0,1,0,0,0,0,0,0,0,0,0,0,0,0
4056,CN120962022A,0,0,0,0,0,0,0,1,0,0,0,0,0,0,0,0,0
4057,CN120962602A,0,0,0,0,0,0,1,0,0,0,0,1,0,0,1,0,0
4058,CN120962604A,0,0,0,0,0,0,0,0,0,0,0,1,0,0,1,0,0
4059,CN120962607A,0,0,0,0,0,0,0,0,0,0,0,0,0,0,1,0,0
4060,CN120962614A,0,0,0,0,0,0,1,0,0,0,0,0,0,0,0,1,0
4061,CN120962632A,0,0,0,0,0,0,0,0,0,0,0,0,0,0,0,0,0
4062,CN120962634A,0,0,0,0,0,0,0,1,0,0,0,0,0,0,0,0,0
4063,CN120962647A,0,0,0,0,0,0,1,1,0,1,0,0,0,0,0,0,0
4064,CN120962658A,0,0,0,0,0,0,0,1,0,0,0,0,0,0,0,0,0
4065,CN120962662B,0,0,1,0,1,1,0,0,0,0,0,0,0,0,1,0,0
4066,CN120962680B,1,0,0,0,0,0,0,1,0,0,0,1,0,0,0,0,0
4067,CN120962685B,0,0,0,0,1,0,0,0,1,0,0,0,0,0,1,0,0
4068,CN120962711A,0,0,0,0,0,0,1,1,0,0,0,0,0,0,0,0,0
4069,CN120962712A,0,0,0,0,0,0,1,0,0,0,0,1,0,0,0,0,0
4070,CN120962713A,0,0,0,0,0,0,1,0,0,0,0,0,0,0,0,1,0
4071,CN120962714A,0,0,0,0,0,0,1,0,0,0,0,0,0,0,0,1,0
4072,CN120962720A,0,0,0,0,0,0,1,0,0,0,0,1,0,0,0,0,0
4073,CN120962728A,0,0,0,0,0,0,1,1,0,0,0,0,0,0,0,0,0
4074,CN120963269A,0,0,0,0,0,0,0,1,0,0,0,0,0,0,0,0,0
4075,CN120963882A,1,0,0,0,0,0,1,1,0,0,1,0,0,0,0,0,0
4076,CN120968632A,0,0,1,0,1,0,0,0,0,0,0,0,0,0,1,0,0
4077,CN120969422A,0,0,0,0,0,0,1,0,0,0,0,0,0,0,0,0,0
4078,CN120970882B,0,0,0,0,0,0,0,0,0,0,0,0,0,0,1,0,0
4079,CN120970883A,0,0,0,0,0,0,0,0,0,0,0,0,0,0,0,0,0
4080,CN120972934B,0,0,0,0,0,1,0,0,0,0,0,0,0,0,0,0,0
4081,CN120973240B,0,0,0,0,0,0,0,1,0,0,0,0,0,0,1,0,0
4082,CN120973903A,0,0,0,1,0,0,0,0,0,0,0,0,0,0,0,0,1
4083,CN120974175A,0,0,0,0,0,0,1,1,0,0,0,0,0,0,0,0,0
4084,CN120974368A,0,0,1,1,0,0,0,0,0,0,0,0,0,1,0,0,1
4085,CN120975182A,0,0,0,0,1,0,0,0,0,0,0,0,0,0,0,0,0
4086,CN120977014A,0,0,0,0,1,0,0,0,0,0,0,0,0,0,1,0,0
4087,CN120979111A,0,0,0,0,0,0,0,1,0,0,0,0,0,0,0,0,0
4088,CN120979671B,0,1,0,0,0,0,0,0,0,0,0,0,0,0,0,0,0
4089,CN120980120A,0,0,0,0,0,0,0,0,0,0,0,0,0,0,0,0,0
4090,CN120981827A,0,1,0,1,0,0,0,0,0,0,0,0,0,0,0,0,1
4091,CN120984914B,0,0,0,0,0,0,0,1,0,0,0,0,0,0,1,0,0
4092,CN120985598A,1,0,1,1,1,0,1,0,1,0,1,1,1,1,1,0,1
4093,CN120985610A,0,0,1,1,1,0,0,0,1,0,0,0,1,0,0,0,1
4094,CN120985615B,1,0,0,0,0,0,1,1,0,0,0,0,0,0,0,0,0
4096,CN120985637A,0,0,0,0,0,0,0,1,0,0,0,0,0,1,0,0,0
4097,CN120985638A,0,0,1,0,0,1,0,0,0,0,0,0,0,0,0,0,0
4098,CN120985651A,0,1,0,1,0,0,0,0,0,0,0,0,0,0,0,0,1
4099,CN120985653A,0,0,0,1,0,0,0,0,0,0,0,0,0,0,1,0,1
4100,CN120985675B,1,0,0,0,0,0,0,1,0,0,0,1,0,1,1,0,0
4101,CN120985707A,0,0,0,0,0,0,1,1,0,0,0,0,0,0,0,1,0
4102,CN120985718A,0,0,0,0,0,0,1,1,0,0,0,0,0,0,0,0,0
4103,CN120985719A,0,0,0,0,0,0,0,1,0,0,0,0,0,0,0,0,0
4104,CN120985722A,0,0,0,1,1,0,1,0,1,0,0,1,0,0,1,0,1
4105,CN120986110A,1,0,0,0,0,1,0,0,0,0,1,0,0,1,0,0,0
4106,CN120988783A,0,0,0,0,0,0,0,0,0,0,0,0,0,0,0,0,0
4107,CN120991048A,0,0,0,0,0,0,0,0,0,0,0,0,0,0,0,0,0
4108,CN120991885B,0,0,1,0,0,1,0,0,0,0,0,0,0,0,0,0,0
4109,CN120992100A,0,0,0,0,0,0,0,0,0,0,0,0,0,0,0,0,0
4110,CN120993711B,1,0,0,0,0,0,0,1,0,0,0,0,0,1,0,0,0
4111,CN120993745A,0,0,0,0,0,0,0,1,0,0,0,0,0,0,0,0,0
4112,CN120993921B,1,0,1,0,0,1,0,0,0,0,1,0,0,1,0,0,0
4113,CN120993947A,1,0,0,0,0,0,0,0,0,0,1,0,0,0,0,0,0
4115,CN120994359A,0,0,0,0,0,0,0,0,0,0,0,0,0,0,0,0,0
4116,CN120995103A,0,0,0,0,0,0,1,1,0,0,0,0,0,1,0,0,0
4117,CN120995849A,0,0,0,0,0,0,0,1,0,0,0,0,0,0,0,0,0
4118,CN120996400A,0,0,0,0,0,0,0,0,0,0,0,0,0,1,0,0,0
4119,CN120996599A,0,0,0,0,0,0,0,0,0,0,0,0,0,0,0,0,0
4120,CN120997271A,0,0,0,0,1,0,0,0,1,0,0,0,0,0,0,0,0
4121,CN120997630A,0,0,1,0,1,0,0,0,0,0,0,0,0,0,0,0,0
4122,CN120998204A,0,0,0,1,1,0,0,0,0,0,0,0,0,0,0,0,1
4123,CN120998617A,0,0,0,0,0,0,0,0,0,0,0,0,0,0,0,0,0
4124,CN120999039A,0,0,0,0,0,0,0,0,0,0,0,0,0,1,0,0,0
4125,CN120999961A,0,0,0,0,0,0,0,1,0,0,0,0,0,0,0,0,0
4126,CN121001554B,0,0,0,0,0,0,0,1,0,0,0,0,0,0,0,0,0
4127,CN121004621A,1,0,0,0,1,1,0,0,1,0,0,0,0,1,1,0,0
4128,CN121004631A,0,0,0,0,0,0,1,1,0,0,0,0,0,0,0,0,0
4129,CN121008597B,1,0,0,0,0,0,0,0,0,0,1,0,0,1,0,0,0
4130,CN121011001A,0,0,0,0,1,0,0,1,0,0,0,0,1,0,0,0,0
4131,CN121011188A,0,0,0,1,0,0,0,0,0,0,0,0,0,0,0,0,1
4132,CN121018511A,0,0,1,0,0,1,0,0,0,0,0,0,0,0,0,0,0
4133,CN121018514A,0,0,0,0,0,0,1,1,0,0,0,0,0,0,0,1,0
4134,CN121018515A,0,0,0,0,0,0,0,1,0,0,0,0,0,0,0,0,0
4136,CN121018517A,0,0,0,1,1,0,0,0,0,0,0,0,0,0,1,0,1
4137,CN121018555A,0,0,1,0,1,1,0,0,0,0,0,0,0,1,0,0,0
4138,CN121018562A,0,0,0,1,0,0,0,0,0,0,0,0,0,1,0,0,1
4139,CN121018567A,1,0,0,0,0,0,0,0,0,0,0,0,0,1,0,0,0
4140,CN121018572A,0,0,0,0,1,0,0,0,1,0,0,0,0,0,1,0,0
4141,CN121018576A,1,0,0,0,0,0,1,0,0,0,1,0,0,1,0,0,0
4143,CN121018603B,0,1,0,0,0,0,0,1,0,0,0,0,0,0,0,0,0
4144,CN121018605A,0,0,0,0,0,0,0,1,0,0,0,0,0,0,0,0,0
4145,CN121018617A,1,0,0,1,0,0,0,0,0,0,0,1,0,0,0,0,1
4146,CN121018618A,0,0,0,0,0,0,1,0,0,0,0,0,0,0,1,1,0
4147,CN121018636A,0,0,0,0,0,0,0,1,0,0,0,0,0,0,1,0,0
4148,CN121018655A,0,0,0,0,0,0,1,0,0,0,0,1,0,0,1,0,0
4149,CN121018658A,0,0,0,0,0,1,0,0,0,0,0,0,0,0,0,0,0
4150,CN121018659A,0,0,0,0,0,0,1,0,0,0,0,0,1,0,0,0,0
4151,CN121018664A,0,0,1,0,0,1,0,0,0,0,0,0,0,0,0,0,0
4152,CN121019324A,0,0,0,0,0,0,0,0,0,0,0,0,0,0,0,0,0
4153,CN121019498A,0,0,0,0,0,1,0,0,0,0,0,0,0,1,1,0,0
4154,CN121019734A,0,0,0,0,0,0,1,1,0,0,1,0,0,0,0,0,0
4155,CN121019739A,0,0,0,0,0,0,1,1,0,0,1,0,0,0,0,0,0
4156,CN121020667A,0,0,0,0,0,0,0,0,0,0,0,0,0,0,0,0,0
4157,CN121022097A,0,0,0,0,0,0,0,0,0,0,0,0,0,0,0,0,0
4158,CN121026016A,0,0,0,0,0,0,0,0,0,0,0,0,0,0,0,0,0
4159,CN121026373A,0,0,0,0,0,0,0,0,0,0,0,0,0,0,0,0,0
4162,CN121028637A,0,0,1,0,0,1,0,0,0,0,0,0,0,1,0,0,0
4163,CN121028651B,0,0,1,0,1,1,0,0,0,0,0,0,0,1,0,0,0
4164,CN121028677A,1,0,0,0,1,0,0,0,1,0,0,0,0,1,0,0,0
4165,CN121029244A,0,0,0,0,0,0,0,0,0,0,0,0,0,1,0,0,0
4166,CN121031644A,0,0,0,0,0,0,0,0,0,0,0,0,0,1,0,0,0
4167,CN121031645A,0,0,0,0,0,0,0,0,0,0,0,0,0,1,0,0,0
4168,CN121031648B,0,0,0,1,0,0,0,0,0,0,0,0,0,0,0,0,1
4169,CN121031695A,0,0,0,0,0,0,0,0,0,0,0,0,0,0,0,0,0
4170,CN121032894A,0,0,1,0,1,1,0,0,1,0,0,0,0,1,0,0,0
4171,CN121033455B,0,0,0,0,1,0,0,0,0,0,0,0,0,0,0,0,0
4172,CN121033848A,0,0,0,1,1,0,0,0,0,0,0,0,0,0,0,0,1
4173,CN121034800A,0,0,0,0,0,0,0,0,0,0,0,0,0,0,0,0,0
4174,CN121036373A,0,0,0,0,0,0,1,1,0,0,0,0,0,0,0,0,0
4175,CN121036471B,0,0,0,0,0,0,1,1,0,0,0,0,0,0,0,0,0
4176,CN121037563A,0,0,0,0,1,0,0,0,0,0,0,0,0,0,0,0,0
4177,CN121043090A,1,0,0,0,0,0,0,1,0,0,0,0,0,1,0,0,0
4178,CN121043114A,0,0,0,0,1,0,0,0,0,0,0,0,0,1,0,0,0
4180,CN121043145A,1,0,0,0,0,0,1,0,0,0,0,0,0,1,1,0,0
4182,CN121043155B,0,0,0,0,0,0,1,0,0,0,0,0,0,0,0,0,0
4183,CN121043183A,0,0,0,0,0,0,0,1,0,0,0,0,0,0,0,0,0
4186,CN121043190A,0,0,0,0,0,0,0,0,0,0,0,0,0,0,1,0,0
4187,CN121043968A,0,0,0,0,0,0,1,1,0,0,1,0,0,0,0,0,0
4188,CN121047908A,0,0,0,0,0,0,0,1,0,0,0,0,0,0,0,0,0
4189,CN121047948A,0,0,0,0,0,0,0,1,0,0,0,0,0,0,0,0,0
4190,CN121049539A,0,1,0,0,0,0,0,0,0,0,0,0,0,0,0,0,0
4191,CN121050241A,1,0,0,0,0,0,1,1,0,0,1,0,0,1,0,0,0
4192,CN121050484A,0,0,0,0,0,0,1,1,0,0,0,0,0,0,0,1,0
4193,CN121053482A,0,0,0,0,1,0,0,0,0,0,0,0,0,1,0,0,0
4194,CN121053700A,1,0,0,0,0,0,0,0,0,0,0,0,0,1,0,0,0
4195,CN121053995A,0,0,0,1,0,0,0,0,0,0,0,0,0,0,0,0,1
4196,CN121061810A,0,0,0,0,0,0,1,1,0,0,0,1,0,0,0,0,0
4197,CN121061828A,0,0,0,0,0,0,1,1,0,0,0,1,0,0,1,1,0
4198,CN121061838A,0,1,0,0,1,0,0,0,0,0,0,0,0,0,0,0,0
4199,CN121061855A,1,0,0,0,0,0,1,0,0,0,1,0,0,1,0,0,0
4200,CN121061869A,0,0,0,1,1,0,0,0,0,0,0,0,0,1,1,0,1
4201,CN121061874B,0,0,0,0,0,1,0,0,0,0,0,0,0,0,0,0,0
4202,CN121061885A,1,0,0,0,0,0,1,0,0,0,0,0,0,1,0,0,0
4203,CN121061903B,1,0,0,0,0,0,0,0,0,0,0,1,0,1,0,0,0
4204,CN121061906B,0,1,1,1,1,0,0,0,0,0,0,1,0,1,0,0,1
4205,CN121061907B,0,0,1,1,0,0,0,0,0,0,0,0,0,1,0,0,1
4206,CN121061910B,1,0,0,0,1,0,0,0,0,0,0,0,0,1,0,0,0
4207,CN121061911A,0,0,0,0,1,1,0,0,0,0,0,0,0,0,0,0,0
4208,CN121061927A,0,0,0,0,0,0,1,1,0,0,0,0,0,0,0,1,0
4209,CN121061928A,0,0,0,0,0,0,1,1,0,0,0,0,0,0,0,1,0
4210,CN121065569A,0,0,0,0,0,0,0,1,0,0,0,0,0,0,0,0,0
4211,CN121067676A,0,0,0,1,1,0,0,0,0,0,0,0,0,0,1,0,1
4212,CN121067881A,0,0,1,0,1,1,0,0,0,0,0,0,0,0,0,0,0
4213,CN121068079A,0,0,0,0,0,0,0,0,0,0,0,0,0,1,1,0,0
4214,CN121069177A,0,0,0,0,0,0,0,1,0,0,0,0,0,0,0,0,0
4215,CN121069743B,1,0,1,0,0,0,1,1,0,0,1,0,0,1,0,0,0
4216,CN121070035A,0,0,0,0,0,1,0,0,0,0,0,0,0,0,0,0,0
4217,CN121072666A,0,0,0,0,0,0,0,0,0,0,0,0,0,0,0,0,0
4218,CN121072673A,0,0,0,0,1,0,0,0,0,0,0,0,0,1,0,0,0
4219,CN121074994A,0,0,0,0,1,0,0,0,0,0,0,0,0,0,1,0,0
4220,CN121075330B,1,0,0,1,0,0,0,0,0,0,0,0,0,1,0,0,1
4221,CN121075776A,0,0,0,0,0,0,0,0,0,0,0,0,0,0,0,0,0
4222,CN121083378B,0,0,0,0,1,0,0,0,0,0,0,0,0,0,1,0,0
4223,CN121083620A,0,0,0,0,0,0,0,1,0,0,0,0,0,1,1,0,0
4224,CN121083621A,1,0,0,0,0,0,0,0,0,0,0,0,0,1,0,0,0
4225,CN121083626A,0,0,0,1,0,0,0,1,0,0,0,0,1,0,0,0,1
4226,CN121083632A,1,0,0,0,0,0,0,0,0,0,0,1,0,0,1,0,0
4227,CN121083647B,0,0,0,0,0,1,0,0,0,0,0,1,0,0,1,0,0
4228,CN121083694A,0,0,0,0,0,0,1,0,0,0,0,0,0,0,0,1,0
4229,CN121083698B,0,0,0,0,0,0,1,1,0,0,0,0,0,0,0,0,0
4230,CN121084516A,0,0,0,0,0,0,1,1,0,0,1,0,0,0,0,1,0
4231,CN121085246A,0,0,0,0,0,0,0,0,0,0,0,0,0,0,0,0,0
4232,CN121086451A,0,0,0,0,0,0,0,0,0,0,0,0,0,0,0,1,0
4233,CN121088765A,0,0,0,0,0,0,0,0,0,0,0,0,0,0,0,0,0
4234,CN121089965A,0,0,0,0,0,0,0,0,0,0,0,0,0,0,1,0,0
4235,CN121091800A,0,1,0,1,1,0,0,0,0,0,0,0,0,0,0,0,1
4238,CN121091936A,0,0,1,0,0,0,0,0,0,0,0,0,0,1,0,0,0
4239,CN121091937A,0,0,0,0,0,0,0,0,0,0,0,0,0,1,0,0,0
4240,CN121093995A,0,0,0,1,1,0,0,0,0,0,0,0,1,1,0,0,1
4241,CN121095316A,0,0,0,0,1,1,0,0,1,0,0,0,0,1,0,0,0
4242,CN121095343B,0,0,1,0,1,0,0,0,0,0,0,0,0,0,0,0,0
4243,CN121096201A,0,0,0,0,0,0,0,1,0,0,0,0,0,0,1,0,0
4244,CN121101964A,1,0,0,0,0,0,0,0,0,1,0,1,0,1,1,0,0
4245,CN121104646A,0,0,0,0,0,0,0,1,0,0,0,0,0,0,1,0,0
4246,CN121104967A,0,0,1,0,1,0,0,0,0,0,0,0,0,1,1,0,0
4247,CN121105011A,0,0,1,0,1,1,0,0,0,1,0,0,0,1,0,0,0
4248,CN121105017A,0,0,1,0,0,0,0,0,0,0,0,0,0,1,0,0,0
4249,CN121105040B,0,0,0,0,0,0,0,0,0,0,0,1,0,1,0,1,0
4250,CN121105043A,1,0,0,0,0,0,0,0,0,0,0,0,0,0,0,0,0
4251,CN121105047B,1,0,0,0,0,0,0,0,0,0,0,0,0,1,0,0,0
4252,CN121105080A,0,0,0,0,0,0,1,0,0,0,0,0,0,0,0,1,0
4253,CN121105081A,0,0,0,0,0,0,1,0,0,0,0,0,0,0,0,1,0
4254,CN121105083A,0,0,0,0,0,0,1,0,0,0,0,0,0,0,0,1,0
4255,CN121108711A,0,0,0,0,0,0,0,0,0,0,0,0,0,0,0,0,0
4256,CN121111957A,0,0,0,0,0,0,1,0,0,0,0,0,0,0,0,1,0
4257,CN121113125A,0,0,0,0,0,1,0,0,0,0,0,0,0,0,0,0,0
4258,CN121113341A,0,0,0,0,0,0,0,0,0,0,0,0,0,0,1,0,0
4259,CN121115523B,0,0,1,0,0,1,0,0,0,0,1,0,0,0,0,0,0
4260,CN121115572A,0,0,1,0,1,1,0,0,0,0,0,0,0,0,0,0,0
4261,CN121116039A,0,0,0,1,0,0,0,0,0,0,0,0,0,0,0,0,1
4262,CN121116062A,0,0,1,1,0,0,0,0,0,0,0,0,0,1,0,0,1
4263,CN121118871A,0,0,1,0,1,0,0,0,0,0,0,0,0,0,0,0,0
4264,CN121118963A,0,0,0,1,0,0,0,0,0,0,0,0,0,0,0,0,1
4265,CN121120556A,0,0,0,0,1,0,0,0,0,0,0,0,0,0,0,0,0
4266,CN121120695A,0,0,0,0,1,1,0,0,0,0,0,0,0,0,0,0,0
4267,CN121120740A,0,0,0,0,1,0,0,0,0,0,0,0,0,0,0,0,0
4268,CN121121024A,0,0,1,1,1,1,0,0,0,0,0,0,0,0,0,0,1
4269,CN121121296A,0,0,1,1,1,0,0,0,0,0,0,0,0,0,0,0,1
4270,CN121122834A,0,0,0,0,0,0,0,0,0,0,0,0,0,0,0,0,0
4271,CN121123358A,0,0,0,0,0,0,0,0,0,0,0,0,0,0,0,0,0
4272,CN121124445A,0,0,0,0,0,0,1,1,0,0,1,0,0,0,0,0,0
4273,CN121125936A,0,0,0,1,1,0,0,0,0,0,0,0,0,1,0,0,1
4274,CN121127816A,0,0,0,1,0,0,0,0,0,0,0,0,0,1,0,0,1
4275,CN121127895A,0,1,1,0,1,1,0,0,0,0,0,0,0,0,0,0,0
4276,CN121127923A,0,0,0,0,0,0,0,0,0,1,0,0,0,0,0,0,0
4277,CN121132588A,0,0,0,0,0,0,0,0,0,0,0,1,0,0,0,0,0
4278,CN121132616A,0,0,0,0,0,0,0,1,0,0,0,0,0,1,0,0,0
4279,CN121132639A,0,0,0,1,0,0,0,0,0,0,0,0,0,0,0,0,1
4280,CN121132640A,1,0,0,1,0,0,0,1,0,0,0,0,0,1,0,0,1
4281,CN121132649A,0,0,1,0,0,0,0,0,0,0,0,0,0,1,0,0,0
4282,CN121132667A,0,0,0,1,1,0,0,0,0,0,0,0,0,1,0,0,1
4283,CN121132671A,1,0,0,0,0,0,0,0,0,0,1,0,0,1,0,0,0
4285,CN121132675A,0,0,0,1,1,0,0,0,0,0,0,0,0,0,0,0,1
4286,CN121132693A,0,0,0,0,0,0,0,0,0,0,0,0,0,1,0,0,0
4287,CN121132695A,1,0,0,0,0,0,1,0,0,0,1,0,0,1,0,0,0
4288,CN121132706A,0,1,0,0,0,0,0,1,0,0,0,0,0,0,0,0,0
4289,CN121132710A,0,0,0,0,1,0,0,0,0,0,0,0,0,0,0,0,0
4290,CN121132717A,0,0,0,0,0,0,1,1,0,0,0,0,0,0,1,1,0
4291,CN121132724A,0,0,0,0,0,0,1,0,0,0,0,0,0,0,0,0,0
4292,CN121132725A,0,0,0,0,0,0,1,1,0,0,0,0,0,0,1,0,0
4293,CN121132728A,0,0,0,0,0,0,1,0,0,0,0,0,0,0,0,1,0
4295,CN121132747A,0,0,0,0,0,0,0,1,0,0,0,0,1,0,0,0,0
4296,CN121133872A,0,0,0,0,0,0,1,1,0,0,1,0,0,0,0,0,0
4297,CN121133874B,0,0,0,0,0,0,1,1,0,0,1,0,0,0,0,0,0
4299,CN121136393A,0,0,0,0,0,0,0,0,0,0,0,0,0,0,0,0,0
4300,CN121136581A,0,0,0,0,0,0,0,0,0,0,0,0,0,0,0,0,0
4301,CN121139664A,0,0,0,0,0,0,0,0,0,0,0,0,0,0,0,0,0
4302,CN121140761A,0,0,1,0,1,0,0,0,0,0,0,0,0,0,0,0,0
4303,CN121143869B,0,1,0,1,0,0,0,0,0,0,0,0,0,0,0,0,1
4304,CN121145426A,0,0,0,0,0,0,1,0,0,0,0,0,0,0,0,0,0
4305,CN121146090A,0,0,0,1,1,0,0,0,0,0,0,0,0,0,0,0,1
4306,CN121147395A,0,0,0,0,1,0,0,0,1,0,0,0,0,0,1,0,0
4307,CN121147402A,0,0,1,0,1,0,0,0,1,0,0,0,0,0,0,0,0
4309,CN121148009A,0,0,0,1,1,0,0,0,0,0,0,0,0,1,0,0,1
4310,CN121148801A,0,0,0,0,0,0,0,0,0,0,0,0,0,1,0,1,0
4311,CN121148885A,0,0,0,0,0,0,0,0,0,0,0,0,0,0,0,0,0
4312,CN121149613A,0,0,0,0,0,0,0,0,0,0,0,0,0,0,0,0,0
4313,CN121149766A,0,0,0,0,0,0,0,1,0,0,0,1,0,0,1,0,0
4314,CN121150357A,0,0,0,0,0,0,1,1,0,0,0,0,0,0,0,1,0
4315,CN121151459A,0,0,0,0,0,0,0,0,0,0,0,0,0,0,0,0,0
4316,CN121156703A,0,0,0,0,0,0,0,1,0,0,0,0,0,0,0,0,0
4317,CN121156984A,0,0,0,0,0,0,1,1,0,0,0,0,1,0,0,0,0
4318,CN121156985B,1,0,0,0,0,0,1,1,0,0,1,0,0,1,0,0,0
4319,CN121156986B,0,0,0,0,0,0,1,1,0,0,0,0,0,0,0,0,0
4320,CN121156987A,1,0,0,0,0,0,0,0,0,0,0,1,0,1,0,0,0
4321,CN121156997A,1,0,0,0,0,0,1,0,0,0,0,1,0,0,1,0,0
4322,CN121157000A,0,0,0,0,0,0,1,0,0,0,0,1,0,0,0,0,0
4323,CN121157001A,0,0,0,0,0,0,0,1,0,0,0,0,0,0,1,0,0
4324,CN121157009A,1,0,0,0,0,0,0,0,0,0,0,0,0,1,0,0,0
4325,CN121157044B,0,0,0,0,1,0,0,1,0,0,0,0,0,0,0,0,0
4326,CN121157069B,0,0,0,0,0,0,1,1,0,0,1,1,0,0,0,0,0
4327,CN121157096A,0,0,0,0,0,0,1,1,0,0,1,1,0,0,0,0,0
4328,CN121157103A,0,0,0,0,0,0,1,1,0,0,0,1,0,0,1,0,0
4329,CN121157111B,0,1,0,0,0,0,0,0,0,0,0,1,0,0,0,0,0
4330,CN121157114A,0,0,0,0,0,0,0,1,0,0,0,0,0,0,0,0,0
4331,CN121157116A,0,1,0,0,0,0,0,1,0,0,0,0,0,0,0,0,0
4332,CN121157117A,0,0,0,1,1,0,0,0,0,0,0,0,0,1,1,0,1
4333,CN121157683A,0,0,0,0,0,0,0,0,0,0,0,0,0,0,0,0,0
4334,CN121158079A,0,0,0,0,0,0,1,1,0,0,1,0,0,0,0,0,0
4335,CN121158081B,0,0,0,0,0,0,1,1,0,0,1,0,0,0,0,0,0
4336,CN121158678A,0,0,0,0,0,0,0,0,0,0,0,0,0,0,0,0,0
4337,CN121162308A,0,0,0,0,0,0,0,1,0,0,0,0,0,1,1,0,0
4339,CN121162593A,0,0,0,0,0,0,0,1,0,0,0,0,0,0,0,0,0
4340,CN121162660A,0,0,0,0,0,0,1,0,0,0,0,0,0,0,0,1,0
4341,CN121163501A,0,0,0,0,0,1,0,0,0,0,0,0,0,0,0,0,0
4342,CN121163530B,0,0,1,0,1,1,0,0,0,0,0,0,0,1,0,0,0
4343,CN121163716A,0,0,0,0,0,0,1,0,0,0,0,0,0,0,0,1,0
4344,CN121169410A,0,0,0,1,0,1,0,0,0,0,0,0,0,0,0,0,1
4345,CN121169729B,0,0,1,0,1,0,0,0,0,0,0,0,0,0,0,0,0
4346,CN121170095B,0,0,0,0,0,0,0,0,0,0,0,0,0,0,0,0,1
4347,CN121170798A,0,0,1,0,1,0,0,0,0,0,0,0,0,0,0,0,0
4348,CN121171776B,0,0,0,0,0,0,0,0,0,0,0,0,0,0,0,0,0
4349,CN121173812A,0,0,0,0,0,0,0,0,0,0,0,0,0,1,0,0,0
4350,CN121175543A,0,0,0,0,0,0,0,0,0,0,0,0,0,0,1,0,0
4351,CN121179404A,0,0,1,0,1,0,0,0,0,0,0,0,0,1,0,0,0
4352,CN121179415A,0,0,0,0,1,0,0,0,0,0,0,0,0,0,1,0,0
4353,CN121179421A,1,0,0,0,1,0,0,0,0,0,0,0,0,1,0,0,0
4354,CN121179424B,1,0,0,0,0,0,0,0,0,0,0,1,0,0,0,0,0
4355,CN121179433A,0,0,0,0,1,0,0,0,1,0,0,0,0,0,0,0,0
4356,CN121179441B,1,0,0,0,0,0,0,0,0,0,1,0,0,1,0,0,0
4357,CN121179445B,0,0,0,1,0,0,0,0,0,0,0,0,0,0,0,0,1
4358,CN121179452A,0,0,0,0,0,0,1,1,0,1,0,0,0,0,1,0,0
4360,CN121179454A,0,0,0,0,0,0,0,0,0,0,0,0,0,0,1,0,0
4361,CN121179462A,0,0,0,0,0,0,1,0,0,0,1,0,0,0,0,1,0
4362,CN121179463A,0,0,0,0,0,0,1,0,0,0,0,0,0,0,0,1,0
4363,CN121179474A,0,0,0,0,0,0,0,0,0,0,0,0,0,1,0,0,0
4364,CN121179478B,0,0,1,1,1,1,0,0,0,0,0,0,0,1,0,0,1
4365,CN121179479A,0,0,0,1,0,0,0,0,0,0,0,0,0,1,0,0,1
4366,CN121179480A,0,0,0,0,0,0,1,1,0,0,0,0,1,0,0,0,0
4368,CN121179481A,0,0,0,1,0,0,0,0,0,0,0,0,0,1,0,0,1
4369,CN121180329A,0,0,0,0,0,0,1,0,0,0,0,0,0,0,0,1,0
4370,CN121180331A,1,0,0,0,0,0,1,1,0,0,1,1,0,1,1,0,0
4371,CN121185305A,0,0,1,0,1,1,0,0,0,0,0,0,0,0,0,0,0
4372,CN121185320B,0,0,0,0,0,1,0,0,0,0,0,0,0,0,0,0,0
4373,CN121186788B,0,0,1,0,0,1,1,0,0,0,0,0,0,0,0,0,0
4374,CN121187142B,0,0,1,1,1,1,0,0,0,0,0,0,0,1,0,0,1
4375,CN121188423A,0,0,0,0,0,0,0,0,0,0,0,0,0,1,0,0,0
4377,CN121189051B,0,0,0,0,0,0,1,1,0,0,0,0,0,0,0,0,0
4378,CN121189138A,0,0,0,0,0,0,0,0,0,0,0,0,0,0,0,0,0
4379,CN121189374A,1,0,0,0,0,0,0,0,0,0,0,0,0,1,0,0,0
4380,CN121191875A,0,0,0,0,0,0,0,0,0,0,0,0,0,0,0,0,0
4381,CN121192967A,0,0,0,0,0,0,0,1,0,0,0,0,0,0,0,0,0
4382,CN121193002A,0,0,0,0,0,0,0,1,0,0,0,0,0,0,0,0,0
4383,CN121194347A,0,0,0,1,0,1,0,0,0,0,1,0,0,1,0,0,1
4384,CN121195787A,0,0,1,0,1,1,0,1,0,0,0,0,0,0,1,0,0
4385,CN121199939A,0,0,0,0,0,0,1,1,0,0,0,1,0,0,0,0,0
4386,CN121199952A,0,0,0,0,0,0,1,0,0,0,0,0,1,0,0,0,0
4387,CN121199956A,0,0,0,0,0,0,1,1,0,0,0,1,0,0,1,0,0
4388,CN121199968A,1,0,0,0,0,0,1,1,0,0,0,0,0,1,0,0,0
4389,CN121199987A,0,0,0,1,1,0,0,0,0,0,0,0,0,0,0,0,1
4390,CN121199992A,1,0,1,0,1,0,0,0,1,0,1,0,0,0,0,0,0
4391,CN121199998B,0,0,0,1,1,0,0,0,0,0,1,0,0,0,0,0,1
4392,CN121200007A,0,0,0,0,0,0,1,1,0,0,0,0,0,0,0,0,0
4394,CN121200035A,0,0,0,0,0,0,0,0,0,0,0,0,0,0,0,0,0
4395,CN121200037B,0,0,0,0,0,0,0,1,0,0,0,1,0,1,1,0,0
4396,CN121200040B,1,0,0,1,0,1,0,0,0,0,0,1,1,1,1,0,1
4397,CN121200045A,0,0,0,0,0,0,1,1,0,0,0,0,0,0,1,1,0
4398,CN121200066A,0,0,0,0,0,0,1,1,0,0,0,0,0,0,0,0,0
4400,CN121200082A,0,0,0,0,0,0,1,0,0,0,0,0,0,0,0,1,0
4401,CN121200083A,0,0,0,0,0,0,1,0,0,0,0,0,0,0,0,1,0
4402,CN121200084B,0,0,0,1,0,0,0,0,0,0,0,0,0,1,0,0,1
4403,CN121200086B,0,0,0,0,0,0,1,1,0,0,0,0,1,0,0,0,0
4405,CN121200087A,1,0,1,1,1,0,0,0,0,0,0,0,0,1,0,0,1
4406,CN121200088B,1,0,0,1,0,0,0,0,0,0,0,0,0,0,0,0,1
4407,CN121200264A,0,0,0,0,0,0,0,0,0,0,0,0,0,0,0,0,0
4408,CN121200398A,0,0,0,0,0,0,0,1,0,0,0,0,0,0,1,0,0
4409,CN121200445A,0,0,0,0,0,0,1,0,0,0,0,1,0,0,0,1,0
4411,CN121201242A,0,0,0,0,0,0,1,1,0,0,1,0,0,0,0,0,0
4412,CN121201244A,1,0,0,0,0,0,1,1,0,0,1,0,0,0,0,0,0
4413,CN121206020A,0,0,0,0,0,0,0,1,0,0,0,0,0,0,0,0,0
4414,CN121206176A,0,0,0,0,0,0,1,0,0,0,0,0,0,0,0,0,0
4415,CN121207224B,0,0,0,0,0,0,0,0,0,0,0,0,0,0,0,0,0
4416,CN121208854A,0,0,0,0,1,0,0,0,1,0,0,0,0,0,0,0,0
4417,CN121209571A,0,0,0,0,0,1,0,0,0,0,0,0,0,1,0,0,0
4418,CN121209575A,0,0,1,0,1,1,0,0,0,0,0,0,0,0,0,0,0
4419,CN121211123A,1,0,0,0,0,0,1,0,0,0,0,0,0,0,0,0,0
4421,CN121211705A,0,0,0,0,0,0,0,0,0,0,0,0,0,0,0,0,0
4422,CN121212196B,0,0,1,1,0,0,0,0,0,0,0,0,0,1,0,0,1
4423,CN121212731B,0,0,0,0,0,0,0,0,0,0,0,0,0,1,0,0,0
4424,CN121213647A,0,0,0,0,1,0,0,0,0,0,0,0,0,0,0,0,0
4425,CN121214323A,0,0,0,0,1,0,0,0,0,0,0,0,0,0,0,0,0
4426,CN121214400A,0,0,1,0,1,0,0,0,0,0,0,0,0,0,0,0,0
4427,CN121214439A,0,0,1,0,1,1,0,0,0,0,0,0,0,1,0,0,0
4428,CN121214917A,0,0,0,1,0,0,0,0,0,0,0,0,0,0,0,0,1
4429,CN121215348A,0,1,0,0,0,0,0,0,0,0,0,0,0,0,0,0,0
4430,CN121217828A,0,0,0,0,1,0,0,0,0,0,0,0,0,0,0,0,0
4431,CN121218665B,0,0,0,0,0,0,0,0,0,0,0,0,0,0,0,0,0
4432,CN121219713A,0,0,0,0,0,0,0,0,0,0,0,0,0,1,0,0,0
4433,CN121222019A,0,0,0,0,0,0,0,0,0,0,0,0,0,0,0,0,0
4434,CN121223508A,0,0,0,0,1,0,0,0,0,0,0,0,0,0,0,0,0
4435,CN121223751A,0,0,0,1,0,0,1,1,0,0,0,1,0,0,0,0,1
4436,CN121223761A,0,0,0,1,0,0,0,0,0,0,0,0,0,0,0,0,1
4437,CN121223770A,1,0,1,0,0,1,0,0,0,0,1,0,0,1,0,0,0
4438,CN121223773A,1,0,1,0,0,0,0,1,0,0,0,0,0,1,0,0,0
4439,CN121223774A,0,1,1,0,1,1,0,0,0,0,1,0,0,0,0,0,0
4440,CN121223807A,0,0,0,1,1,0,0,0,0,0,0,1,0,1,1,0,1
4441,CN121223816A,0,0,0,1,0,0,0,0,0,0,0,0,0,1,0,0,1
4442,CN121223818A,1,0,0,1,0,0,0,0,0,0,0,0,0,1,0,0,1
4443,CN121223825A,0,0,0,0,0,0,0,0,0,0,0,0,0,0,1,0,0
4444,CN121223834A,1,0,0,0,0,0,1,0,0,0,0,0,0,0,1,1,0
4445,CN121223837A,0,0,0,0,0,0,1,0,0,0,0,0,0,0,1,1,0
4446,CN121223838A,0,0,0,0,0,0,1,1,0,0,0,0,0,0,1,0,0
4447,CN121223847A,0,0,0,0,0,0,1,1,0,0,0,0,0,0,0,0,0
4448,CN121223859A,1,0,0,0,0,0,0,0,0,0,0,0,0,1,0,0,0
4449,CN121223864A,1,0,0,0,0,0,0,0,0,0,1,0,0,1,0,0,0
4450,CN121224183A,0,0,0,0,0,0,0,0,0,0,0,0,0,0,0,0,0
4452,CN121224354B,0,0,0,0,0,0,0,0,0,0,0,0,0,0,0,0,0
4453,CN121224892A,0,0,0,0,0,0,1,0,0,0,1,0,0,0,0,1,0
4454,CN121230788A,0,0,0,0,0,0,0,0,0,0,0,0,0,0,0,0,0
4455,CN121230794A,0,0,0,0,0,0,0,0,0,1,0,0,0,0,0,0,0
4457,CN121232829A,0,0,1,0,0,1,0,0,0,0,0,0,0,0,0,0,0
4458,CN121232883A,1,0,1,0,0,0,0,1,0,0,1,0,0,1,1,0,0
4459,CN121233447A,0,0,0,0,0,0,0,0,0,0,0,0,0,0,0,0,0
4461,CN121233808A,0,0,0,0,1,1,0,0,0,0,0,0,0,0,0,0,0
4462,CN121233947A,0,1,0,0,1,0,0,0,0,0,0,0,0,0,0,0,0
4463,CN121234160A,0,0,0,0,1,0,0,0,0,0,0,0,0,0,0,0,0
4464,CN121234739A,0,0,1,1,1,0,0,0,0,0,0,0,0,1,0,0,1
4465,CN121235692A,0,0,0,0,0,0,0,0,0,0,0,0,0,0,0,0,0
4466,CN121235874A,0,0,0,1,0,0,0,0,0,0,0,0,0,1,0,0,1
4467,CN121244052A,0,0,0,0,0,0,0,0,0,0,0,0,0,0,0,0,0
4468,CN121245777B,0,0,0,0,1,1,0,1,0,0,0,0,0,0,1,0,0
4469,CN121245783A,0,0,0,0,0,0,1,0,0,1,0,0,0,0,0,1,0
4470,CN121245797A,0,0,0,0,1,0,0,0,1,0,0,0,0,1,1,0,0
4471,CN121245822A,1,0,0,0,0,0,1,0,0,0,0,0,0,1,0,0,0
4473,CN121245828A,0,0,0,0,1,0,0,0,0,0,0,0,0,0,1,0,0
4474,CN121245832A,1,0,0,0,0,0,0,0,0,0,0,0,0,1,0,0,0
4475,CN121245855A,0,0,0,1,0,0,0,1,0,0,0,0,0,1,1,0,1
4476,CN121245866B,0,0,0,1,1,0,0,0,0,0,0,0,0,0,1,0,1
4477,CN121245873A,0,0,0,0,0,0,0,0,0,0,0,1,1,1,0,0,1
4478,CN121245898A,0,0,0,0,0,0,1,1,0,0,0,0,0,0,0,1,0
4480,CN121245899A,0,0,0,0,0,0,0,1,0,0,0,0,0,0,0,0,0
4481,CN121245900A,0,0,0,0,0,0,1,1,0,0,0,0,0,0,0,1,0
4482,CN121245903A,0,1,0,0,0,0,1,0,0,0,0,0,0,0,0,0,0
4483,CN121245907A,0,0,0,0,0,0,1,0,0,0,0,0,0,0,0,1,0
4484,CN121245908A,0,0,0,0,0,0,1,1,0,0,0,1,1,0,0,0,0
4485,CN121245911A,0,0,0,0,0,0,1,1,0,0,0,1,0,0,1,0,0
4486,CN121245916A,0,0,0,0,0,0,1,0,0,0,0,0,0,0,0,0,0
4487,CN121245923B,0,0,1,0,0,0,0,0,0,0,0,0,0,1,0,0,1
4488,CN121246467A,0,0,0,0,0,0,0,0,0,0,0,0,0,0,0,0,0
4489,CN121246468A,0,0,0,0,0,0,0,0,0,0,0,0,0,0,0,0,0
4490,CN121246956A,0,0,0,0,0,0,1,1,0,0,1,0,0,0,0,0,0
4491,CN121253006A,0,0,0,0,0,0,0,0,0,0,0,0,0,0,1,0,0
4492,CN121253141B,0,0,0,0,0,0,0,1,0,0,0,0,0,0,0,0,0
4493,CN121254847A,0,0,1,0,0,1,0,0,0,0,0,0,0,0,0,0,0
4494,CN121257129A,0,0,0,0,0,0,1,0,0,0,1,0,0,0,0,0,0
4495,CN121257304A,1,0,0,0,0,0,1,0,0,0,1,0,0,0,0,0,0
4496,CN121259201A,0,0,0,0,1,0,0,0,0,0,0,0,0,0,0,0,0
4497,CN121259318B,0,0,0,0,1,0,0,0,0,0,0,0,0,0,0,0,0
4498,CN121260149A,0,0,1,1,1,0,0,0,0,0,0,0,0,0,0,0,1
4499,CN121260151A,0,0,0,1,0,0,0,0,0,0,0,0,0,0,0,0,1
4500,CN121260626A,0,0,0,0,0,0,0,0,0,0,0,0,0,0,0,0,0
4501,CN121262482A,0,0,1,0,1,0,0,0,1,0,0,0,0,0,0,0,0
4502,CN121265248A,0,1,1,0,1,0,0,0,0,1,0,0,0,0,1,0,0
4503,CN121267313A,1,0,0,0,1,0,0,1,1,0,0,1,0,0,1,0,0
4504,CN121267842A,0,0,0,0,0,0,0,0,0,0,0,0,0,0,0,0,0
4505,CN121267866A,0,0,0,0,0,0,1,1,0,0,1,0,0,0,0,1,0
4507,CN121267889A,0,0,0,0,1,0,0,0,0,0,0,0,0,1,1,0,0
4508,CN121267892B,0,0,0,0,1,0,0,0,0,0,0,0,0,0,0,0,0
4509,CN121267911A,0,0,0,0,1,0,0,0,0,0,0,0,0,1,1,0,0
4510,CN121267912A,0,0,0,0,1,0,0,0,0,0,0,0,0,0,1,0,0
4511,CN121267916A,0,0,0,0,0,0,0,0,0,0,0,0,0,1,0,0,0
4512,CN121267917A,0,0,0,0,0,0,0,0,0,0,0,0,0,1,0,0,0
4514,CN121267930A,1,0,0,0,0,0,1,1,0,0,0,1,1,1,1,0,0
4515,CN121267943B,1,0,0,0,0,0,1,0,0,0,0,0,0,1,0,0,0
4516,CN121267944B,0,0,0,0,0,0,0,0,0,0,0,0,0,1,0,0,0
4517,CN121267954A,0,0,0,0,0,0,1,1,0,1,0,0,0,0,1,0,0
4519,CN121267970A,0,0,0,0,0,0,1,0,0,0,1,0,0,1,0,1,0
4520,CN121267973A,0,0,0,0,0,0,1,1,0,0,0,0,0,0,0,1,0
4521,CN121267988A,0,0,0,0,0,0,1,0,0,0,0,0,0,0,0,1,0
4522,CN121267989B,0,0,0,0,1,0,1,1,0,0,0,1,0,0,0,0,0
4523,CN121270970A,0,0,0,0,0,0,0,0,0,0,0,0,0,0,0,0,0
4524,CN121275018A,0,1,1,0,0,1,0,0,0,0,0,0,0,0,0,0,0
4525,CN121275021A,0,0,1,0,1,1,0,0,0,0,0,0,0,1,0,0,0
4526,CN121275904B,0,0,0,0,0,0,0,0,0,0,0,0,0,0,0,0,0
4527,CN121276966A,0,0,0,0,1,0,0,1,1,0,0,0,0,1,0,0,0
4528,CN121277101A,1,0,1,0,0,1,0,0,0,0,0,0,0,1,0,0,0
4529,CN121277188B,0,0,0,0,0,1,0,0,0,0,1,0,0,0,0,0,0
4531,CN121277211A,0,0,1,0,1,1,0,1,1,0,0,0,0,1,0,0,0
4532,CN121281925A,0,0,0,0,0,0,0,0,0,0,0,0,0,1,0,0,0
4533,CN121281938A,0,0,0,0,0,0,0,0,0,0,0,0,0,0,0,1,0
4534,CN121282359A,0,0,0,0,0,0,0,0,0,0,0,0,0,0,0,0,0
4535,CN121283082A,0,0,0,0,0,0,0,1,0,0,0,0,0,0,0,1,0
4536,CN121283105A,0,0,0,0,0,0,0,1,0,0,0,0,0,0,0,0,0
4537,CN121284766A,0,0,0,0,0,0,0,0,0,0,0,0,0,0,0,0,0
4538,CN121290049A,0,0,0,0,0,0,0,1,0,0,0,0,0,0,1,0,0
4539,CN121290345A,0,0,0,0,0,0,0,0,0,0,0,0,0,1,0,0,0
4540,CN121290368A,0,0,0,0,0,0,0,1,0,0,0,0,0,1,0,0,0
4541,CN121290373A,0,0,0,0,0,0,1,1,0,0,0,0,0,0,0,1,0
4542,CN121290403A,1,0,0,0,0,0,1,1,0,0,0,0,0,1,0,0,0
4543,CN121290411B,1,0,0,0,0,0,0,0,0,0,0,1,0,1,0,0,0
4544,CN121290419A,0,0,0,1,0,0,0,0,0,0,0,0,0,1,0,0,1
4545,CN121290443B,0,0,0,1,0,0,0,1,0,0,0,0,0,0,1,0,1
4546,CN121290450B,0,0,0,0,0,0,0,1,0,0,0,0,0,0,1,0,0
4547,CN121290452B,1,0,0,0,0,0,0,1,0,0,0,1,0,0,1,0,0
4548,CN121290465A,0,0,0,0,0,0,0,1,0,0,0,0,0,0,1,1,0
4549,CN121290486A,0,0,0,0,0,0,1,1,0,0,0,0,0,0,0,1,0
4550,CN121290488A,0,0,0,0,0,0,1,1,0,0,0,0,0,0,0,1,0
4551,CN121290490A,0,0,0,0,1,0,1,1,0,0,1,0,0,0,0,0,0
4552,CN121290506A,0,0,0,0,0,0,1,0,0,0,0,0,0,0,0,1,0
4553,CN121290507A,0,0,0,0,0,0,0,0,0,0,0,1,0,0,0,0,0
4554,CN121290509B,0,0,0,0,0,0,1,1,0,0,0,1,0,0,0,0,0
4555,CN121290511A,0,1,1,0,1,0,0,0,0,0,0,0,0,0,0,0,0
4556,CN121291630A,0,0,0,0,0,0,1,1,0,0,1,0,0,0,0,0,0
4557,CN121293720A,0,0,0,0,0,0,1,0,0,0,0,0,0,0,0,0,0
4558,CN121295416A,0,0,0,0,0,0,1,0,0,0,0,0,0,0,0,1,0
4559,CN121296414A,0,0,0,0,0,0,0,1,0,0,0,0,0,0,0,0,0
4560,CN121296651A,0,0,0,0,0,0,0,0,0,0,0,0,0,0,0,1,0
4561,CN121297632A,0,0,0,0,0,0,0,1,0,0,0,0,0,0,0,0,0
4562,CN121299454A,0,0,0,0,0,0,0,1,0,0,0,0,0,0,0,0,0
4563,CN121300367A,0,0,0,0,0,1,0,0,0,0,0,0,0,0,0,0,0
4564,CN121300450A,0,1,1,0,0,1,0,0,0,0,0,0,0,1,0,0,0
4565,CN121300983A,0,0,0,0,0,0,0,0,0,0,1,0,0,1,0,0,0
4566,CN121302105A,0,0,0,1,1,0,0,0,0,0,0,0,0,0,0,0,1
4567,CN121303236A,1,0,0,0,0,0,0,0,0,0,0,0,0,1,0,0,0
4568,CN121303240A,0,0,0,0,0,0,0,0,0,0,0,0,0,0,0,0,0
4569,CN121306766A,0,0,0,0,0,0,0,0,0,0,0,0,0,0,0,0,0
4570,CN121308227A,0,1,0,0,0,1,0,0,0,0,1,0,0,0,0,0,0
4571,CN121308436A,0,0,0,0,0,0,1,1,0,0,0,0,0,0,0,0,0
4572,CN121308463A,0,0,0,0,0,0,0,1,0,0,0,0,0,0,0,0,0
4573,CN121308471B,0,0,0,0,0,0,0,1,0,0,0,0,0,0,0,0,0
4574,CN121308633B,0,0,0,0,0,0,0,1,0,0,0,0,0,0,0,0,0
4575,CN121315374A,0,0,0,0,0,1,0,1,0,0,1,0,0,0,1,0,0
4576,CN121315905A,0,0,0,0,0,0,1,1,0,0,1,1,0,0,0,0,0
4577,CN121315910A,1,0,0,0,0,0,1,0,0,0,0,0,0,1,0,1,0
4578,CN121315911A,0,0,0,0,0,0,1,0,0,0,0,0,0,1,0,1,0
4579,CN121315928A,0,0,1,1,0,0,0,0,0,0,0,0,0,1,0,0,1
4580,CN121315939A,1,0,0,0,0,0,0,1,0,0,0,0,0,1,0,0,0
4581,CN121315941A,0,0,0,0,1,1,0,0,1,0,0,0,1,1,0,0,0
4583,CN121315953A,0,0,1,0,1,1,0,0,0,0,0,0,0,0,0,0,0
4584,CN121315968A,1,0,0,0,0,0,0,0,0,0,0,0,0,1,0,0,0
4585,CN121315977A,0,0,0,1,1,0,0,0,0,0,0,0,0,1,0,0,1
4586,CN121315979A,0,0,0,1,1,0,0,0,0,0,0,0,0,0,0,0,1
4587,CN121315983A,0,0,0,0,0,0,1,0,0,0,0,0,0,0,0,0,0
4588,CN121316002A,0,0,0,0,0,0,1,1,0,0,0,0,0,0,1,0,0
4589,CN121316009A,0,0,0,0,0,0,1,1,0,0,0,0,0,0,1,0,0
4590,CN121316017A,0,0,0,0,0,0,1,1,0,0,0,0,0,0,0,1,0
4591,CN121316019A,0,0,0,0,0,0,1,1,0,0,0,0,0,0,0,0,0
4592,CN121316021A,0,1,0,0,0,0,1,1,0,0,0,0,0,0,0,0,0
4593,CN121316033A,0,0,0,0,0,0,0,0,0,0,0,0,0,0,1,0,0
4594,CN121316473A,0,0,0,0,0,0,0,0,0,0,0,0,0,0,0,0,0
4595,CN121317298A,0,0,0,0,0,0,0,0,0,0,0,0,0,0,0,0,0
4596,CN121319775A,0,0,0,0,0,0,0,0,0,0,0,0,0,0,0,0,0
4597,CN121323558A,0,0,0,0,1,0,0,0,0,0,0,0,0,0,0,0,0
4599,CN121323645A,0,0,1,0,0,0,0,0,0,0,0,0,0,0,0,0,0
4600,CN121323679A,0,0,1,0,0,1,0,0,0,0,0,0,0,0,0,0,0
4601,CN121323832A,0,0,0,0,0,0,0,0,0,0,0,0,0,0,1,0,0
4602,CN121323975B,0,0,0,0,0,0,0,1,0,0,0,0,0,0,0,0,0
4603,CN121325682A,0,0,0,0,0,0,0,1,0,0,0,0,0,0,1,0,0
4604,CN121325685A,0,0,0,1,0,0,0,0,0,0,0,0,0,1,0,0,1
4605,CN121325699A,0,0,0,0,0,1,0,0,0,0,0,0,0,0,0,0,0
4606,CN121325859B,1,0,0,0,0,0,0,1,0,0,0,0,0,1,0,0,0
4607,CN121325876A,0,0,1,0,1,1,0,0,0,0,0,0,0,0,0,0,0
4608,CN121325880A,1,0,0,0,0,0,0,0,0,0,0,0,0,1,0,0,0
4609,CN121326624A,0,0,0,0,0,0,0,0,0,0,0,0,0,0,0,0,0
4610,CN121327585A,0,1,0,0,0,0,0,0,0,0,0,0,0,0,0,0,0
4611,CN121328612A,0,0,1,0,0,0,0,0,0,0,0,0,0,1,0,0,0
4612,CN121328649A,0,0,0,0,0,0,0,0,0,0,0,0,0,1,0,0,0
4614,CN121328650A,1,0,0,0,0,0,1,0,0,0,0,0,0,1,0,1,0
4615,CN121328711A,0,0,0,1,0,0,0,0,0,0,0,0,0,1,0,0,1
4616,CN121329623A,0,0,0,1,0,1,0,0,0,0,0,0,0,0,0,0,1
4617,CN121330132A,0,0,0,1,0,0,0,0,0,0,0,0,0,0,0,0,1
4618,CN121331582A,0,0,0,0,0,0,0,0,0,0,0,0,0,0,0,0,0
4619,CN121331932A,0,0,0,0,0,0,0,0,0,0,0,0,0,0,0,0,0
4620,CN121332123A,0,0,0,0,0,0,0,0,0,0,0,0,0,0,0,0,0
4621,CN121335145A,0,0,0,0,0,0,0,0,0,0,0,0,0,0,0,0,0
4622,CN121335809A,0,0,0,0,0,0,0,0,0,0,0,0,0,0,0,0,0
4623,CN121336161A,0,0,0,0,1,1,0,0,0,0,0,0,0,0,0,0,0
4624,CN121339433A,0,0,0,0,0,0,0,0,0,0,0,0,0,0,0,0,0
4625,CN121339846A,0,0,0,0,0,0,1,0,0,0,1,0,0,0,0,0,0
4626,CN121340207A,0,0,0,0,1,0,1,1,1,0,0,1,0,0,1,0,0
4627,CN121340227A,0,0,0,0,0,0,0,1,0,0,0,1,0,0,0,0,0
4629,CN121340231A,0,0,0,0,0,0,0,1,0,0,0,0,0,0,1,0,0
4630,CN121340233A,0,0,0,1,0,0,0,0,0,0,0,0,0,1,0,0,1
4631,CN121340234A,1,0,0,0,0,0,0,1,0,0,0,1,0,1,1,0,0
4632,CN121340238A,0,0,0,0,1,0,0,0,0,0,0,0,0,1,1,0,0
4634,CN121340239A,0,0,0,0,0,0,0,0,0,0,0,0,0,1,0,0,0
4635,CN121340255A,0,0,0,0,0,0,0,0,0,0,0,0,0,1,1,0,0
4636,CN121340258B,0,0,0,1,1,0,0,0,0,0,0,0,0,1,0,0,1
4637,CN121340269A,1,0,1,0,1,1,0,0,0,0,0,0,0,1,0,0,0
4638,CN121340271A,1,0,0,0,0,0,0,0,0,0,0,0,0,1,0,0,0
4639,CN121340307B,0,0,0,0,0,0,0,1,0,0,0,0,0,0,0,1,0
4640,CN121340311B,1,0,0,1,1,0,0,0,0,0,0,0,0,1,0,0,1
4641,CN121340316B,0,0,0,1,0,0,0,0,0,0,0,0,0,0,0,0,1
4642,CN121340317B,0,0,0,1,0,0,0,0,0,0,0,0,0,0,0,0,1
4643,CN121340353A,0,0,0,0,0,0,1,1,0,0,0,1,0,0,1,0,0
4645,CN121340357A,0,0,0,0,0,0,1,0,0,0,0,1,0,0,0,1,0
4646,CN121340360A,0,0,0,0,0,0,0,0,0,0,0,0,0,0,0,0,1
4647,CN121340361A,0,0,0,0,0,0,0,0,0,0,0,0,0,0,0,0,0
4648,CN121340369A,0,0,0,1,0,0,0,0,0,0,0,0,0,0,0,0,1
4649,CN121340371B,0,0,0,0,0,0,1,0,0,0,0,0,0,0,0,1,0
4650,CN121340372A,0,0,0,0,0,0,1,1,0,0,0,0,1,0,0,1,0
4651,CN121340373A,0,0,0,1,0,0,0,0,0,0,1,0,0,1,0,0,1
4652,CN121341216A,1,0,1,0,1,1,0,0,0,0,0,1,0,1,1,0,0
4653,CN121341317A,0,0,0,0,0,0,1,1,0,0,1,0,0,0,0,0,0
4654,CN121344491A,0,0,0,0,0,0,0,0,0,0,0,0,0,0,0,0,0
4655,CN121345958A,0,0,0,0,0,0,1,1,0,0,0,0,0,0,0,1,0
4656,CN121346875A,0,0,0,0,0,0,0,1,0,0,0,0,0,0,0,0,0
4658,CN121347008B,0,0,0,0,1,0,0,0,1,0,0,0,0,0,0,0,0
4659,CN121347145A,0,0,0,0,0,0,0,1,0,0,0,0,0,0,0,0,0
4660,CN121347321A,0,0,0,0,0,0,0,0,0,0,0,0,0,0,0,0,0
4661,CN121348993A,0,0,0,0,0,0,0,0,0,0,0,0,0,1,0,0,0
4662,CN121349099A,1,0,0,0,0,1,1,1,0,0,1,0,0,1,0,0,0
4663,CN121349313A,0,0,0,1,0,0,0,0,0,0,0,0,0,0,0,0,1
4664,CN121351221A,0,0,1,0,1,0,0,0,0,0,0,0,0,0,0,0,0
4666,CN121351765A,0,0,0,0,0,0,0,0,0,0,0,0,0,0,0,0,0
4667,CN121352676A,0,0,0,0,0,0,0,0,0,0,0,0,0,0,0,0,0
4668,CN121353166A,0,0,0,0,1,0,0,0,0,0,0,0,0,0,0,0,0
4669,CN121353693A,0,0,0,0,1,0,0,0,0,0,0,0,0,0,0,0,0
4670,CN121353818A,1,0,0,0,1,0,0,0,1,0,0,0,0,0,0,0,0
4671,CN121353999A,0,0,1,0,1,0,0,0,0,0,0,0,0,0,0,0,0
4672,CN121355080A,0,0,0,0,0,0,0,0,0,0,0,0,0,0,0,0,0
4673,CN121355405A,0,0,0,0,0,0,0,0,0,0,0,0,0,0,0,0,0
4674,CN121356191A,0,0,0,0,0,0,0,1,0,0,0,0,0,0,0,0,0
4675,CN121356223A,0,0,0,0,0,0,0,1,0,0,0,0,0,0,0,0,0
4676,CN121356938A,0,0,0,0,0,0,0,0,0,0,0,0,0,0,0,0,0
4677,CN121359144A,0,0,1,0,1,0,0,0,0,0,0,0,0,1,0,0,0
4678,CN121359908A,0,0,0,0,0,0,1,0,0,0,0,0,0,0,0,0,0
4679,CN121361064A,0,1,1,0,1,1,0,0,0,0,0,0,0,0,0,0,0
4680,CN121361072A,0,0,0,0,0,0,1,0,0,0,0,0,1,0,0,1,1
4681,CN121361093A,0,1,1,0,1,1,0,0,0,0,0,0,0,1,0,0,0
4682,CN121361098B,1,0,0,0,0,0,0,0,0,0,0,0,0,1,0,0,0
4683,CN121361103B,1,0,0,1,0,0,0,1,0,0,0,1,0,1,1,0,0
4684,CN121361105A,0,0,0,0,0,0,0,0,0,0,0,0,0,0,0,0,0
4685,CN121361110A,0,0,0,0,1,0,0,0,1,0,0,0,0,1,1,0,0
4686,CN121361113A,0,0,0,0,0,0,1,0,0,0,0,0,0,0,1,1,0
4688,CN121361114A,0,0,0,0,0,0,1,1,0,0,0,0,0,0,1,0,0
4689,CN121361117A,1,0,0,0,0,0,0,0,0,0,0,0,0,1,0,0,0
4690,CN121361245B,0,0,0,0,0,0,0,0,0,0,0,0,0,0,0,0,0
4692,CN121361789A,0,0,0,0,0,0,0,0,0,0,0,0,0,0,0,0,0
4693,CN121363617A,0,0,0,0,0,0,1,0,0,0,0,0,0,0,0,0,0
4694,CN121366246A,0,1,1,1,1,0,0,0,0,0,0,0,0,0,0,0,1
4695,CN121366302B,0,0,0,0,1,0,0,0,0,0,0,0,0,1,0,0,0
4696,CN121368049B,0,1,1,1,1,0,0,0,1,0,0,0,0,0,0,0,1
4698,CN121369900A,0,0,0,0,0,0,0,1,0,0,1,0,0,0,1,0,0
4699,CN121373150B,0,0,0,0,0,0,0,0,0,0,0,0,0,0,0,0,0
4700,CN121374385A,0,0,0,0,0,0,0,1,0,0,0,0,0,0,0,0,0
4702,CN121374564A,1,0,0,0,0,0,0,0,0,0,0,0,0,1,0,0,0
4703,CN121374573A,0,1,0,0,0,0,0,0,0,0,0,0,0,0,1,0,0
4704,CN121374579A,0,0,0,0,1,0,0,0,0,0,0,0,0,1,1,0,0
4705,CN121374584A,1,0,0,1,0,0,0,0,0,0,1,0,0,1,0,0,0
4706,CN121374596A,0,0,1,0,1,1,0,0,1,0,1,1,1,1,0,0,0
4707,CN121374607A,1,0,0,1,0,0,0,0,0,0,0,0,0,1,0,0,1
4708,CN121374617A,1,0,1,0,1,0,0,0,0,0,0,0,0,1,1,0,0
4709,CN121374619A,0,0,0,1,0,0,0,0,0,0,0,0,0,1,1,0,1
4711,CN121374621A,1,0,0,0,0,0,0,0,0,0,1,0,0,1,0,0,0
4712,CN121374652A,1,0,1,0,1,1,0,0,0,0,0,0,0,1,0,0,0
4713,CN121374657A,0,0,0,0,0,0,0,1,0,0,0,0,0,1,1,0,0
4714,CN121374662B,1,0,0,0,0,0,0,1,0,0,1,0,0,1,1,0,0
4715,CN121374668A,0,0,0,0,0,0,1,1,0,0,0,0,0,0,1,1,0
4716,CN121374678A,0,0,0,0,0,0,1,1,0,0,0,0,0,0,1,1,0
4717,CN121374700A,0,0,0,0,0,0,1,1,0,0,0,0,0,0,0,0,0
4718,CN121374711A,0,0,0,0,0,0,1,1,0,0,0,0,0,0,0,0,0
4719,CN121374716A,0,0,0,0,0,0,1,1,0,0,0,0,0,0,0,1,0
4720,CN121374717A,0,0,0,0,0,0,1,1,0,0,0,0,0,0,0,1,0
4721,CN121374718A,0,0,0,0,0,0,0,0,0,0,0,0,0,0,0,0,0
4722,CN121374725A,0,0,0,0,0,0,1,1,0,0,0,0,0,0,0,0,0
4723,CN121374726A,0,0,0,0,0,0,1,1,0,0,0,0,0,0,0,0,0
4724,CN121375062A,0,0,0,0,0,0,0,0,0,0,0,0,0,0,0,0,0
4725,CN121375982A,0,0,0,0,0,0,1,1,0,0,0,0,0,0,0,0,0
4726,CN121375983A,0,0,0,0,0,0,1,1,0,0,1,0,0,0,0,0,0
4727,CN121382246A,0,0,1,0,1,0,0,0,0,0,0,0,0,0,0,0,0
4729,CN121382872A,0,0,0,0,0,0,0,1,0,0,0,0,0,0,0,0,0
4730,CN121383836A,0,0,0,0,0,0,0,0,0,0,0,0,0,0,0,0,0
4731,CN121384099A,0,0,0,0,0,0,0,0,0,0,0,0,0,0,0,0,0
4732,CN121384858A,0,0,1,0,1,1,0,0,0,0,0,0,0,0,0,0,0
4733,CN121386402A,0,0,0,0,0,0,0,1,0,0,0,0,0,1,0,0,0
4734,CN121386792B,1,0,0,0,0,0,0,0,0,0,1,0,0,0,0,0,0
4735,CN121388741A,0,0,0,1,0,0,0,0,0,0,0,0,0,0,0,0,1
4736,CN121389518A,0,0,0,0,1,0,0,0,0,0,0,0,0,1,0,0,0
4738,CN121389635A,0,0,0,0,0,0,1,0,0,0,0,0,0,0,0,1,0
4739,CN121390127A,1,0,0,0,0,0,0,0,0,0,1,0,0,1,0,0,0
4741,CN121390128A,1,0,0,0,1,0,0,0,0,0,0,0,0,1,0,0,0
4742,CN121391718A,1,0,0,0,1,0,0,0,0,0,0,0,0,0,0,0,0
4743,CN121391992A,0,0,1,0,1,0,0,0,0,0,0,0,0,1,0,0,0
4744,CN121392079A,0,0,0,1,1,0,0,0,0,0,0,0,0,0,0,0,1
4745,CN121392348A,0,1,0,0,1,0,0,0,0,0,1,0,0,0,0,0,0
4746,CN121393429A,0,0,0,1,1,0,0,0,0,0,0,0,0,0,0,0,1
4747,CN121393437A,0,0,1,1,1,0,0,0,0,0,0,0,0,0,0,0,1
4748,CN121394963B,0,0,0,0,0,0,0,0,0,0,0,1,0,0,1,0,0
4749,CN121395766A,0,0,0,0,0,0,1,1,0,0,0,0,0,0,0,0,0
4750,CN121395781A,0,0,0,0,0,0,0,1,0,0,1,0,0,0,0,0,0
4751,CN121397055A,0,0,0,0,0,0,0,0,0,0,0,0,0,0,0,0,1
4752,CN121397170A,0,0,1,1,1,1,0,0,0,0,0,0,0,1,0,0,1
4755,CN121397811A,0,0,1,0,0,0,0,0,0,0,0,0,0,1,0,0,0
4757,CN121403324A,0,0,0,0,0,0,1,1,0,0,0,0,0,0,0,0,0
4758,CN121403339A,0,1,0,0,0,0,0,0,0,0,0,0,0,1,0,0,0
4759,CN121403356A,1,0,1,0,1,1,0,0,1,0,0,0,0,1,0,0,0
4760,CN121403374A,1,0,0,0,0,0,1,1,0,0,1,1,0,1,0,0,0
4761,CN121403379A,1,0,0,0,0,0,0,1,0,0,1,0,0,1,0,0,0
4762,CN121403384A,0,0,0,1,0,0,0,0,0,0,0,0,0,1,0,0,1
4763,CN121403387A,0,0,0,0,0,0,1,1,0,0,1,0,0,1,0,0,0
4766,CN121403406A,1,0,0,0,0,0,0,0,0,0,0,0,0,1,0,0,0
4767,CN121403415B,1,0,0,0,0,0,0,0,0,0,0,0,0,1,0,0,0
4768,CN121403422B,1,0,0,0,0,0,0,0,0,0,1,0,0,1,0,0,0
4769,CN121403438A,0,0,0,0,0,0,0,0,0,0,0,0,0,0,1,0,0
4770,CN121403448A,0,0,0,0,0,0,1,0,0,0,1,0,0,0,0,1,0
4771,CN121403450A,0,0,0,0,0,0,1,1,0,0,0,0,0,0,0,1,0
4772,CN121403464A,0,0,0,0,0,0,1,1,0,0,0,0,1,0,0,1,0
4773,CN121403471A,0,0,0,0,0,0,1,0,0,0,0,1,0,0,0,1,0
4774,CN121404078A,0,0,0,0,0,0,0,1,0,0,0,0,0,0,0,0,0
4775,CN121409270A,0,0,1,0,0,1,0,0,0,0,0,0,0,0,0,0,0
4776,CN121409605A,0,0,0,0,0,0,1,1,0,0,0,0,0,0,0,0,0
4777,CN121411163A,1,0,0,0,0,0,0,1,0,0,1,0,0,1,0,0,0
4778,CN121411291B,1,0,0,0,0,0,0,1,0,0,1,0,0,1,1,0,0
4779,CN121411292B,1,0,1,0,1,0,0,0,0,0,1,0,0,1,1,0,0
4780,CN121411293B,0,0,1,0,1,1,0,0,0,0,0,0,0,1,0,0,0
4781,CN121411344A,0,0,0,0,0,1,0,0,0,0,0,0,0,0,0,0,0
4782,CN121411412A,1,0,0,0,0,0,0,0,0,0,1,0,0,0,0,0,0
4783,CN121411440A,0,0,1,0,1,1,0,0,0,0,0,0,0,0,0,0,0
4784,CN121411450A,0,0,1,1,1,1,0,0,0,0,0,0,0,0,0,0,1
4785,CN121411476A,1,0,0,0,0,0,0,1,0,0,1,0,0,1,0,1,0
4786,CN121412929A,0,0,0,1,1,0,0,0,0,1,0,0,0,0,0,0,1
4787,CN121415374A,0,0,1,0,1,0,0,0,0,0,0,0,0,0,0,0,0
4788,CN121415663A,0,0,0,1,0,0,0,0,0,0,0,0,0,0,0,0,1
4789,CN121415747A,1,0,0,0,0,0,0,1,0,0,0,1,0,1,1,0,0
4790,CN121416729A,0,0,0,0,0,0,0,0,0,0,0,0,0,0,0,0,0
4791,CN121417572A,0,0,0,0,0,0,0,1,0,0,0,0,0,0,0,0,0
4792,CN121417592A,0,0,0,0,0,0,1,1,0,0,0,0,0,0,0,0,0
4793,CN121417755A,0,0,0,0,0,0,1,1,0,0,0,0,0,0,0,0,0
4794,CN121418864A,0,0,0,0,0,0,0,0,0,0,0,0,0,0,0,0,0
4795,CN121424331A,0,0,0,0,0,0,1,1,0,0,0,1,0,0,1,0,0
4796,CN121424349A,0,0,1,1,0,1,0,0,0,0,0,0,0,1,0,0,1
4797,CN121424356A,0,0,0,0,0,0,0,0,0,0,0,0,0,1,0,0,0
4798,CN121424362A,0,0,0,1,1,0,0,1,0,0,0,0,0,0,0,0,1
4799,CN121424378A,0,0,0,0,1,1,0,0,0,0,0,0,0,1,0,0,0
4801,CN121424380A,1,0,0,1,0,0,0,0,0,0,0,0,0,1,0,0,1
4802,CN121424382A,0,0,0,0,0,0,1,1,0,0,0,0,1,0,0,0,0
4803,CN121424388A,0,1,0,0,0,0,0,1,0,0,0,0,0,0,0,0,0
4804,CN121424394A,0,1,0,0,0,0,0,0,0,0,0,0,0,0,0,0,0
4805,CN121424397A,1,0,0,0,0,0,1,1,0,0,0,0,0,0,0,0,0
4807,CN121424399A,0,0,1,0,0,1,0,0,0,0,0,0,0,1,0,0,0
4808,CN121424403B,1,0,0,0,1,0,0,0,0,0,0,0,0,1,1,0,0
4809,CN121424405B,0,0,0,0,1,1,0,0,0,0,0,0,0,0,0,0,0
4810,CN121424406B,0,0,0,0,0,0,0,0,0,0,0,1,0,1,1,0,0
4811,CN121424414B,1,0,0,0,0,0,0,0,0,0,0,0,0,1,0,0,0
4812,CN121424423A,0,0,0,0,0,0,1,0,0,0,0,0,0,0,0,1,0
4813,CN121424433A,0,0,0,0,0,0,1,0,0,0,0,0,0,0,1,1,0
4814,CN121424441A,0,0,0,0,0,0,1,1,0,1,0,1,0,0,1,0,0
4815,CN121424456A,0,0,0,0,0,0,1,1,0,0,0,0,0,0,0,1,0
4816,CN121424886A,0,0,0,0,0,0,0,1,0,0,0,0,0,0,0,0,0
4817,CN121425372A,0,0,0,0,0,0,1,1,0,0,0,0,0,0,0,1,0
4818,CN121428419A,0,0,0,0,0,0,0,0,0,0,0,0,0,0,0,0,0
4819,CN121429782B,0,0,0,0,0,0,1,0,0,0,0,0,0,0,0,1,0
4820,CN121430690A,0,0,0,0,0,0,0,1,0,0,0,0,0,0,0,0,0
4821,CN121430728A,0,0,0,0,1,0,0,0,1,0,0,0,0,0,0,0,0
4823,CN121432023A,0,0,0,0,0,0,1,1,0,0,0,0,0,0,0,0,0
4824,CN121432884A,0,0,0,0,1,0,0,1,0,0,0,0,1,0,0,0,0
4825,CN121432930A,1,0,0,0,0,0,0,1,0,0,1,0,0,1,0,0,0
4827,CN121436027A,0,0,1,0,1,1,0,0,0,0,0,0,0,1,0,0,0
4828,CN121436029A,1,0,0,0,0,0,0,0,0,0,0,0,0,1,0,0,0
4829,CN121438818A,0,0,0,1,1,0,0,0,0,0,0,0,0,0,0,0,1
4830,CN121440986A,0,0,0,0,0,0,0,1,0,0,0,0,0,0,0,0,0
4831,CN121441001A,0,0,0,0,0,0,1,1,0,0,0,0,0,0,0,0,0
4832,CN121444412A,0,0,0,1,0,0,0,0,0,0,0,0,0,0,0,0,1
4833,CN121447124A,0,0,0,0,0,0,0,1,0,0,0,0,0,0,0,0,0
4834,CN121447587A,0,0,0,0,0,0,1,1,0,0,0,1,0,0,0,0,0
4835,CN121447588A,0,0,0,0,0,0,1,0,0,0,0,0,0,0,0,1,0
4836,CN121447591A,1,0,0,0,0,0,1,1,0,0,1,0,0,0,0,0,0
4837,CN121447603A,0,0,0,0,0,0,1,1,0,0,0,1,0,0,1,0,0
4838,CN121447616A,1,0,0,0,0,0,1,1,0,0,0,0,0,1,0,0,0
4839,CN121447617A,0,0,1,0,1,1,0,0,0,0,0,0,0,0,1,0,0
4840,CN121447623A,0,0,0,0,0,0,0,1,0,0,0,0,0,1,0,0,0
4841,CN121447642A,1,0,0,0,0,0,0,1,0,0,0,0,0,1,0,0,0
4842,CN121447645B,0,1,0,0,0,0,0,1,0,0,0,0,0,0,0,0,0
4843,CN121447647A,1,0,0,0,0,0,0,1,0,0,0,0,0,1,1,0,0
4844,CN121447651B,1,0,0,0,0,0,0,0,0,0,0,0,0,1,0,0,0
4845,CN121447652B,1,0,0,0,0,0,1,1,0,0,0,1,0,1,1,0,0
4846,CN121447655B,0,0,0,0,0,0,0,0,0,0,0,0,0,1,0,0,0
4847,CN121447687A,0,0,0,0,0,0,1,1,0,0,0,1,0,0,1,0,0
4848,CN121447691A,0,0,0,0,0,0,1,1,0,0,0,0,1,0,0,0,0
4849,CN121447693A,0,0,0,0,0,0,1,1,0,0,0,1,0,0,1,0,0
4850,CN121447699A,0,0,0,0,0,0,1,1,0,0,0,0,0,0,0,0,0
4851,CN121447700A,0,0,0,0,0,0,1,1,0,0,0,0,1,0,0,0,0
4852,CN121447701A,0,0,0,0,0,0,0,0,0,0,0,0,0,0,0,0,0
4853,CN121447702A,0,0,0,0,0,0,1,1,0,0,0,0,1,0,0,0,0
4854,CN121447705A,0,0,0,0,0,0,1,1,0,0,0,0,0,0,0,0,0
4855,CN121447707A,0,0,0,0,0,0,0,0,0,0,1,0,0,0,0,0,0
4856,CN121447710B,0,0,0,0,0,0,1,1,0,0,0,0,0,0,0,0,0
4857,CN121448538A,0,0,0,0,0,0,1,0,0,0,0,0,0,0,0,1,0
4858,CN121448539A,0,0,0,0,0,0,1,1,0,0,1,0,0,0,0,0,0
4859,CN121448540A,0,0,0,0,0,0,1,1,0,0,1,0,0,0,0,0,0
4860,CN121448541A,0,0,0,0,0,0,1,1,0,0,1,0,0,0,0,0,0
4861,CN121448542A,0,0,0,0,0,0,1,1,0,0,1,0,0,0,0,0,0
4862,CN121449890B,0,0,0,0,0,0,0,0,0,0,0,0,0,0,0,0,0
4863,CN121450234A,0,0,0,0,0,0,0,1,0,0,0,0,0,0,0,0,0
4864,CN121455208A,1,0,0,0,0,1,0,0,0,0,1,0,0,1,0,0,0
4865,CN121456091A,0,0,0,1,0,0,0,0,0,0,0,0,0,0,0,0,1
4866,CN121456110A,0,0,0,1,0,0,0,0,0,0,0,0,0,0,0,0,1
4867,CN121457509A,1,0,0,0,0,0,0,0,0,0,1,0,0,0,0,0,0
4868,CN121457532A,0,0,0,0,0,0,0,0,0,0,0,0,0,0,0,0,0
4869,CN121459096A,0,0,1,0,1,1,0,0,0,0,0,0,0,1,0,0,0
4870,CN121459412B,0,0,0,0,1,0,0,0,0,0,1,0,0,0,0,0,1
4872,CN121459772A,0,0,0,0,0,0,0,0,0,0,0,0,0,1,0,0,1
4873,CN121459815A,0,0,0,1,0,0,0,0,0,0,0,0,0,0,0,0,1
4874,CN121460273A,0,0,0,0,0,0,0,0,0,0,0,0,0,0,0,0,0
4875,CN121462738A,0,0,0,0,1,0,0,0,0,0,0,0,0,0,0,0,0
4876,CN121465809A,0,0,0,1,0,0,0,0,0,1,0,1,0,1,1,0,1
4877,CN121468479A,0,0,0,0,0,0,1,0,0,0,1,1,0,0,0,0,0
4878,CN121468487A,0,0,0,0,0,0,0,1,0,0,0,0,0,1,1,1,0
4879,CN121468489A,0,0,0,0,0,0,1,1,0,0,0,1,0,0,1,0,0
4880,CN121468495A,0,0,0,0,0,0,1,1,0,0,0,0,0,0,0,0,0
4881,CN121468498A,0,0,0,0,0,0,1,1,0,0,0,0,0,0,0,1,0
4882,CN121468511A,0,0,0,0,0,0,0,0,0,0,0,0,0,1,0,0,0
4883,CN121468516A,1,0,0,1,0,0,0,1,0,0,0,1,0,0,1,0,1
4884,CN121468518A,0,0,0,0,1,0,0,1,1,0,0,0,1,0,0,0,0
4885,CN121468521A,0,0,1,1,0,0,0,0,0,0,0,0,0,1,0,0,1
4886,CN121468522A,1,0,0,0,0,0,0,0,0,0,1,0,0,1,0,0,0
4887,CN121468539A,0,0,0,1,0,0,1,1,0,0,0,0,0,1,0,0,1
4888,CN121468541A,0,0,0,1,1,0,0,0,0,0,0,0,0,1,0,0,1
4889,CN121468544A,0,0,0,1,0,0,0,0,0,0,0,0,0,1,0,0,1
4890,CN121468570A,0,0,0,1,1,0,0,0,0,0,0,0,0,0,0,0,1
4891,CN121468577A,0,0,0,0,0,0,0,0,0,0,0,0,0,1,0,0,0
4892,CN121468581A,0,0,0,1,0,0,0,0,0,0,0,1,0,0,0,0,1
4893,CN121468582A,0,0,0,0,0,0,0,1,0,0,0,0,0,0,0,0,0
4894,CN121468584A,0,0,0,1,0,1,0,0,0,0,0,0,0,0,0,0,1
4895,CN121468585A,0,0,0,0,1,0,0,1,0,0,0,0,0,0,1,0,0
4896,CN121468592B,1,0,0,0,0,0,0,0,0,0,0,0,0,1,0,0,0
4897,CN121468602A,0,0,1,0,1,0,0,0,1,0,0,1,0,0,1,0,0
4898,CN121468612A,0,1,0,0,0,0,0,0,0,0,0,0,0,0,1,0,0
4899,CN121468616A,0,0,0,0,0,0,1,0,0,0,0,0,0,0,1,1,0
4900,CN121468628A,0,0,0,0,0,0,0,1,0,0,0,0,0,0,1,0,0
4901,CN121468634A,0,0,0,0,0,0,1,0,0,0,0,0,0,0,1,0,0
4902,CN121468646A,0,0,0,0,0,0,1,0,0,0,1,0,0,0,0,0,0
4903,CN121468651B,0,0,0,0,0,0,1,1,0,0,0,0,0,0,1,0,0
4905,CN121468652B,0,0,0,0,0,0,1,1,0,0,0,0,0,0,0,0,0
4907,CN121468674A,1,0,0,0,1,0,1,0,0,0,0,0,0,1,0,0,0
4908,CN121468678A,0,0,0,0,0,0,1,1,0,0,1,1,0,1,1,0,0
4909,CN121469607B,0,0,0,0,0,0,0,0,0,0,0,0,0,0,0,0,0
4910,CN121475168A,0,0,1,0,1,1,0,0,0,0,0,0,0,1,0,1,0
4911,CN121477956A,1,0,1,0,0,0,1,1,0,0,1,0,0,1,0,0,0
4912,CN121479660A,0,0,0,1,1,0,0,0,1,0,0,0,0,1,0,0,1
4913,CN121482155A,0,0,0,0,1,0,0,0,0,0,0,0,0,0,0,0,0
4914,CN121482829A,0,0,0,0,1,0,0,0,0,0,0,0,0,1,0,0,1
4915,CN121483486A,0,0,0,1,1,0,0,0,0,1,0,0,0,1,0,0,1
4916,CN121483768A,0,0,0,0,0,0,0,0,0,0,0,0,0,0,0,0,0
4917,CN121485218A,0,0,0,0,0,0,0,0,0,0,0,0,0,0,0,0,0
4918,CN121485372A,0,0,0,0,0,0,0,1,0,0,0,0,0,0,0,0,0
4919,CN121491998A,0,0,0,0,0,0,1,1,0,0,0,0,0,0,0,1,0
4920,CN121491999A,0,1,0,0,0,0,0,1,0,0,0,0,0,0,0,0,0
4921,CN121492005A,0,0,1,0,1,0,0,0,0,0,0,0,0,0,0,0,0
4922,CN121492014A,1,0,1,1,1,1,0,0,0,0,0,0,0,1,1,0,1
4923,CN121492023A,1,0,0,0,0,0,0,1,0,0,0,0,0,0,0,0,0
4924,CN121492029A,1,0,0,0,0,0,0,1,0,0,0,0,0,0,1,0,0
4925,CN121492041A,0,0,0,0,0,0,0,0,0,0,0,0,0,1,1,0,0
4926,CN121492045A,1,0,0,0,0,0,0,0,0,0,0,0,0,1,0,0,0
4927,CN121492048A,0,0,0,0,0,0,0,1,0,0,0,0,0,0,1,0,0
4928,CN121492057B,1,0,1,0,0,0,0,0,0,0,0,0,0,1,0,0,0
4929,CN121492064A,0,0,0,0,1,0,0,0,1,0,0,0,0,0,1,0,0
4930,CN121492065A,0,0,0,0,0,0,1,1,0,0,0,0,0,0,0,0,0
4931,CN121492069B,1,0,0,0,0,0,1,0,0,0,0,0,0,1,0,0,0
4932,CN121492070B,0,0,0,0,0,0,0,0,0,0,0,0,0,1,1,0,0
4933,CN121492077A,0,1,0,1,0,0,0,0,0,1,0,0,0,0,0,0,1
4934,CN121492085A,0,0,0,0,0,0,1,1,0,0,0,0,0,0,1,0,0
4935,CN121492087A,0,0,0,0,1,0,0,0,1,0,0,0,0,0,1,0,0
4936,CN121492092B,0,0,0,0,0,0,1,1,0,0,0,0,0,0,1,1,0
4937,CN121492102A,0,0,0,0,0,0,1,1,0,0,0,0,1,0,0,0,0
4938,CN121492103A,0,0,0,0,0,0,1,1,0,0,0,1,0,0,0,0,0
4939,CN121492105A,0,0,0,0,0,0,1,1,0,0,0,0,0,0,0,0,0
4940,CN121492117A,0,0,0,0,0,0,0,0,0,0,0,0,1,0,0,0,0
4941,CN121492124B,0,0,1,0,0,0,0,0,0,0,0,0,0,0,0,0,0
4942,CN121492126B,1,0,0,0,0,0,0,1,0,0,1,0,0,1,0,0,0
4943,CN121493133A,0,0,0,0,0,0,1,0,0,0,0,0,0,0,0,1,0
4944,CN121495406B,0,0,0,0,0,0,0,0,0,0,0,0,0,0,0,0,0
4945,CN121496248A,0,0,0,0,0,0,0,0,0,0,0,0,0,0,0,0,0
4946,CN121496495A,0,0,0,0,0,0,0,0,0,0,0,0,0,0,0,0,0
4947,CN121496593A,0,0,0,0,0,0,1,0,0,0,0,0,0,0,0,1,0
4948,CN121502335A,0,0,0,0,0,0,0,1,0,0,0,0,0,0,0,0,0
4949,CN121503243A,0,0,1,0,1,1,0,0,0,0,0,0,0,1,0,0,0
4950,CN121505051B,0,0,0,0,1,0,0,0,1,0,0,0,0,0,0,0,0
4951,CN121514513A,0,0,0,0,0,0,0,0,0,0,0,0,0,0,0,0,0
4952,CN121514514A,0,0,0,0,0,0,0,0,0,0,0,0,0,0,0,0,0
4953,CN121515145A,0,0,0,0,0,0,0,1,0,0,0,0,0,0,0,1,0
4954,CN121515150B,0,0,0,0,0,0,1,1,0,0,0,0,0,0,0,0,0
4956,CN121515159A,1,0,0,0,0,0,0,1,0,0,0,0,0,1,0,0,0
4957,CN121515160A,0,0,1,0,0,0,0,0,0,0,0,0,0,1,0,0,0
4958,CN121515175A,0,0,0,0,0,0,0,1,0,0,0,0,0,0,0,0,0
4959,CN121515176A,0,0,0,1,1,0,0,0,0,0,0,0,0,1,0,0,1
4960,CN121515178A,0,0,1,0,1,0,0,0,0,0,0,0,0,1,1,0,0
4962,CN121515181A,0,0,0,0,0,0,0,1,0,0,1,0,0,0,0,0,0
4963,CN121515185A,0,1,0,0,0,0,1,1,0,0,0,0,0,0,0,0,0
4964,CN121515202A,0,0,0,0,0,0,0,1,0,0,0,0,0,0,0,0,0
4965,CN121515206A,0,1,0,0,0,0,0,1,0,0,0,0,0,0,0,0,0
4966,CN121515212A,1,0,0,0,0,0,0,1,0,0,0,0,0,1,0,0,0
4967,CN121515215A,0,0,1,1,1,0,0,0,0,0,0,0,0,1,0,0,1
4969,CN121515221B,0,0,0,0,0,0,1,1,0,0,0,0,0,0,0,0,0
4970,CN121515231A,0,0,0,0,0,0,1,1,0,0,0,0,0,0,1,0,0
4972,CN121515246A,0,0,0,1,1,0,0,0,0,0,0,0,1,0,0,0,1
4973,CN121515248A,0,0,0,0,0,0,0,1,0,0,0,0,0,1,0,0,0
4974,CN121516134A,0,0,0,0,0,0,1,1,0,0,1,0,0,0,0,0,0
4975,CN121517910A,0,0,0,0,0,0,0,0,0,0,0,0,0,0,0,0,0
4976,CN121520266A,0,0,0,0,0,0,0,0,0,0,0,0,0,0,0,0,0
4978,CN121520359A,0,0,0,0,0,0,0,0,0,0,0,0,0,0,0,1,0
4981,CN121520956A,0,0,0,0,0,0,0,0,0,0,0,0,0,0,0,0,0
4982,CN121521334B,0,0,0,0,0,0,0,0,0,0,0,0,0,0,0,0,0
4983,CN121522574A,0,0,0,1,0,0,0,0,0,0,0,0,1,0,0,0,1
4984,CN121523317A,0,0,0,0,0,1,0,0,0,0,0,0,0,0,0,0,0
4985,CN121523384A,1,0,0,0,0,0,0,1,0,0,1,0,0,1,0,0,0
4987,CN121523390A,1,0,0,0,0,0,0,1,0,0,0,0,0,1,0,0,0
4988,CN121523831A,0,1,0,0,0,0,0,0,0,0,0,0,0,0,0,0,0
4989,CN121524290A,0,0,0,1,0,0,0,0,0,0,0,0,0,0,0,0,1
4990,CN121527343A,0,0,1,0,1,0,0,0,0,0,0,0,0,0,0,0,0
4991,CN121527392A,0,0,0,0,1,1,0,0,0,0,0,0,0,0,0,0,0
4992,CN121529879A,0,0,0,0,0,0,0,0,0,0,0,0,0,0,0,0,0
4993,CN121530021A,0,0,0,0,0,0,0,0,0,0,0,0,0,0,0,0,0
4994,CN121535716B,0,0,0,0,0,0,1,1,0,0,1,0,0,0,0,0,0
4995,CN121535720B,0,0,0,0,0,0,1,0,0,0,0,0,0,0,0,0,0
4996,CN121535740A,0,0,0,0,0,0,1,1,0,0,0,0,0,0,0,0,0
4997,CN121535742A,1,0,0,0,0,0,0,0,0,0,0,1,0,0,0,0,0
4998,CN121535750A,0,0,0,0,0,0,0,1,0,0,0,0,0,1,0,1,0
4999,CN121535769A,0,0,0,0,0,0,1,1,0,0,0,0,0,0,1,0,0
5000,CN121535779A,0,0,0,0,0,0,1,1,0,0,0,0,0,0,0,0,0
5001,CN121535780A,0,0,0,0,0,0,1,1,0,0,0,0,0,0,1,0,0
5002,CN121535784A,0,0,0,0,0,0,0,1,0,0,0,1,0,1,0,0,0
5003,CN121536411A,0,0,0,0,0,0,1,1,0,0,1,0,0,0,0,0,0
5004,CN121540463A,0,0,0,0,0,0,0,1,0,0,0,0,0,0,0,0,0
5005,CN121541784A,0,0,0,1,0,0,0,0,0,0,0,0,0,0,0,0,1
5006,CN121541787B,0,0,0,1,0,0,0,0,0,0,0,0,0,1,0,0,1
5007,CN121542873A,0,0,0,1,0,0,0,0,0,0,0,0,0,0,0,0,1
5008,CN121543655A,0,0,0,0,0,0,0,0,0,0,0,0,0,1,0,0,0
5009,CN121544914A,0,0,0,0,1,0,0,0,0,0,0,0,0,1,0,0,0
5010,CN121544915A,0,0,0,0,1,0,0,0,0,0,0,0,0,1,0,0,0
5011,CN121545471A,1,0,0,0,0,0,0,0,0,0,0,0,0,0,0,0,0
5012,CN121545864A,0,0,0,0,0,0,0,1,0,0,0,0,0,0,0,0,0
5013,CN121545900A,0,0,0,0,0,0,0,0,0,0,0,0,0,0,0,0,0
5014,CN121546159A,0,0,0,0,0,0,0,0,0,0,0,0,0,0,0,0,0
5015,CN121546863A,0,0,0,0,0,0,0,1,0,0,0,0,0,0,0,0,0
5016,CN121547747A,0,0,0,0,0,0,0,0,0,0,0,0,0,0,0,0,0
5018,CN121547754A,0,0,0,0,0,0,0,0,0,0,0,0,0,0,0,0,0
5019,CN121552315A,1,0,0,1,0,0,0,1,0,0,0,0,0,1,0,0,0
5022,CN121552326A,1,0,0,0,0,0,1,1,0,0,0,0,1,1,0,0,0
5023,CN121552328A,0,0,0,0,0,1,0,0,0,0,0,0,0,1,0,0,0
5024,CN121552342A,0,0,0,1,0,0,0,1,0,0,0,0,0,0,0,0,1
5025,CN121552345A,0,0,0,0,0,0,1,1,0,0,0,0,0,0,0,0,0
5026,CN121552353A,0,0,0,0,0,0,0,0,0,0,0,0,0,1,0,0,0
5027,CN121552365A,0,0,0,1,0,0,0,0,0,0,0,0,0,1,0,0,1
5028,CN121552367A,0,0,0,0,1,0,0,0,1,0,0,0,0,0,0,0,0
5029,CN121552375A,0,0,1,0,0,0,0,0,0,0,0,0,0,1,0,0,0
5030,CN121552386B,0,0,0,0,1,0,0,1,0,0,0,0,0,1,1,0,0
5031,CN121552396B,1,0,0,0,1,1,0,1,0,0,0,0,0,1,1,0,0
5032,CN121552432A,0,0,0,0,0,0,1,0,0,0,0,0,0,0,0,1,0
5033,CN121552442A,1,0,0,1,0,0,0,0,0,0,0,0,0,1,0,0,1
5034,CN121552444A,0,0,0,0,0,0,1,0,0,0,0,0,0,1,0,0,0
5035,CN121552445B,0,0,1,0,1,0,0,0,1,0,0,0,0,1,0,0,0
5036,CN121553273A,1,0,0,0,0,0,1,1,0,0,1,0,0,1,0,0,0
5037,CN121553277A,0,0,0,0,0,0,0,1,0,0,0,0,0,0,0,0,0
5038,CN121553659A,1,0,1,0,0,1,0,0,0,0,0,0,0,1,0,0,0
5039,CN121553660A,1,0,0,0,1,1,0,0,0,0,0,0,0,0,1,0,0
5040,CN121554920A,0,0,0,0,0,0,0,0,0,0,0,0,0,0,0,0,0
5041,CN121557844A,0,0,0,0,0,0,0,0,0,0,0,0,0,0,0,1,0
5042,CN121558013A,0,0,0,0,0,1,0,0,0,0,0,0,0,0,0,0,0
5043,CN121558023A,0,0,1,0,0,1,0,0,0,0,1,0,0,0,0,0,0
5044,CN121558350A,0,0,0,0,0,0,1,0,0,0,0,0,0,0,0,0,0
5045,CN121559096A,0,0,0,0,1,1,0,0,0,1,0,0,0,0,0,0,0
5046,CN121560018A,0,0,0,0,0,1,0,0,0,0,0,0,0,0,0,0,0
5047,CN121562404A,1,0,0,0,0,0,1,1,0,0,1,0,0,1,0,1,0
5048,CN121562666A,0,0,0,0,1,0,0,0,0,0,0,0,0,1,0,0,0
5049,CN121562667A,0,0,0,0,0,0,0,0,0,0,0,0,0,1,0,0,0
5050,CN121562668A,0,0,1,1,0,0,0,0,0,0,0,0,0,1,0,0,1
5051,CN121562799A,0,0,0,1,0,0,0,0,0,0,0,0,0,1,0,0,1
5052,CN121563135A,0,0,0,1,0,0,0,0,0,0,0,0,0,0,0,0,1
5053,CN121565610A,0,0,0,0,0,0,0,0,0,0,0,0,0,0,0,0,0
5054,CN121565672A,0,0,0,0,0,0,0,0,0,0,0,0,0,0,0,0,0
5055,CN121566847A,0,0,0,0,0,0,0,1,0,0,0,0,0,0,0,0,0
5056,CN121566857A,0,0,0,0,0,0,0,0,0,0,0,0,0,0,0,0,0
5057,CN121566872A,0,0,0,0,0,0,0,1,0,0,0,0,0,0,0,0,0
5058,CN121568977A,0,0,0,0,0,0,0,0,0,0,0,0,0,0,0,0,0
5059,CN121568978A,0,0,0,0,0,0,0,0,0,0,0,0,0,0,0,0,0
5060,CN121572259A,0,0,0,0,1,0,0,0,1,0,0,0,0,0,1,0,0
5061,CN121572266A,0,0,0,0,0,0,1,1,0,0,1,0,0,0,0,0,0
5062,CN121572267A,0,0,0,0,0,0,1,0,0,0,0,0,0,0,0,0,0
5063,CN121572292A,1,0,0,0,0,0,0,0,0,0,0,1,0,1,0,0,0
5065,CN121572303A,0,0,0,0,0,1,0,0,0,0,0,0,0,1,0,0,0
5066,CN121572313A,1,0,0,1,0,0,1,0,0,0,0,1,1,1,1,0,1
5068,CN121572314A,0,0,0,0,0,1,0,0,0,0,0,0,0,0,1,0,0
5069,CN121572321A,0,0,0,0,0,0,0,0,0,0,0,0,0,1,1,0,0
5070,CN121572325A,1,1,0,0,0,0,0,1,0,0,1,0,0,1,0,0,0
5071,CN121572328A,1,0,0,0,1,0,0,1,0,0,0,0,0,1,0,0,0
5073,CN121572340B,0,0,0,0,0,0,0,0,0,0,0,0,0,1,0,0,0
5074,CN121572341B,0,0,0,0,0,0,0,0,0,0,0,0,0,1,0,0,0
5075,CN121572343B,0,0,1,0,1,1,0,0,0,0,0,1,0,0,1,0,0
5076,CN121572347A,0,0,0,0,0,0,1,1,0,0,0,0,0,0,1,0,0
5077,CN121572348A,0,0,0,0,0,0,1,1,0,0,0,0,0,0,1,0,0
5078,CN121572351A,0,0,0,0,0,0,0,1,0,0,0,0,0,0,1,0,0
5080,CN121572355A,0,0,0,0,0,0,0,0,0,0,0,0,0,0,1,0,0
5081,CN121572359A,0,0,0,0,0,0,1,1,0,0,0,1,0,0,0,0,0
5082,CN121572361A,0,0,0,0,0,0,1,1,0,0,0,1,0,0,1,0,0
5083,CN121572365B,0,0,0,0,0,0,1,0,0,0,0,0,0,0,0,0,0
5084,CN121573084A,1,0,0,0,0,1,1,1,0,0,1,1,0,1,0,0,0
5085,CN121573091A,0,0,0,0,0,0,0,0,0,0,1,0,0,0,0,0,0
5086,CN121573430A,1,0,0,0,0,0,0,1,0,0,0,1,0,1,1,0,0
5087,CN121576386A,0,0,0,0,0,0,0,0,0,0,0,0,0,0,0,0,0
5088,CN121576395A,0,0,0,0,0,0,1,0,0,0,0,0,0,0,0,0,0
5089,CN121577208A,0,0,0,0,0,0,0,0,0,0,0,0,0,0,0,0,0
5090,CN121578654A,1,0,0,0,0,0,0,0,0,0,1,0,0,1,0,0,0
5091,CN121578687A,0,0,0,1,0,0,0,0,0,0,0,0,0,1,0,0,1
5092,CN121580141B,0,1,0,0,0,0,0,0,0,0,0,0,0,0,0,0,0
5093,CN121580652A,0,0,0,0,0,0,0,0,0,0,0,0,0,0,0,0,0
5094,CN121585552A,0,0,0,0,0,0,0,0,0,0,0,0,0,0,0,0,0
5095,CN121586512A,0,0,0,1,0,0,0,0,0,0,0,0,0,0,0,0,1
5096,CN121589371A,0,0,0,0,0,0,0,0,0,0,0,0,0,0,0,0,0
5097,CN121589531A,0,0,0,0,0,0,0,0,0,0,0,0,0,0,1,0,0
5099,CN121589772A,0,0,0,0,0,0,0,1,0,0,0,0,0,0,0,0,0
5100,CN121589787A,0,0,0,0,0,0,0,0,0,0,0,0,0,1,0,0,0
5102,CN121589798A,0,0,0,0,1,0,0,0,1,0,0,0,0,0,0,0,0
5103,CN121589799A,1,0,0,0,0,1,0,0,0,0,0,0,0,0,0,0,0
5104,CN121589811A,0,0,0,0,0,0,0,0,0,0,1,0,0,1,0,0,0
5105,CN121589813A,0,0,0,1,1,0,0,0,0,1,0,0,0,1,0,0,1
5106,CN121589818B,0,0,0,1,0,0,0,0,0,0,0,0,0,1,0,0,1
5107,CN121589834B,1,0,0,0,0,0,0,0,0,0,0,0,0,1,0,0,0
5108,CN121589842A,0,0,0,0,0,0,1,1,0,0,0,0,0,0,1,0,0
5109,CN121589846A,0,0,0,0,0,0,0,0,0,0,0,0,0,0,1,0,0
5111,CN121589854A,0,0,0,0,0,0,1,1,0,0,0,0,0,0,0,1,0
5112,CN121589855A,0,0,0,0,0,0,1,1,0,0,0,0,0,0,0,0,0
5113,CN121589857A,0,0,0,0,0,0,1,1,0,0,0,0,0,0,1,0,0
5114,CN121589858A,0,0,0,0,0,0,0,0,0,0,0,0,0,0,1,0,0
5115,CN121589859A,0,0,0,0,0,0,1,1,0,0,0,1,0,0,0,0,0
5116,CN121589863A,0,0,0,0,0,0,0,1,0,0,0,0,0,0,0,0,0
5118,CN121589864A,0,0,0,0,0,0,0,0,0,0,0,0,0,0,0,0,0
5119,CN121595204A,0,0,0,0,0,0,0,0,0,0,0,0,0,0,0,0,0
5120,CN121598663A,0,0,0,0,0,0,0,0,0,0,1,0,0,0,0,0,0
5121,CN121599160A,0,0,0,0,0,0,0,0,0,0,0,0,0,1,0,0,0
5122,CN121600963A,0,0,0,0,1,0,0,0,0,0,0,0,0,0,0,0,1
5124,CN121604940A,1,0,0,0,0,0,1,1,0,1,0,0,0,1,0,0,0
5125,CN121606919A,0,0,0,0,0,0,0,0,0,0,0,0,0,0,0,0,0
5126,CN121608126A,0,0,0,0,0,0,1,1,0,0,0,0,0,0,0,1,0
5127,CN121608127A,0,0,0,0,0,0,1,1,0,0,0,0,0,0,0,0,0
5128,CN121608131A,1,0,0,0,0,1,0,0,0,0,0,0,0,1,0,0,0
5129,CN121608145A,0,0,0,1,0,0,0,0,0,0,0,0,0,1,0,0,1
5130,CN121608155A,1,0,0,0,0,0,0,1,0,0,0,0,0,1,0,1,0
5131,CN121608170A,0,0,1,0,0,0,0,0,0,0,0,0,0,1,0,0,1
5132,CN121608171A,0,0,1,0,1,0,0,1,1,0,0,0,1,0,0,0,0
5133,CN121608194A,0,0,0,0,0,0,1,0,0,0,0,0,0,0,0,0,0
5134,CN121608197A,0,0,0,0,0,0,1,1,0,0,0,0,0,0,0,0,0
5135,CN121608199A,0,0,0,0,0,0,1,0,0,0,0,0,0,0,1,1,0
5136,CN121608204A,0,0,0,1,1,0,1,1,1,0,0,0,1,0,0,0,1
5137,CN121608382A,0,0,0,0,0,0,0,0,0,0,0,0,0,0,0,0,0
5138,CN121608821A,0,0,0,0,0,0,1,0,0,0,1,0,0,0,0,0,0
5139,CN121608822A,0,0,0,0,0,0,1,0,0,0,1,0,0,0,0,1,0
5140,CN121611734A,0,0,0,0,0,0,0,1,0,0,0,0,0,0,0,0,0
5141,CN121612148A,0,0,0,0,0,0,0,1,0,0,0,0,0,0,1,0,0
5142,CN121612237A,0,0,0,0,0,0,0,0,0,0,0,0,0,0,0,0,0
5143,CN121612447A,0,0,0,0,0,0,0,0,0,0,0,0,0,0,0,0,0
5144,CN121612449A,0,0,0,0,0,0,0,0,0,0,0,0,0,0,1,0,0
5145,CN121613756B,1,0,0,0,0,0,0,1,0,0,0,0,0,1,0,0,0
5147,CN121614386A,0,0,0,1,0,0,0,0,0,0,0,0,0,0,0,0,1
5148,CN121615680A,0,0,1,1,1,0,0,0,0,0,0,0,0,1,0,0,1
5149,CN121616782A,0,0,0,0,1,0,0,0,0,0,0,0,0,0,0,0,0
5150,CN121617739A,0,0,0,0,0,0,0,0,0,0,0,0,0,0,0,0,0
5152,CN121618650A,0,0,0,0,0,0,0,1,0,0,0,0,0,1,1,0,0
5153,CN121618775B,0,0,0,0,0,0,0,1,0,0,0,0,0,0,0,0,0
5154,CN121625081A,0,0,0,1,0,0,0,0,0,0,0,0,0,1,0,0,1
5155,CN121625090A,0,0,1,1,0,0,0,0,0,0,0,0,0,0,0,0,1
5156,CN121625093A,0,0,0,0,0,0,1,1,0,0,0,0,0,0,0,1,0
5157,CN121625106A,1,0,0,0,0,0,1,0,0,0,0,1,0,0,0,0,0
5158,CN121625117A,1,0,0,0,0,0,0,1,0,0,0,0,0,1,1,0,0
5159,CN121625121A,0,0,0,0,0,0,1,0,0,0,0,0,0,0,1,0,0
5160,CN121625128A,0,0,0,0,0,0,1,0,0,0,0,0,0,1,1,1,0
5161,CN121625147A,0,0,0,0,0,0,0,1,0,0,0,0,0,0,0,0,0
5162,CN121625153A,0,0,0,0,1,0,0,0,0,0,0,0,0,0,0,0,0
5164,CN121625157A,1,0,1,0,1,0,1,1,1,0,0,0,0,1,0,0,0
5165,CN121625158A,0,0,0,0,1,0,0,1,0,0,0,0,0,0,1,0,0
5166,CN121625164A,0,0,0,0,0,0,0,1,0,0,0,0,0,0,0,0,0
5167,CN121625165A,0,0,1,0,0,0,0,0,0,0,0,0,0,1,0,0,0
5168,CN121625184A,0,0,1,1,1,0,0,0,1,0,0,1,1,0,0,0,1
5169,CN121625188A,0,0,0,0,1,0,0,0,1,0,0,0,0,0,1,0,0
5170,CN121625209A,0,0,0,0,0,0,1,1,0,0,0,0,0,0,0,0,0
5171,CN121625220A,0,0,0,0,0,0,0,0,0,0,0,0,0,0,0,0,0
5172,CN121625228A,0,0,0,0,0,0,0,0,0,0,0,0,0,1,0,0,0
5173,CN121625230A,0,0,1,0,0,0,0,0,0,0,0,0,1,0,0,0,0
5174,CN121626046A,0,0,0,0,0,0,0,0,0,0,0,0,0,0,0,0,0
5175,CN121626321A,0,0,0,0,0,0,1,0,0,0,1,0,0,0,0,1,0
5176,CN121626325B,0,0,0,0,0,0,1,1,0,0,1,0,0,0,0,1,0
5177,CN121626326A,0,0,0,0,0,0,1,1,0,0,1,0,0,0,0,1,0
5178,CN121628339A,0,0,0,0,0,0,0,0,0,0,0,0,0,0,0,0,0
5179,CN121629197A,0,0,0,0,0,0,0,0,0,0,0,0,0,0,0,0,0
5180,CN121632129A,0,0,1,0,0,1,0,0,0,0,0,0,0,0,0,0,0
5181,CN121632271A,0,0,0,0,0,0,0,0,0,0,0,0,0,0,0,1,0
5182,CN121632406A,0,0,0,1,0,0,0,0,0,0,0,0,0,0,0,0,1
5183,CN121632414A,0,0,0,0,0,0,0,0,0,0,0,0,0,0,0,0,0
5184,CN121635048A,0,0,0,0,0,0,0,0,0,0,0,0,0,1,0,0,0
5185,CN121635338A,1,0,0,0,0,1,0,0,0,0,0,0,0,1,0,0,0
5187,CN121636673A,0,0,0,1,0,0,0,0,0,0,0,0,0,0,0,0,1
5188,CN121638318A,0,0,1,1,1,0,0,0,0,0,0,0,0,1,0,0,1
5189,CN121639817A,0,0,0,0,1,0,0,0,0,0,0,0,0,0,0,0,0
5190,CN121641057A,0,0,0,1,0,0,0,0,0,0,0,0,0,0,0,0,1
5191,CN121642124A,0,0,0,0,0,0,0,0,0,0,0,0,0,0,0,0,0
5193,CN121643573A,0,0,0,0,0,0,0,1,0,0,0,0,0,0,0,0,0
5194,CN121645041A,0,0,0,0,0,0,0,1,0,0,0,0,0,0,0,0,0
5195,CN121649957A,0,0,0,0,0,0,1,1,0,0,0,0,0,0,0,0,0
5196,CN121649960A,0,0,0,0,0,0,1,1,0,0,1,1,1,0,0,0,0
5198,CN121649963A,0,0,0,1,0,0,1,0,0,0,0,0,0,0,1,1,1
5199,CN121649997A,0,0,0,0,1,0,0,1,0,0,0,0,0,0,1,0,0
5200,CN121650016B,1,0,0,0,0,0,0,0,0,1,0,0,0,1,1,0,0
5202,CN121650020A,0,0,0,1,0,0,0,0,0,0,0,0,0,1,0,0,1
5203,CN121650021A,0,0,1,1,0,0,0,0,0,0,0,0,0,1,0,0,1
5204,CN121650029A,0,0,0,0,0,0,0,0,1,0,0,0,1,0,0,1,0
5205,CN121650030A,1,0,0,0,0,0,1,1,0,0,1,0,0,1,0,1,0
5206,CN121650039A,0,0,0,0,0,0,1,0,0,0,0,0,0,1,1,1,0
5207,CN121650049A,0,0,0,0,0,0,0,1,0,0,0,0,0,0,1,0,0
5209,CN121650781A,0,0,1,0,0,1,0,0,0,0,0,0,0,0,1,0,0
5210,CN121655500A,0,0,1,0,1,0,0,0,1,0,0,0,1,0,0,0,0
5211,CN121655528A,0,0,1,0,1,0,0,0,0,0,0,0,0,0,0,0,0
5212,CN121655563A,0,0,0,0,1,0,0,0,0,0,0,0,0,0,0,0,0
5213,CN121655745A,0,0,0,0,0,0,0,0,0,0,0,0,0,0,0,1,0
5214,CN121657086A,0,0,0,0,0,1,0,0,0,0,0,0,0,0,0,0,0
5215,CN121657716A,1,0,0,0,0,1,0,0,0,0,1,0,0,0,0,0,0
5216,CN121657720A,0,0,0,0,0,1,0,0,0,0,0,0,0,1,0,0,0
5217,CN121657722A,1,0,0,1,1,0,0,0,0,0,0,0,0,1,0,0,1
5219,CN121657883A,0,0,0,1,0,0,0,0,0,0,0,0,0,0,0,0,1
5220,CN121659205A,1,0,0,1,1,0,0,0,1,0,0,0,0,1,0,0,1
5221,CN121659991B,0,0,0,0,0,0,0,0,0,0,0,0,0,1,0,0,0
5222,CN121661692A,0,0,0,1,1,0,0,0,0,0,0,0,0,0,0,0,1
5223,CN121661700A,0,0,0,0,1,0,0,1,0,0,0,0,1,0,0,0,0
5224,CN121662528A,0,0,0,0,0,0,0,0,0,0,0,0,0,0,0,0,0
5225,CN121662588B,0,0,0,0,0,0,0,0,0,0,0,0,0,0,0,0,0
5226,CN121667902A,0,0,0,0,0,0,1,0,0,0,0,0,0,0,0,1,0
5227,CN121669965A,0,0,0,0,0,0,0,0,0,0,0,0,0,0,0,0,0
5228,CN121670259A,0,0,0,0,1,0,0,0,0,0,0,0,0,0,0,0,0
5229,CN121670598A,0,0,0,1,0,0,1,0,0,0,0,0,0,0,1,0,1
5230,CN121670599A,0,0,0,1,0,0,1,0,0,1,0,0,0,0,1,0,1
5231,CN121670600B,0,0,0,0,0,0,1,1,0,0,0,0,1,0,0,0,0
5232,CN121670626A,0,0,0,0,0,0,0,0,0,0,0,0,0,1,0,0,0
5233,CN121670637A,0,1,0,0,0,0,0,1,0,0,0,0,0,1,0,0,0
5234,CN121670668A,1,0,0,0,0,0,0,0,0,0,0,1,0,1,0,0,0
5235,CN121670669A,0,0,0,0,0,0,0,1,0,0,0,0,0,1,1,0,0
5236,CN121670686A,0,0,0,1,0,0,0,0,0,0,0,0,1,0,0,0,1
5237,CN121670689A,0,0,0,1,1,0,0,0,0,0,0,0,0,1,0,0,1
5238,CN121670697A,0,0,0,0,0,0,0,1,0,0,0,0,0,0,0,0,1
5239,CN121670701A,0,0,0,0,0,0,1,1,0,0,0,0,0,1,1,1,0
5240,CN121670726A,0,0,0,0,0,0,1,1,0,0,0,1,0,0,1,0,0
5241,CN121670736A,0,0,0,0,0,0,1,1,0,0,0,0,0,0,0,0,0
5242,CN121670737A,0,0,0,0,0,0,1,1,0,0,0,0,0,0,0,1,0
5244,CN121670745A,0,0,0,0,0,0,1,1,0,0,0,0,0,0,0,1,0
5245,CN121670746A,1,0,0,0,0,0,1,0,0,1,1,0,0,0,0,0,0
5246,CN121670747A,0,0,0,0,0,0,1,0,0,0,0,0,0,0,0,1,0
5247,CN121670750A,0,0,0,0,1,0,0,0,0,0,0,0,0,0,1,0,0
5248,CN121671109A,0,0,0,0,0,0,0,0,0,0,0,0,0,0,0,0,0
5249,CN121671770A,0,0,0,0,0,1,0,1,0,0,1,0,0,0,0,0,0
5250,CN121671773A,0,0,0,0,0,0,1,1,0,0,1,0,0,0,0,0,0
5251,CN121673793A,0,0,0,0,0,0,1,0,0,0,0,0,0,0,0,0,0
5252,CN121674127A,0,0,0,0,0,0,1,0,0,0,0,0,0,0,0,0,0
5254,CN121677735B,0,0,1,0,1,1,0,0,0,0,0,0,0,0,0,0,0
5255,CN121678003A,0,0,0,0,0,0,1,1,0,0,0,0,0,0,0,0,0
5256,CN121678033A,0,0,0,0,0,0,0,0,0,0,0,0,0,0,0,0,0
5257,CN121680044A,0,0,0,0,0,0,0,1,0,0,0,0,0,0,0,0,0
5258,CN121680096B,1,0,0,0,0,0,0,1,0,0,0,0,0,1,0,0,0
5259,CN121680153A,0,0,1,0,0,0,0,0,0,0,0,0,0,1,0,0,0
5260,CN121680167A,1,0,0,0,0,0,1,1,0,0,1,1,0,1,0,0,0
5261,CN121680199A,1,0,1,0,1,0,0,1,1,0,1,0,0,1,0,0,0
5262,CN121680475A,1,0,1,0,0,0,0,1,0,0,0,0,0,1,0,0,0
5264,CN121680640A,0,0,0,1,0,0,0,0,0,0,0,0,0,0,0,0,1
5265,CN121683861A,1,0,0,0,0,0,1,1,0,0,1,1,0,1,0,0,0
5266,CN121683866A,0,0,0,1,0,0,0,1,0,0,0,0,0,0,0,0,1
5267,CN121689409A,0,0,0,0,0,0,1,1,0,0,0,1,0,0,0,0,0
5268,CN121689418A,0,1,0,0,0,0,0,0,0,0,0,0,0,0,0,0,0
5269,CN121690701A,0,0,0,0,0,0,0,0,0,0,0,0,0,0,0,0,0
5271,CN121690702A,0,0,0,0,0,0,0,0,0,0,0,0,0,0,0,0,0
5273,CN121691496A,0,0,0,0,0,0,0,0,0,0,0,0,0,0,0,0,0
5274,CN121693731A,0,0,1,0,1,0,0,0,0,0,0,0,0,0,0,0,0
5275,CN121696919A,1,0,0,0,0,0,0,0,0,0,1,0,0,1,0,0,0
5276,CN121696923A,0,0,0,0,0,0,1,0,0,1,0,0,0,0,0,1,0
5277,CN121696947A,0,0,1,0,1,0,0,0,0,0,0,0,0,1,0,0,0
5278,CN121696965A,0,0,0,0,1,0,0,0,1,0,0,0,0,1,0,0,0
5279,CN121696967A,0,0,1,0,1,0,0,0,0,0,0,0,0,1,0,0,0
5281,CN121696985A,1,0,0,0,0,0,1,1,0,0,1,0,0,1,0,0,0
5282,CN121696987B,0,0,0,0,0,0,0,0,0,0,1,0,0,1,0,0,0
5283,CN121697000A,0,0,0,1,0,0,0,0,0,0,0,0,0,1,0,0,1
5284,CN121697022A,0,0,0,0,0,0,1,1,0,0,0,1,0,0,1,0,0
5285,CN121697026A,0,0,0,0,0,0,0,1,0,0,0,1,0,0,1,0,0
5286,CN121697028A,0,0,1,0,1,0,0,0,1,0,0,1,1,0,1,0,0
5287,CN121701626A,0,0,0,0,0,0,0,0,0,0,0,0,0,0,0,1,0
5290,CN121702388A,0,0,0,0,0,0,0,0,0,0,0,0,0,1,0,0,0
5291,CN121702608B,0,0,0,0,0,0,0,0,0,0,0,0,0,0,0,0,0
5292,CN121704173A,1,0,1,1,0,0,0,0,0,0,0,0,0,1,0,0,1
5293,CN121704194A,1,0,0,0,0,0,0,0,0,0,0,0,0,1,0,0,0
5294,CN121704505A,0,0,0,0,0,0,0,1,0,0,0,0,0,1,0,0,0
5295,CN121704513A,1,0,0,0,0,0,0,0,0,0,1,0,0,1,0,0,0
5296,CN121704883A,0,0,0,0,0,1,0,0,0,0,0,0,0,0,0,0,0
5297,CN121705008A,0,0,0,0,0,0,0,0,0,0,0,0,0,1,0,0,0
5298,CN121705817A,0,0,1,1,1,0,0,0,1,0,0,0,0,1,0,0,1
5299,CN121706840A,0,0,1,1,1,0,1,0,1,0,0,0,1,1,0,0,1
5300,CN121706931A,0,0,0,0,1,0,0,0,0,0,0,0,0,0,0,0,0
5301,CN121708117A,0,0,0,0,1,0,0,0,0,0,0,0,0,0,0,0,0
5302,CN121708199A,0,0,1,1,0,0,0,0,0,0,0,0,0,1,0,0,1
5303,CN121708220A,0,0,0,0,1,0,0,0,1,0,0,0,1,0,0,0,0
5304,CN121708441A,0,0,1,0,1,0,0,0,0,0,0,0,0,0,0,0,0
5305,CN121710572A,0,0,0,0,0,0,1,1,0,0,0,0,0,0,0,0,0
5306,CN121710625A,0,0,0,0,0,0,0,1,0,0,0,0,0,0,0,0,0
5307,CN121715438A,0,0,0,0,0,0,0,0,0,0,0,0,0,0,0,0,0
5308,CN121716023A,0,0,0,0,0,1,0,1,0,0,0,1,0,0,0,1,0
5309,CN121716024A,0,0,0,0,0,0,1,0,0,0,1,0,0,0,0,0,0
5310,CN121716032A,0,0,0,0,0,0,1,0,0,0,0,0,0,0,0,1,0
5311,CN121716036A,0,0,0,0,1,0,0,1,1,0,0,0,0,0,1,0,0
5312,CN121716051A,0,0,0,0,0,0,0,0,0,0,0,0,0,1,0,0,0
5313,CN121716054A,1,0,0,1,0,0,0,0,0,0,0,1,1,0,1,0,1
5314,CN121716066A,1,0,1,0,0,0,1,1,0,0,1,0,0,1,0,1,0
5315,CN121716070A,0,0,0,0,0,0,0,1,0,0,0,0,0,0,1,0,0
5316,CN121716074A,1,0,0,0,0,0,1,1,0,0,0,0,0,1,0,1,0
5318,CN121716075A,0,1,0,0,0,0,0,0,0,0,0,0,0,0,0,0,0
5319,CN121716095A,1,0,0,0,0,1,0,1,0,0,1,0,0,1,0,0,0
5320,CN121716097A,0,0,0,0,1,0,0,0,0,0,0,0,0,0,1,0,0
5322,CN121716109A,0,0,0,0,0,0,1,1,0,0,0,0,0,0,0,1,0
5323,CN121716111A,0,0,0,0,0,0,1,1,0,0,0,0,0,0,0,0,0
5324,CN121716118A,0,0,1,0,1,1,0,1,0,0,1,0,0,1,1,0,0
5325,CN121716126A,0,0,0,0,0,0,1,0,0,0,0,1,0,0,0,0,0
5326,CN121716127A,0,1,0,0,0,0,0,0,0,0,0,0,0,0,0,0,0
5327,CN121716822A,0,0,0,0,0,0,1,1,0,0,0,0,0,0,0,1,0
5328,CN121717145A,0,0,1,0,1,1,0,0,0,0,0,0,0,0,1,0,0
5329,CN121719874A,0,0,0,0,0,0,1,0,0,0,0,0,0,0,0,0,0
5331,CN121719878A,0,0,0,0,0,0,1,0,0,0,0,0,0,0,0,0,0
5332,CN121723159A,0,0,0,0,0,0,0,0,0,0,0,0,0,0,0,0,0
5333,CN121724724A,0,0,0,1,1,0,0,0,0,0,0,0,0,0,0,0,1
5334,CN121726482A,0,0,0,0,0,0,0,0,0,0,0,0,0,0,0,0,0
5335,CN121726660A,0,0,0,0,0,0,0,1,0,0,0,0,0,0,1,0,0
5336,CN121727466A,0,0,0,0,0,0,0,1,0,0,0,0,0,0,0,0,0
5337,CN121729358A,0,0,0,0,0,0,0,0,0,0,0,0,0,0,0,0,0
5338,CN121732752A,0,0,0,0,0,0,1,0,0,0,0,0,0,0,0,0,0
5339,CN121733345A,0,0,0,0,0,0,0,1,0,0,0,0,0,0,0,0,0
5340,CN121733500A,0,0,0,0,0,0,1,1,0,0,0,0,1,0,0,0,0
5342,CN121733556A,1,0,0,0,0,0,0,1,0,0,1,0,0,1,0,0,0
5343,CN121733557A,0,0,1,0,0,0,0,0,0,0,0,0,0,1,0,0,0
5344,CN121733581A,0,0,0,0,0,0,1,1,0,0,0,0,0,0,0,0,0
5345,CN121733582A,0,0,1,1,0,0,0,0,0,0,0,0,0,1,0,0,1
5346,CN121733596A,0,0,0,0,0,0,1,1,0,0,0,0,0,0,0,1,0
5347,CN121733612A,0,0,0,0,1,0,0,1,0,0,0,0,0,0,1,0,0
5348,CN121733615A,0,0,0,0,0,0,1,1,0,0,0,0,0,0,0,1,0
5349,CN121733617A,0,0,0,0,0,0,1,1,0,0,0,0,0,0,0,0,0
5350,CN121733631A,0,0,0,0,0,0,1,1,0,0,0,0,0,0,0,0,0
5351,CN121733635A,0,0,0,0,0,0,1,1,0,0,0,0,0,0,0,1,0
5352,CN121734546A,0,0,0,0,0,0,1,0,0,0,1,0,0,0,0,1,0
5353,CN121736351A,0,0,0,0,0,0,0,0,0,0,0,0,0,0,0,0,0
5354,CN121736750A,0,0,0,0,0,0,0,0,0,0,0,0,0,0,0,0,0
5355,CN121740007A,0,0,1,0,1,1,0,0,0,0,0,0,0,1,0,0,0
5356,CN121744907A,0,0,0,0,0,0,1,1,0,0,0,0,0,0,0,0,0
5357,CN121745152A,1,0,0,0,0,0,0,0,0,0,0,1,0,1,0,0,0
5358,CN121746853A,1,0,0,1,1,0,0,0,0,0,0,0,0,1,0,0,1
5359,CN121746860A,0,0,1,0,1,0,0,0,0,0,0,0,0,0,0,0,0
5360,CN121749419A,0,0,0,0,0,0,0,0,0,0,0,0,0,0,0,0,0
5361,CN121749577A,0,0,0,0,0,0,1,1,0,0,0,0,0,0,0,0,0
5363,CN121750844A,0,0,0,0,0,0,0,0,0,0,0,0,0,0,0,0,0
5364,CN121750848A,0,0,0,0,1,0,0,0,0,0,0,0,0,0,0,0,0
5365,CN121752400A,0,0,0,1,0,0,0,0,0,0,0,0,0,0,0,0,1
5366,CN121753069A,0,0,1,0,1,0,0,0,0,0,0,0,0,0,0,0,1
5367,CN121756308A,0,0,0,0,0,0,1,0,0,0,0,1,0,0,0,0,0
5368,CN121756330A,0,0,0,0,0,0,0,1,0,0,0,0,0,1,0,0,0
5369,CN121756339A,0,0,0,0,0,0,0,0,0,0,1,0,0,0,0,0,0
5370,CN121756354A,1,0,0,0,0,0,1,0,0,0,0,0,0,1,0,1,0
5371,CN121756357A,1,0,0,1,0,0,0,1,0,0,0,0,0,0,0,0,1
5373,CN218837822U,0,0,0,0,0,0,1,1,0,0,0,1,0,0,0,0,0
5377,CN216067460U,0,0,0,0,0,0,1,1,0,0,0,1,0,0,0,0,0
5382,CN210984016U,0,0,0,0,0,0,0,1,0,0,0,0,0,0,0,0,0
5383,CN223848109U,0,0,0,0,0,0,0,0,0,0,0,0,0,0,0,0,0
5385,CN220401627U,0,0,0,0,0,0,0,1,0,0,0,0,0,0,0,0,0
5393,CN221954485U,0,0,0,0,0,0,1,1,0,0,1,0,0,0,0,0,0
5405,CN223890032U,0,0,0,0,0,0,1,1,0,0,0,0,0,0,0,0,0
5407,CN222859605U,1,0,0,0,0,0,1,1,0,1,0,1,0,0,0,0,0
5424,CN121777118A,0,0,0,0,0,0,0,0,0,0,0,1,0,1,1,0,0
5426,CN223993820U,0,0,0,0,0,0,0,0,0,0,0,0,0,0,0,0,0
5428,CN221954486U,0,0,0,0,0,0,1,1,0,0,1,0,0,0,0,0,0
5430,CN121798586A,1,0,0,0,0,0,0,0,0,0,0,0,0,1,0,0,0
5432,CN206764822U,0,0,0,0,0,0,1,1,0,0,0,0,0,1,0,0,0
5439,CN224183102U,0,0,0,0,0,0,1,1,0,0,0,0,0,0,0,0,0
5442,CN221314260U,0,0,0,0,0,0,1,0,0,0,1,0,0,0,0,0,0
5443,CN222680983U,0,0,0,0,0,0,0,0,0,0,0,0,0,0,1,0,0
5444,CN209936912U,0,0,0,1,0,0,1,0,0,0,0,1,0,0,0,0,1
5448,CN222067542U,0,0,0,0,0,0,1,0,0,0,0,0,0,0,0,0,0
5452,CN308989816S,0,0,0,0,0,0,0,0,0,0,0,0,0,0,0,0,0
5453,CN309358964S,0,0,1,1,1,0,0,0,1,1,0,0,0,0,0,0,1
5454,CN309613799S,0,0,0,0,0,0,0,0,0,0,0,0,0,0,0,0,0
5455,CN309885229S,0,0,0,1,0,0,0,0,0,0,0,0,0,1,0,0,1
5456,CN309970231S,0,0,0,0,0,0,0,0,0,0,0,0,0,0,0,0,0
5457,CN303855086S,1,0,0,1,1,0,0,0,1,0,0,0,0,0,0,0,1
5458,CN309240166S,0,0,0,0,0,0,0,0,0,0,0,0,0,0,0,0,0
5459,CN309324739S,0,0,0,0,0,0,0,0,0,0,0,0,0,0,0,0,0
5460,CN309559659S,0,0,0,0,0,0,0,0,0,0,1,0,0,0,0,0,0
5461,CN309554366S,0,0,0,0,0,1,0,0,0,0,1,0,0,0,0,0,0
5462,CN309595933S,0,0,1,0,1,1,0,0,0,0,0,0,0,0,0,0,0
5464,CN309754745S,0,0,0,0,0,0,0,0,0,0,0,0,0,0,0,0,0
5465,CN309963619S,0,0,0,0,0,0,0,0,0,0,0,0,0,0,0,0,0
5467,CN304013708S,0,0,0,0,0,0,0,0,0,0,0,0,0,0,0,0,0
5468,CN309197723S,0,0,0,0,0,0,0,0,0,0,0,0,0,0,0,0,0
5469,CN309417112S,0,0,0,0,0,0,0,0,0,0,0,0,0,0,0,0,0
5470,CN309436329S,0,0,0,0,0,0,0,0,0,1,0,0,0,0,0,0,0
5471,CN309456875S,0,0,0,0,0,0,0,0,0,0,0,1,0,0,1,0,0
5472,CN309499129S,0,1,0,0,0,0,0,0,0,0,1,0,0,0,0,0,0
5473,CN309730296S,0,0,0,1,0,0,0,0,0,0,0,0,0,0,0,0,1
5474,CN309764165S,0,0,0,1,0,0,0,0,0,0,0,0,0,1,0,0,1
5475,CN309764175S,0,0,0,0,0,0,1,0,0,0,1,1,0,0,0,0,0
5476,CN309004787S,0,1,0,0,0,0,0,0,0,0,0,0,0,0,0,0,0
5477,CN309063471S,0,0,0,0,0,0,0,0,0,0,0,0,0,0,0,0,0
5478,CN309197753S,0,0,0,1,0,0,1,0,0,0,0,1,0,0,0,0,1
5479,CN309299398S,0,0,0,0,0,0,0,0,0,0,0,0,0,0,0,0,0
5480,CN309575842S,0,0,0,0,0,0,0,0,0,0,0,0,0,1,0,0,0
5481,CN309695264S,0,0,0,0,0,0,0,0,0,0,0,0,0,0,0,0,0
5482,CN301337833S,0,0,0,0,0,0,0,0,0,0,0,0,0,0,0,0,0
5483,CN303605915S,0,0,0,0,0,0,0,0,0,0,0,0,0,0,0,0,0
5484,CN306242807S,0,0,0,0,0,0,0,0,0,0,0,0,0,0,0,0,0
5485,CN308829404S,0,0,0,0,0,0,0,0,0,0,0,0,0,0,0,0,0
5486,CN309258043S,0,0,0,1,0,0,0,0,0,0,0,0,0,0,0,0,1
5487,CN309423118S,0,0,0,0,0,0,0,0,0,0,0,0,0,0,0,0,0
5488,CN309850461S,0,0,0,0,0,0,0,0,0,0,0,1,0,0,0,0,0
5489,CN305292148S,0,0,0,1,0,0,0,0,0,0,0,0,0,0,0,0,1
5490,CN308309566S,0,0,0,0,0,0,0,0,0,0,0,0,0,0,0,0,0
5491,CN308401856S,0,0,0,0,0,0,0,0,0,0,0,0,0,0,0,0,0
5492,CN309513077S,0,0,0,0,0,0,0,0,0,0,0,0,0,0,0,0,0
5493,CN309554405S,0,0,0,0,0,0,0,0,0,0,0,0,0,0,0,0,0
5494,CN309623363S,0,0,0,0,0,0,0,0,0,0,1,0,0,1,0,0,0
5495,CN309639847S,0,0,0,0,0,0,0,0,0,0,0,0,0,0,0,0,0
5496,CN309843257S,0,0,0,0,0,0,1,0,0,0,1,1,0,0,0,0,0
5498,CN309850472S,0,1,0,0,0,1,0,0,0,0,0,0,0,0,0,0,0
5499,CN309943277S,0,0,0,0,0,0,1,0,0,0,0,1,0,0,0,0,0
5500,CN303934587S,0,0,0,0,0,0,0,0,0,0,0,0,0,0,0,0,0
5501,CN309613368S,0,0,0,0,0,0,0,0,0,0,0,0,0,0,0,0,0
5502,CN309723581S,0,0,0,0,0,0,0,0,0,0,0,0,0,0,0,0,0
5503,CN309785613S,0,0,0,0,0,0,0,0,0,0,0,0,0,0,0,0,0
5504,CN309819727S,0,0,0,0,0,0,0,0,0,0,0,1,0,0,0,0,0
5505,CN309883562S,1,0,1,0,1,0,0,0,0,0,0,1,0,0,1,0,0
5506,CN309969654S,0,0,0,0,0,1,0,0,0,0,0,0,0,0,0,0,0
5507,CN303320322S,0,0,0,0,0,0,0,0,0,0,0,0,0,0,0,0,0
5508,CN305662176S,0,0,0,0,1,0,0,0,0,0,0,0,0,0,0,0,0
5509,CN309154048S,0,0,0,0,0,0,0,0,0,0,0,0,0,0,0,0,0
5510,CN309778639S,0,0,0,0,0,0,0,0,0,0,0,0,0,0,0,0,0
5511,CN304349536S,0,0,0,0,0,0,0,0,0,0,0,0,0,0,0,0,0
5512,CN305409089S,0,0,0,0,0,0,0,0,0,0,0,0,0,0,0,0,0
5513,CN306916261S,0,0,0,1,0,0,0,0,0,0,0,0,0,0,0,0,1
5514,CN309456813S,0,0,0,0,0,0,0,0,0,0,0,0,0,0,0,0,0
5515,CN309848626S,0,0,0,0,0,0,0,0,0,0,0,0,0,0,0,0,0
5516,CN309885217S,0,0,0,0,0,0,0,0,0,0,0,0,0,0,0,0,0
5517,CN303320326S,0,0,0,0,0,0,0,0,0,0,0,0,0,0,0,0,0
5518,CN308343098S,0,0,0,0,0,0,0,0,0,0,1,0,0,0,0,0,0
5519,CN309021858S,0,0,0,0,0,0,0,0,0,0,0,0,0,0,0,0,0
5520,CN309793934S,0,0,0,0,0,0,0,0,0,0,0,0,0,0,1,0,0
5521,CN309838731S,0,0,0,0,0,0,0,0,0,0,0,0,0,0,0,0,0
5522,CN303949970S,0,0,0,1,0,0,0,0,0,0,0,0,0,0,0,0,1
5523,CN303969856S,0,0,0,0,0,0,0,0,0,0,0,0,0,0,0,0,0
5524,CN304861269S,0,0,0,0,0,0,0,0,0,0,0,0,0,0,0,0,0
5525,CN309029051S,0,0,0,1,0,0,0,0,0,0,0,0,0,1,0,0,1
5526,CN309289057S,0,0,0,0,0,0,0,0,0,0,0,0,0,0,0,0,0
5527,CN309536351S,0,0,0,1,1,0,0,0,1,0,0,0,1,0,0,0,1
5528,CN309632502S,0,0,0,0,0,0,1,0,0,0,0,0,0,0,0,0,0
5529,CN309785961S,0,0,0,0,0,0,0,0,0,0,0,0,0,0,0,0,0
5530,CN309949999S,0,0,0,0,0,0,0,0,0,0,0,0,0,0,0,0,0
5531,CN304309301S,0,0,0,0,0,0,0,0,0,0,0,0,0,0,0,0,0
5532,CN303320324S,0,0,0,0,0,0,0,0,0,0,0,0,0,0,0,0,0
5533,CN308765955S,0,0,0,0,0,0,0,0,0,0,0,0,0,0,0,0,0
5534,CN308996973S,0,0,0,0,0,0,0,0,0,0,0,0,0,0,0,0,0
5535,CN309520576S,0,0,0,0,0,0,0,0,0,1,0,0,0,0,0,0,0
5536,CN309695265S,0,0,0,0,0,0,0,0,0,0,0,0,0,0,0,0,0
5537,CN309838713S,0,0,0,0,0,0,0,0,0,0,0,0,0,0,0,0,0
5538,CN309893069S,0,0,0,0,0,0,0,0,0,0,0,0,0,0,0,0,0
5539,CN304795044S,0,0,0,1,0,0,0,0,0,0,0,0,0,0,0,0,1
5541,CN309251822S,0,0,0,0,0,0,0,0,0,0,0,0,0,0,0,0,0
5542,CN309329752S,0,0,0,0,0,0,0,0,0,0,0,0,0,0,0,0,0
5543,CN309524763S,0,1,0,0,0,0,0,0,0,0,0,0,0,0,0,0,0
5544,CN309536366S,0,0,0,0,0,0,0,0,0,1,0,0,0,0,0,0,0
5545,CN309868956S,0,0,0,0,0,0,0,0,0,0,0,0,0,0,0,0,0
5546,CN309893095S,1,0,0,1,0,0,0,0,0,0,1,0,0,0,0,0,1
5548,CN121782331A,0,0,0,0,0,0,1,0,0,0,0,0,0,0,0,0,0
5549,CN306242809S,0,1,0,0,0,0,0,0,0,0,0,0,0,0,0,0,0
5550,CN309296466S,0,0,0,0,0,0,0,0,0,1,0,0,0,0,0,0,0
5551,CN309524758S,0,0,0,0,0,0,0,0,0,0,0,0,0,0,0,0,0
5552,CN303320325S,0,0,0,0,0,0,0,0,0,0,0,0,0,0,0,0,0
5553,CN303377938S,0,0,0,0,0,0,0,0,0,0,0,0,0,0,0,0,0
5554,CN306242808S,0,1,0,1,0,0,0,0,0,0,0,0,0,0,0,0,1
5555,CN307160271S,0,0,1,1,1,1,0,0,0,0,0,0,0,0,1,0,1
5556,CN309723617S,0,0,0,0,0,0,0,0,0,0,0,0,0,0,0,0,0
5557,CN308511889S,0,0,0,0,0,0,0,0,0,0,0,0,0,0,0,0,0
5558,CN309519628S,0,0,0,0,0,0,0,0,0,0,0,0,0,0,0,0,0
5559,CN309802239S,0,0,0,0,0,0,0,0,0,1,0,0,0,0,0,0,0
5560,CN304415056S,0,0,0,0,0,0,0,0,0,0,0,0,1,0,0,0,0
5561,CN309524735S,0,0,0,0,0,0,0,0,0,0,0,0,0,0,0,0,0
5562,CN309588579S,0,0,0,0,0,0,0,0,0,0,0,0,0,0,0,0,0
5563,CN309764220S,0,0,0,0,0,0,0,0,0,0,1,0,0,0,0,0,0
5564,CN309785636S,0,0,0,0,0,0,0,0,0,0,0,0,0,0,0,0,0
5565,CN309832774S,0,0,0,0,0,0,0,0,0,1,0,0,0,0,0,0,0
5566,CN303320353S,0,0,0,0,0,0,0,0,0,0,0,0,0,0,0,0,0
5567,CN303979283S,0,1,0,0,0,0,0,0,0,1,0,0,0,0,0,0,0
5568,CN304958312S,0,1,0,0,0,0,0,0,0,1,0,0,0,0,0,0,0
5569,CN306739002S,0,0,1,1,1,1,0,0,0,0,0,0,0,0,1,0,1
5570,CN308996994S,0,0,0,0,0,0,0,0,0,0,0,0,0,0,0,0,0
5571,CN309142389S,0,0,0,1,0,0,0,0,0,0,0,0,0,0,0,0,1
5572,CN309246781S,0,0,0,0,0,0,0,0,0,0,0,0,0,0,0,0,0
5573,CN309352921S,0,0,0,0,0,0,0,0,0,0,0,0,0,0,0,0,0
5574,CN309536388S,0,0,0,0,0,0,0,0,0,0,0,0,0,0,0,0,0
5575,CN309957071S,0,0,0,1,0,0,0,0,0,1,0,0,0,0,0,0,1
5576,CN303979284S,0,1,0,0,0,0,0,0,0,1,0,0,0,0,0,0,0
5577,CN304717468S,0,0,0,1,0,0,0,0,0,1,0,0,0,0,0,0,1
5579,CN306704821S,1,0,0,0,0,0,1,0,0,0,1,1,0,0,0,0,0
5580,CN309197722S,0,0,0,0,0,0,0,0,0,0,0,0,0,0,0,0,0
5581,CN309342070S,0,0,0,0,0,0,0,0,0,0,0,0,0,0,0,0,0
5582,CN309374751S,0,0,0,0,0,0,0,0,0,0,0,0,0,0,0,0,0
5583,CN309676110S,0,0,0,0,0,0,0,0,0,0,0,0,1,0,0,0,0
5585,CN309741930S,0,0,0,0,0,0,0,0,0,0,0,0,0,0,0,0,0
5586,CN309785625S,0,0,0,0,0,0,0,0,0,1,0,0,0,0,0,0,0
5587,CN309802238S,0,0,0,0,0,0,0,0,0,1,0,0,0,0,0,0,0
5588,CN309263629S,0,0,0,0,0,0,0,0,0,0,0,0,0,0,0,0,0
5589,CN309695296S,0,0,0,0,0,0,0,0,0,0,0,0,0,0,0,0,0
5590,CN309970197S,0,0,0,0,0,0,0,0,0,0,0,0,0,0,0,0,0
5591,CN309970185S,0,0,0,0,0,0,0,0,0,0,1,0,0,0,0,0,0
5592,CN304369983S,1,0,0,1,0,0,1,1,0,0,1,1,0,1,0,0,1
5593,CN305767152S,0,0,0,0,0,0,0,0,0,0,0,0,0,0,0,0,0
5594,CN306236955S,0,1,0,0,0,0,0,0,0,0,0,0,0,0,0,0,0
5595,CN309485791S,0,0,0,0,0,0,1,1,0,0,1,1,0,0,0,0,0
5596,CN309541555S,0,0,0,0,0,0,0,0,0,0,0,0,0,0,0,0,0
5597,CN309604180S,0,0,0,1,0,0,0,0,0,0,0,0,0,0,0,0,1
5598,CN309723591S,0,0,0,0,0,0,0,0,0,0,0,0,0,0,0,0,0
5599,CN309802218S,0,0,0,0,0,0,0,0,0,0,0,1,0,0,0,0,0
5600,CN309505962S,0,0,0,0,0,0,0,0,0,0,0,0,0,0,0,0,0
5601,CN309588589S,0,0,0,0,0,0,0,0,0,0,0,0,0,0,0,0,0
5602,CN309754786S,0,0,0,0,0,0,0,0,0,0,0,0,0,0,0,0,0
5603,CN309819708S,0,0,0,0,0,0,0,0,0,0,0,0,0,0,0,0,0
5604,CN309877638S,0,0,0,0,0,0,0,0,0,0,0,0,0,0,0,0,0
5605,CN309918504S,0,0,0,0,0,0,0,0,0,0,0,0,0,0,0,0,0
5606,CN303320323S,0,0,0,0,0,0,0,0,0,0,0,0,0,0,0,0,0
5607,CN305141999S,0,0,0,1,0,0,0,0,0,0,0,0,0,0,0,0,1
5608,CN306242820S,0,0,0,0,0,0,0,0,0,0,0,0,0,0,0,0,0
5609,CN307875810S,0,0,0,0,0,0,0,0,0,0,0,1,0,0,0,0,0
5610,CN309334577S,0,0,0,0,0,0,0,0,0,0,0,0,0,0,0,0,0
5611,CN309423104S,0,0,0,0,0,0,0,0,0,0,0,0,0,0,0,0,0
5612,CN309639799S,0,0,0,0,0,0,1,0,0,0,0,0,0,0,0,0,0
5613,CN309717167S,0,0,0,0,0,0,0,0,1,0,0,0,1,0,0,0,0
5614,CN309723582S,0,0,0,0,0,0,0,0,0,0,0,0,0,0,0,0,0
5615,CN309793933S,0,0,0,0,0,0,0,0,0,0,0,0,0,0,1,0,0
5618,CN223749632U,0,0,0,0,0,0,1,0,0,0,0,1,0,0,0,1,0
5622,CN121918491A,0,0,0,0,0,0,1,0,0,0,0,0,0,0,0,0,0
5630,TWD177818S,0,0,0,0,0,0,0,0,0,0,0,0,0,0,0,0,0
5631,CN223057740U,0,0,0,0,0,0,0,1,0,0,0,0,0,0,1,0,0
5637,TWI922316B,0,0,0,1,0,0,0,0,0,0,0,0,0,0,0,0,1
5641,CN224160018U,0,0,0,0,0,0,0,1,0,0,0,0,0,0,1,0,0
5649,CN201736231U,0,0,0,0,0,0,1,0,0,0,0,1,0,0,1,0,0
5652,CN217861281U,0,0,1,1,1,1,0,0,1,0,0,0,0,0,0,0,1
5657,CN221953330U,0,0,0,0,0,0,1,1,0,0,0,0,0,0,0,0,0
5659,CN308862939S,0,0,0,0,0,0,1,1,0,0,0,0,0,0,0,0,0
5660,CN222452390U,1,0,0,0,0,0,1,1,0,0,1,0,0,0,0,0,0
5661,CN204772587U,0,0,0,0,0,0,1,0,0,0,0,0,0,0,0,1,0
5663,CN223466317U,0,0,0,0,1,0,0,1,0,0,0,0,0,0,1,0,0
5668,CN209551787U,0,0,0,1,0,0,0,0,0,0,0,0,1,0,0,0,1
5669,CN224027658U,1,0,0,0,0,0,1,0,0,0,0,0,0,1,0,0,0
5670,CN202987317U,0,0,0,0,0,0,0,1,0,0,1,0,0,0,0,0,0
5671,CN223617751U,0,0,0,0,0,0,0,0,0,0,0,0,0,0,1,0,0
5673,CN224183118U,0,0,0,0,0,0,1,0,0,0,0,0,0,0,0,0,0
5675,CN121863774A,0,0,0,0,0,0,1,1,0,0,0,0,0,0,0,0,0
5679,CN208117861U,0,0,0,0,0,0,1,1,0,0,0,1,0,0,0,0,0
5683,CN306072186S,0,0,0,0,0,0,0,0,0,0,1,0,0,0,0,0,0
5684,CN308553651S,0,0,0,0,0,0,0,0,0,0,0,0,0,0,0,0,0
5685,CN309588607S,0,1,1,0,1,0,0,0,0,0,0,0,0,0,0,0,0
5686,CN309957109S,0,0,0,0,0,0,0,0,0,0,0,0,1,0,0,0,0
5687,CN305154358S,0,0,0,0,0,0,0,0,0,0,0,0,0,0,0,0,0
5688,CN309695247S,0,0,0,0,0,0,0,0,0,0,0,0,0,0,0,0,0
5689,CN309957101S,0,0,0,0,0,0,1,0,0,0,0,0,0,0,0,0,0
5690,CN309125652S,0,0,0,0,0,0,0,0,0,0,0,0,0,0,0,0,0
5691,CN309536381S,0,0,0,0,0,0,0,0,0,0,0,0,0,0,0,0,0
5692,CN309548143S,0,0,0,0,0,0,1,0,0,0,0,1,0,0,0,0,0
5693,CN309405691S,0,0,0,0,0,0,0,0,0,0,0,0,1,0,0,0,0
5694,CN309568307S,0,0,0,0,0,0,0,0,0,0,0,0,0,1,0,0,0
5695,CN309843246S,0,0,0,0,0,0,0,0,0,0,0,0,0,0,0,0,0
5696,CN304194957S,0,0,0,0,0,0,0,0,0,0,0,0,0,0,0,0,0
5697,CN309204161S,0,0,0,0,0,0,0,1,0,0,0,0,0,0,0,0,0
5698,CN309710504S,0,0,0,0,0,0,0,0,0,0,0,0,0,0,1,0,0
5699,CN309739758S,0,0,0,0,0,0,0,0,0,0,0,0,0,0,0,0,0
5700,CN309943243S,0,0,0,0,0,0,0,0,0,0,0,0,0,0,0,0,0
5701,CN307913800S,0,0,0,0,0,0,0,0,0,0,0,0,0,0,0,0,0
5702,CN309505998S,0,1,0,0,0,0,0,0,0,0,0,0,0,0,0,0,0
5703,CN309970257S,0,0,0,0,0,0,0,0,0,0,0,0,0,0,0,0,0
5704,CN303816646S,0,0,0,1,0,0,0,0,0,0,0,0,0,0,0,0,1
5707,CN309369073S,0,0,0,0,0,0,1,0,0,0,1,0,0,0,0,1,0
5708,CN309793888S,0,0,0,0,1,0,0,0,1,0,0,0,1,0,0,0,0
5709,CN309793902S,0,0,0,0,0,0,0,0,0,0,0,0,1,0,0,0,0
5710,CN309859406S,0,0,0,0,0,0,1,0,0,0,0,1,0,0,0,0,0
5711,CN309949979S,0,0,0,0,0,0,0,0,0,0,0,0,0,0,0,0,0
5712,CN219190210U,0,0,0,0,0,0,1,0,0,0,0,0,0,0,0,1,0
5713,CN309125668S,0,0,0,0,0,0,0,0,0,0,0,0,0,0,0,0,0
5714,CN309450064S,0,0,0,0,0,0,0,0,0,0,0,0,0,0,0,0,0
5715,CN309943250S,0,0,1,0,1,1,0,0,0,0,0,0,0,0,0,0,0
5718,CN308817546S,0,0,0,0,0,0,1,1,0,0,1,0,0,0,0,0,0
5719,CN309877684S,0,0,0,0,0,0,0,0,0,0,1,0,0,0,0,0,0
5720,CN304981151S,0,0,0,0,0,0,0,0,0,0,0,0,0,0,0,0,0
5721,CN308977019S,0,0,0,0,0,0,0,0,0,0,0,0,0,0,0,0,0
5722,CN309859368S,0,0,0,1,0,0,0,0,0,0,0,0,0,0,0,0,1
5723,CN309859407S,0,0,0,0,0,0,0,0,0,0,1,0,0,0,0,0,0
5724,CN307830487S,0,0,0,0,0,0,0,0,0,0,0,0,0,0,0,0,0
5725,CN309613350S,0,0,0,0,0,0,0,0,0,0,0,0,0,0,0,0,0
5726,CN309639840S,0,0,0,0,0,0,0,0,0,0,0,0,0,0,0,0,0
5727,CN309819713S,0,0,0,0,0,0,0,0,0,0,0,0,0,1,0,0,0
5728,CN309859345S,0,0,0,0,0,0,0,0,0,0,0,0,0,0,0,0,0
5729,CN309943244S,0,0,0,0,0,0,0,0,0,0,0,0,0,0,0,0,0
5730,CN309363608S,0,0,0,0,0,0,0,0,0,0,0,0,0,0,0,0,0
5731,CN309456831S,0,0,0,0,0,0,0,0,0,0,0,0,0,0,0,0,0
5732,CN309746321S,0,0,0,0,0,0,1,0,0,0,0,1,0,0,0,0,0
5733,CN309850505S,0,0,0,0,0,0,0,0,0,0,0,0,0,0,0,0,0
5734,CN309342084S,0,0,0,0,0,0,0,0,0,0,0,0,0,1,0,0,0
5735,CN309505999S,0,0,0,0,0,0,0,0,0,0,0,0,1,0,0,0,0
5736,CN309771091S,0,0,0,0,0,0,0,0,0,0,0,0,0,0,0,0,0
5737,CN309739748S,0,0,0,0,0,0,0,0,0,0,0,0,0,0,0,0,0
5738,CN308472033S,0,0,0,0,0,0,0,0,0,0,0,0,0,0,0,0,0
5739,CN309793901S,0,0,0,0,0,0,0,0,0,0,0,0,0,0,0,0,0
5740,CN303729124S,0,0,0,0,0,0,0,0,0,0,0,0,0,0,0,0,0
5741,CN309793928S,0,0,0,0,0,0,0,0,0,0,0,0,0,0,0,0,0
5742,CN309519616S,0,0,0,0,0,0,0,0,0,0,0,0,0,0,0,0,0
5743,CN309588603S,0,1,0,0,1,0,0,0,0,0,0,0,0,0,0,0,0
5744,CN309802196S,0,0,0,0,0,0,0,0,0,0,0,0,0,0,0,0,0
5745,CN309957110S,0,0,0,0,0,0,0,0,0,0,0,0,0,0,0,0,0
5746,CN309613392S,0,0,0,0,0,0,0,0,0,0,0,0,0,0,0,0,0
5747,CN309832735S,0,0,0,0,0,0,1,0,0,0,0,0,0,0,0,0,0
5748,CN307391277S,0,0,0,0,0,0,0,0,0,0,0,0,0,0,0,0,0
5749,CN309436331S,0,0,0,0,0,0,0,0,0,0,0,0,0,0,0,0,0
5750,CN309928274S,0,0,0,0,0,0,0,0,0,0,0,0,0,0,0,0,0
5751,CN309645888S,1,0,1,1,1,1,0,0,0,0,1,0,0,1,1,0,1
5752,CN309369074S,0,0,0,0,0,0,1,0,0,0,1,0,0,0,0,0,0
5753,CN309505997S,0,0,0,0,0,0,0,0,0,0,0,0,0,0,0,0,0
5754,CN309717166S,0,0,0,0,0,0,0,0,0,0,0,0,0,0,0,0,0
5755,CN309730288S,0,0,0,0,0,0,0,0,0,0,0,0,0,0,0,0,0
5756,CN309754740S,0,0,0,0,0,0,0,0,0,0,0,0,0,0,0,0,0
5757,CN309936181S,0,0,0,0,0,0,0,0,0,0,0,0,0,0,0,0,0
5758,CN308982865S,0,0,0,0,0,0,0,0,0,0,0,0,0,0,0,0,0
5759,CN309869071S,0,0,0,0,0,0,0,0,0,0,0,0,0,0,0,0,0
5760,CN309877651S,0,0,0,0,0,0,0,0,0,0,0,0,0,0,0,0,0
5765,CN203449323U,0,0,0,0,0,0,1,0,0,0,0,0,0,0,0,0,0
5766,CN223617763U,0,0,0,0,0,0,1,1,0,0,0,1,0,0,0,0,0
5767,CN223617764U,0,0,0,0,0,0,1,1,0,0,0,1,0,0,0,0,0
5769,CN219666710U,0,0,0,0,0,0,0,0,0,0,0,0,0,0,0,0,0
5773,CN309595938S,0,0,0,0,0,0,0,0,0,0,1,0,0,0,0,0,0
5774,CN309859364S,0,0,0,0,0,0,0,0,0,0,0,0,0,0,0,0,0
5781,CN309754753S,0,0,0,0,0,0,0,0,0,0,0,0,0,0,0,0,0
5782,CN309859363S,0,0,0,0,0,0,0,0,0,0,0,0,0,0,0,0,0
5783,CN218776603U,0,0,0,0,0,0,0,0,0,0,0,1,0,0,0,0,0
5785,CN220864059U,0,0,0,0,0,0,1,0,0,0,0,0,0,0,0,0,0
5790,CN210678724U,0,0,0,0,0,0,0,0,0,0,0,0,0,0,0,0,0
5791,CN224183069U,0,0,0,0,0,0,1,1,0,0,0,0,0,0,0,1,0
5792,CN224183101U,0,0,0,0,0,0,1,0,0,0,0,0,0,0,0,0,0
5794,CN1276820C,1,0,0,0,0,0,1,0,0,0,1,0,0,0,0,0,0
5799,CN224059839U,0,1,0,0,0,0,0,0,0,0,0,0,0,0,0,0,0
5802,CN309342085S,0,0,0,0,0,0,1,1,0,0,0,0,0,0,0,0,0
5803,CN309838739S,0,0,0,0,0,0,0,0,0,0,0,0,0,0,0,0,0
5805,CN309962714S,0,0,0,0,0,0,0,0,0,0,0,0,0,0,0,0,0
5811,CN219114106U,0,0,0,0,0,0,0,0,0,0,0,0,0,0,0,0,0
5814,CN212275593U,0,0,0,0,0,0,0,0,0,1,0,0,0,0,0,0,0
5821,CN207532782U,1,0,1,1,0,1,1,0,0,0,1,1,1,1,0,0,1
5830,CN121801037A,0,0,0,0,0,0,0,0,0,0,0,0,0,0,0,0,0
5832,CN121788194A,0,0,0,0,0,0,0,0,0,0,0,0,0,0,0,0,0
5834,CN121798581A,0,0,1,0,1,0,0,0,0,0,0,0,1,1,1,0,0
5836,CN309554408S,0,0,0,0,0,0,0,0,0,0,0,0,0,0,0,0,0
5837,CN309499121S,0,0,0,0,0,0,0,0,0,0,0,0,0,0,1,0,0
5838,CN309554406S,0,0,0,0,0,0,0,0,0,0,0,0,0,0,0,0,0
5844,CN221338569U,0,0,0,0,0,0,1,0,0,0,0,0,0,0,0,1,0
5846,CN223140377U,0,0,0,1,0,0,0,0,0,0,0,0,0,0,0,0,1
5854,CN223251712U,1,0,0,0,0,0,1,1,0,0,0,1,0,0,0,0,0
5857,CN208323386U,0,0,0,0,0,0,1,1,0,0,0,0,0,0,0,0,0
5861,CN121860519A,0,0,1,0,1,1,0,0,0,0,0,0,0,1,0,0,0
5871,CN212859475U,0,1,1,0,1,0,0,0,1,0,0,0,1,0,0,0,0
5872,TW203271U,0,0,0,0,0,0,1,1,0,0,0,1,0,0,0,0,0
5874,TW544380B,1,0,0,0,0,0,1,1,0,0,1,1,0,1,0,0,0
5878,TWI383829B,0,0,0,0,0,0,1,1,1,0,0,0,1,0,0,0,0
5879,TW201233421A,0,0,0,0,0,0,1,1,1,0,0,0,1,0,0,0,0
5881,CN204926654U,1,0,1,0,1,0,0,1,0,0,1,0,0,0,0,0,0
5884,CN224043818U,0,0,0,0,0,0,1,1,0,0,0,0,1,0,0,0,0
5889,TWM448303U,1,0,0,0,1,0,0,0,0,0,1,0,0,0,0,0,0
5899,TWI834153B,0,0,1,0,1,0,0,0,0,0,0,0,0,0,1,0,1
5900,WO2024124996A1,0,0,0,0,0,0,1,1,0,0,0,0,0,0,0,1,0
5901,TWM549681U,1,0,0,0,0,0,1,1,0,0,1,1,0,0,0,0,0
5909,CN121946454A,0,0,0,0,0,0,1,1,0,0,0,0,0,0,1,0,0
5910,WO2026026989A1,0,0,0,0,0,0,1,1,0,0,1,0,0,0,0,0,0
5911,CN121822773A,0,0,0,0,0,1,0,0,0,0,0,1,0,0,1,0,0
5913,CN208812101U,0,0,0,0,0,0,1,1,0,0,0,0,0,0,0,0,0
5914,CN223431621U,0,0,0,0,0,0,1,1,0,0,0,1,0,0,1,0,0
5915,CN223406978U,0,0,0,0,0,0,1,1,0,0,0,1,0,0,1,0,0
5918,TWM330902U,1,0,0,0,0,0,1,0,0,0,1,0,0,0,0,0,0
5919,CN220721230U,0,0,0,0,0,0,1,1,0,0,1,0,0,0,0,0,0
5920,CN220721232U,0,0,0,0,0,0,1,0,0,0,1,0,0,0,0,0,0
5924,TW202343387A,0,0,1,0,1,0,0,0,1,0,0,0,0,0,0,0,0
5925,CN223057026U,1,0,0,0,1,0,0,0,1,0,0,1,0,0,1,0,0
5928,CN209248644U,0,0,0,1,1,0,0,0,0,0,0,0,0,0,0,0,1
5932,CN207710794U,0,0,0,0,0,0,1,1,0,0,0,0,0,0,0,0,0
5937,CN223072607U,0,0,0,0,0,0,1,0,0,0,1,0,0,0,0,0,0
5938,CN222848520U,0,0,0,0,0,0,1,0,0,0,1,0,0,0,0,0,0
5939,CN223395267U,0,0,0,0,0,0,1,1,0,0,0,1,0,0,1,0,0
5940,CN121821470A,0,0,0,0,0,0,0,0,0,0,0,0,0,1,0,0,0
5944,CN223406991U,0,0,0,0,0,0,1,1,0,0,0,1,0,0,1,0,0
5948,CN213136766U,0,0,0,0,0,0,0,1,0,0,1,0,0,0,0,0,0
5949,CN223031122U,0,0,0,0,0,0,1,0,0,0,1,0,0,0,0,0,0
5953,CN222859606U,0,0,0,0,0,0,1,0,0,0,1,0,0,0,0,0,0
5955,CN222876132U,0,0,0,0,0,0,1,0,0,0,1,0,0,0,0,0,0
5956,CN221737981U,0,0,0,0,0,0,1,1,0,0,1,0,0,0,0,0,0
5958,CN222680982U,0,0,0,0,0,0,1,1,0,0,0,0,0,0,1,0,0
5960,CN221507355U,0,1,0,0,0,0,0,1,0,0,1,0,0,0,0,0,0
5961,CN224144691U,0,0,0,0,0,0,1,1,0,0,0,1,0,0,0,0,0
5965,CN224043788U,0,0,0,0,1,0,0,0,0,0,0,0,0,0,1,0,0
5968,CN223369456U,0,0,0,0,0,0,1,1,0,0,0,1,0,0,0,0,0
5969,CN224209989U,1,0,0,0,0,0,1,1,0,0,0,0,0,0,0,0,0
5972,CN221188834U,0,0,0,0,0,0,1,0,0,0,1,0,0,0,0,0,0
5974,CN222096152U,0,0,0,0,0,0,1,1,0,0,0,0,0,0,1,0,0
5976,CN223290972U,0,0,0,0,0,0,1,1,0,0,1,0,0,0,0,0,0
5977,CN223999641U,0,0,0,0,0,0,1,0,0,0,1,0,0,0,0,0,0
5978,CN223519683U,0,0,0,0,0,0,1,0,0,0,0,0,0,0,1,0,0
5979,CN223419573U,0,0,0,0,0,0,1,1,0,0,0,0,0,0,1,0,0
5981,CN222958664U,0,0,0,0,0,0,1,0,0,0,0,0,0,0,1,0,0
5984,CN224144686U,0,0,0,0,0,0,1,1,0,0,0,0,0,0,0,0,0
5987,CN223876997U,0,0,0,0,0,0,1,1,0,0,0,0,0,0,0,0,0
5988,CN223962203U,0,0,0,0,0,0,1,0,0,0,1,0,0,0,0,0,0
5993,CN213499287U,0,0,0,0,0,0,1,0,0,0,0,1,0,0,1,0,0
5999,CN221954484U,0,0,0,0,0,0,1,1,0,0,1,0,0,0,0,0,0
6006,CN224131180U,0,0,0,0,0,0,1,0,0,0,1,0,0,0,0,0,0
6007,CN223395291U,0,0,0,0,0,0,1,1,0,0,0,0,0,0,1,0,0
6009,CN121973272A,0,0,0,0,0,0,1,1,0,0,0,1,0,0,0,1,0
6013,CN223419572U,0,0,0,0,0,0,1,1,0,0,0,0,0,0,1,0,0
6020,CN121777199A,0,0,0,0,0,0,0,0,0,0,0,0,0,0,0,0,0
6028,CN224074404U,0,0,0,0,0,0,1,1,0,0,0,0,0,0,0,0,0
6032,CN121973146A,0,0,0,0,0,1,0,1,0,0,0,1,1,1,0,0,0
6033,CN121821459A,0,0,0,0,0,0,1,1,0,0,0,1,0,0,0,0,0
6040,CN223919432U,0,0,0,0,0,0,1,1,0,0,1,0,0,0,0,0,0
6041,CN223912268U,0,0,0,0,0,0,0,0,0,0,0,0,0,0,0,0,0
6043,CN121757300A,0,0,0,0,0,0,0,1,0,0,1,0,0,0,0,0,0
6045,CN223719523U,0,0,0,0,0,0,1,1,0,0,0,1,0,0,0,1,0
6047,WO2025039608A1,0,0,0,0,0,0,1,1,0,0,0,0,0,0,0,1,0
6052,CN221820139U,0,0,0,0,0,0,1,0,0,0,1,0,0,0,0,0,0
6055,TWI630995B,1,0,0,0,0,1,0,1,0,0,1,1,0,0,0,0,0
6056,CN223044555U,0,0,0,0,1,0,0,1,1,0,0,0,1,0,0,0,0
6057,TWI255760B,1,0,1,0,1,1,1,1,1,0,0,1,1,1,1,0,0
6062,CN220764551U,0,0,0,0,0,0,1,0,0,0,1,0,0,0,0,0,0
6063,CN220721231U,0,0,0,0,0,0,1,0,0,0,1,0,0,0,0,0,0
6064,CN222079311U,0,0,0,0,0,0,1,1,0,0,0,1,0,0,0,1,0
6065,CN204713233U,0,0,0,0,0,0,1,1,0,0,1,0,0,0,0,0,0
6066,CN201664922U,0,0,0,1,0,0,1,1,0,0,0,1,0,0,1,0,0
6068,CN208673604U,0,0,0,1,0,0,0,1,0,0,0,0,0,0,0,0,1
6071,CN202075069U,0,0,0,0,0,0,0,0,0,0,1,0,0,0,0,0,0
6075,CN221737980U,1,0,0,0,0,0,1,1,0,0,1,0,0,0,0,0,0
6079,CN223802618U,0,0,0,0,0,0,1,0,0,0,0,1,0,0,0,0,0
6080,TWM677250U,1,0,0,0,0,0,1,0,0,0,1,0,0,1,0,0,0
6081,CN224074380U,0,0,0,0,0,0,1,1,0,0,0,0,0,0,1,0,0
6082,CN215322952U,0,0,0,0,0,0,1,1,0,0,1,0,0,0,0,0,0
6085,CN224012334U,0,0,0,0,0,0,1,1,0,0,0,0,0,0,0,0,0
6089,CN208962035U,0,0,0,0,0,0,1,1,0,0,0,1,0,0,0,0,0
6091,CN224129806U,0,0,0,0,0,0,1,0,0,0,0,0,0,0,1,1,0
6092,CN224027699U,0,0,0,0,0,0,1,1,0,0,0,0,0,0,1,0,0
6094,CN220370435U,1,0,0,0,0,0,1,1,1,0,0,1,1,0,0,0,0
6097,CN224043830U,0,0,0,0,0,0,0,1,0,0,0,1,0,0,1,0,0
6098,CN223617769U,0,0,0,0,0,0,0,0,0,0,0,0,0,0,0,0,0
6102,CN224012335U,0,0,0,0,0,0,1,1,0,0,0,0,0,0,0,1,0
6103,CN223132212U,0,0,0,0,0,0,1,1,0,0,0,0,0,0,0,0,0
6106,CN1791449B,0,0,0,0,0,0,1,0,0,0,0,0,0,0,0,0,0
6109,CN219948393U,0,0,0,0,0,0,1,1,0,0,1,0,0,0,0,0,0
6111,CN223574559U,0,0,0,0,0,0,1,1,0,0,1,0,0,0,0,1,0
6117,CN208134468U,0,0,0,0,0,0,1,1,0,0,1,1,0,0,0,0,0
6123,CN223947924U,0,0,0,0,0,0,0,1,0,0,0,0,0,0,1,0,0
6128,CN204910761U,1,0,1,1,0,1,1,1,0,0,1,0,0,1,0,0,1
6129,CN223961292U,0,0,0,0,0,0,1,1,0,0,0,0,0,0,1,0,0
6134,CN223406992U,0,0,0,0,0,0,1,1,0,0,0,0,0,0,1,0,0
6136,CN223700889U,0,0,0,0,0,0,0,0,0,0,0,0,0,0,0,0,0
6139,CN222959943U,0,0,0,0,0,0,1,1,0,0,1,0,0,0,0,0,0
6140,CN223265706U,0,0,0,0,0,0,1,1,0,0,0,1,0,0,0,0,0
6143,CN221737979U,0,0,0,0,0,0,1,1,0,0,0,0,0,0,0,0,0
6149,CN223467232U,0,0,0,0,0,0,1,0,0,0,0,0,0,0,0,1,0
6152,CN222959942U,0,0,0,0,0,0,1,1,0,0,1,0,0,0,0,0,0
6153,CN121958481A,0,1,0,1,0,0,0,0,0,0,0,0,0,0,0,0,1
6154,WO2026065895A1,0,0,0,0,0,0,1,0,0,0,1,0,0,0,0,1,0
6156,CN213499242U,0,0,0,1,0,0,1,0,0,0,0,1,0,0,1,0,1
6160,CN223802594U,0,0,0,0,0,0,1,1,0,0,0,0,1,0,0,0,0
6161,CN223574518U,0,0,0,0,0,1,0,1,0,0,0,0,0,0,0,0,0
6165,TWM681730U,0,0,0,0,0,1,0,0,0,0,1,0,0,0,0,0,0
6166,TWM673957U,0,0,0,1,0,0,1,1,0,0,0,1,0,0,1,0,1
6167,CN121848352A,0,0,0,0,0,0,1,1,0,0,1,0,0,0,0,0,0
6170,CN223301710U,0,0,0,0,0,0,0,1,0,0,0,0,0,0,1,0,0
6175,CN224012339U,0,0,0,0,0,0,0,0,0,0,0,0,0,0,0,0,0
6176,CN223303643U,0,0,0,0,0,0,1,0,0,0,0,1,0,0,1,0,0
6177,CN213280534U,0,0,0,0,0,0,0,0,0,0,0,0,0,0,0,0,0
6178,CN223507187U,1,0,0,0,0,0,1,1,0,0,0,1,0,0,0,0,0
6180,CN209880149U,0,0,0,1,0,0,0,1,0,0,0,0,0,0,0,0,1
6182,CN121806509A,1,0,1,0,1,1,0,0,0,0,1,0,0,1,0,0,0
6186,CN222924861U,0,0,0,0,0,0,1,0,0,0,0,1,0,0,0,1,0
6190,CN211362286U,0,0,0,0,0,0,1,0,0,0,0,0,0,0,0,1,0
6192,CN223044580U,1,0,0,0,0,0,1,0,0,0,0,1,0,0,0,0,0
6193,CN223383505U,0,0,0,0,0,0,1,0,0,0,0,0,0,0,0,1,0
6194,CN211362285U,0,0,0,0,0,0,0,1,0,0,0,0,0,0,0,0,0
6195,CN218699000U,0,0,0,0,0,0,1,1,0,0,0,1,0,0,0,0,0
6196,CN207373197U,0,0,0,0,0,1,1,1,0,0,0,1,0,0,1,0,0
6199,CN218052624U,0,0,0,0,0,0,1,0,0,0,0,0,0,0,1,1,0
6201,CN222096125U,1,0,0,0,0,0,1,0,0,0,0,0,0,0,0,0,0
6202,CN223355738U,0,0,0,0,0,0,1,0,0,0,1,0,0,0,0,0,0
6207,CN223834552U,0,0,0,0,0,0,1,1,0,0,0,1,0,0,0,0,0
6208,CN223903975U,1,0,0,0,0,0,1,1,0,0,0,1,0,0,1,0,0
6213,CN223604401U,0,0,0,0,0,0,0,1,0,0,0,1,0,0,0,0,0
6220,CN224183114U,0,0,0,0,0,0,0,0,0,0,0,0,0,0,0,0,0
6223,CN224171055U,0,0,0,0,0,0,1,1,0,0,1,0,0,0,0,0,0
6226,CN206445793U,1,0,0,0,0,0,1,1,0,0,1,0,0,0,0,0,0
6228,CN223031123U,0,0,0,0,0,0,1,1,0,0,1,1,0,0,0,0,0
6229,CN222857136U,0,0,0,0,0,0,1,1,0,0,0,0,0,0,0,0,0
6230,CN121973277A,0,0,0,0,0,0,0,1,0,0,1,0,0,0,0,0,0
6235,CN223617768U,0,0,0,0,0,0,0,0,0,0,0,1,0,0,0,1,0
6238,CN223864997U,0,0,0,0,0,0,1,0,0,0,1,0,0,0,0,0,0
6239,CN223354275U,0,0,0,0,0,0,1,0,0,0,0,0,0,0,1,1,0
6240,CN224169850U,0,0,0,0,0,0,1,0,0,0,0,0,0,0,1,0,0
6242,CN224043836U,0,0,0,0,0,0,0,0,0,0,0,0,0,0,0,0,0
6243,CN223532453U,0,0,0,0,0,0,1,0,0,0,0,1,0,0,0,0,0
6249,CN121937935A,1,0,0,1,1,0,0,0,0,0,0,0,0,0,0,0,1
6252,CN214163030U,0,1,0,0,0,0,0,0,0,0,0,0,0,0,0,0,0
6253,CN210549777U,0,0,0,0,0,1,1,1,0,0,0,0,0,0,0,0,0
6256,CN121973246A,0,0,0,0,1,0,0,0,1,0,0,0,1,0,1,0,0
6258,CN206850866U,0,0,0,1,0,0,0,1,0,0,0,0,0,0,0,0,1
6259,CN121835816A,0,0,0,0,0,0,0,0,0,0,0,0,0,1,0,0,0
6260,CN209982132U,0,0,0,0,0,0,0,0,0,0,0,0,0,0,0,0,0
6262,CN223558458U,0,0,0,0,0,0,1,1,0,0,1,0,0,0,0,0,0
6263,CN223326419U,0,0,1,0,1,0,0,0,1,0,0,0,0,0,0,0,0
6264,CN121946467A,0,0,0,0,0,0,0,1,0,0,0,0,0,1,1,0,0
6265,CN222741490U,0,0,0,0,0,0,1,1,0,0,0,1,0,0,0,0,0
6272,CN218698790U,0,0,0,0,0,0,1,0,0,0,0,0,1,0,0,0,0
6275,CN222920555U,0,0,0,0,0,0,1,0,0,0,0,0,0,0,1,0,0
6277,CN217453942U,0,0,0,0,0,0,1,1,0,0,1,1,0,0,0,0,0
6278,CN215511076U,0,0,0,1,0,0,0,0,0,0,0,0,1,1,0,0,1
6279,CN221807449U,0,0,0,1,0,0,0,0,0,0,0,0,0,0,0,0,1
6281,CN222986940U,0,0,0,0,0,0,1,1,0,0,0,1,0,0,0,0,0
6283,CN210525117U,0,0,0,0,0,0,0,1,0,0,0,1,0,0,1,0,0
6285,CN208306790U,0,0,0,0,0,1,0,1,0,0,0,0,0,0,0,0,0
6287,CN218255155U,0,0,0,0,0,1,1,1,0,0,1,0,0,0,0,0,0
6288,CN223507226U,0,0,0,0,0,0,1,0,0,0,0,1,0,0,1,0,0
6289,CN215789963U,0,0,0,0,0,0,1,0,0,0,0,0,0,0,0,0,0
6290,CN213197620U,0,0,0,0,0,0,0,1,0,0,0,0,0,0,0,0,0
6292,CN209982131U,0,0,0,0,0,0,0,0,0,0,0,0,0,0,0,0,0
6294,CN208117898U,0,0,0,0,0,0,0,0,0,0,1,0,0,0,0,0,0
6296,CN2919653Y,0,0,0,0,0,0,0,1,0,0,0,0,0,0,0,0,0
6298,CN223573214U,0,0,0,0,0,0,1,1,0,0,0,1,0,0,0,0,0
6300,CN223369463U,0,0,0,0,0,0,1,1,0,0,0,1,0,0,0,0,0
6304,CN217453904U,0,0,0,0,0,0,1,1,0,0,0,1,0,0,0,0,0
6309,CN222932179U,0,0,0,0,0,0,1,1,0,0,0,0,0,0,0,0,0
6310,CN222932174U,0,0,0,0,0,0,1,1,0,0,0,0,0,0,0,0,0
6313,CN121777198A,1,0,0,0,0,0,1,1,0,1,1,0,0,1,0,0,0
6316,CN222769386U,0,0,0,0,0,0,0,1,0,0,0,0,0,0,0,0,0
6320,CN121847880A,0,0,0,0,0,0,1,1,0,0,0,0,0,0,0,0,0
6323,CN223211406U,0,0,0,0,0,0,1,0,0,0,0,1,0,0,0,0,0
6327,CN121847844A,0,0,0,0,0,0,1,0,0,0,0,0,0,0,0,0,0
6330,CN223734878U,0,0,0,0,0,0,0,1,0,0,0,0,0,0,0,0,0
6338,CN210525154U,0,1,0,0,0,0,0,0,0,0,0,0,1,0,0,0,0
6340,CN222981311U,0,0,0,0,0,0,1,1,0,0,0,0,0,0,0,0,0
6343,CN222726760U,0,0,0,0,0,0,0,0,0,0,1,0,0,0,0,0,0
6348,CN121973258A,0,0,0,0,0,0,0,1,0,0,0,0,0,0,1,0,0
6351,CN121973415A,0,0,0,0,0,0,0,0,0,0,0,0,0,0,0,0,0
6352,CN223369420U,0,0,0,0,0,0,0,0,0,0,0,1,0,0,1,0,0
6354,CN222904095U,0,0,0,0,0,0,0,1,0,0,0,0,0,0,0,0,0
6355,CN212497750U,0,0,0,0,0,0,0,1,0,0,0,0,0,0,0,0,0
6356,CN222792074U,0,0,0,0,0,0,1,1,0,0,0,1,0,0,0,0,0
6361,CN223246415U,0,0,0,0,0,0,0,1,0,0,0,0,0,0,0,0,0
6368,CN224209992U,0,0,0,0,0,0,1,0,0,0,0,0,0,0,1,1,0
6371,CN121849265A,0,0,0,0,0,0,1,0,0,0,0,0,0,0,0,1,0
6373,CN222096151U,0,0,0,0,0,0,1,1,0,0,0,0,0,0,1,0,0
6374,CN206123639U,1,0,0,0,0,0,1,1,0,0,1,1,0,0,0,0,0
6380,CN121912360A,0,0,0,0,0,0,0,1,0,0,0,0,0,0,0,0,0
6385,CN215155136U,0,0,0,0,0,0,0,1,0,0,1,0,0,0,0,0,0
6387,CN214818643U,0,0,0,0,0,0,1,0,0,0,0,0,0,0,1,0,0
6397,CN207273208U,0,0,0,0,0,0,1,0,0,0,0,0,0,0,0,0,0
6398,CN216759943U,0,0,0,0,0,0,1,0,0,0,1,0,0,0,0,1,0
6400,CN121994172A,0,0,0,0,1,0,0,0,0,0,0,0,0,0,0,0,0
6402,CN209478207U,0,0,0,0,0,0,1,0,0,0,1,1,0,0,0,0,0
6404,CN222756689U,0,0,0,0,0,0,1,0,0,0,1,0,0,0,0,0,0
6405,CN222627825U,0,0,0,0,0,0,1,0,0,0,0,1,0,0,0,0,0
6407,WO2024212359A1,1,0,1,0,0,0,1,1,0,0,0,0,0,1,0,0,0
6408,CN206840098U,0,0,0,1,0,0,0,1,0,0,0,0,0,0,0,0,1
6409,CN2761380Y,0,0,0,0,0,0,1,1,0,0,0,0,0,0,1,0,0
6410,CN207432199U,0,0,0,1,0,0,0,0,1,0,0,0,1,0,0,0,1
6415,CN223657046U,0,0,0,0,0,0,1,0,0,0,0,0,0,0,0,1,0
6416,CN222247444U,1,0,0,0,0,0,1,1,0,0,1,1,0,0,0,0,0
6418,CN223790484U,0,0,0,0,0,0,1,0,0,0,0,0,0,0,1,1,0
6423,CN216913855U,0,0,0,0,0,0,1,0,0,0,0,1,0,0,1,0,0
6427,CN222003522U,0,0,0,0,0,0,1,0,0,0,0,1,0,0,0,0,0
6428,CN205554362U,1,0,0,0,0,0,1,1,0,0,1,1,0,0,1,0,0
6429,CN121857307A,1,0,1,0,0,0,0,0,0,0,0,0,0,1,0,0,0
6431,CN224169847U,0,0,0,0,0,0,1,1,0,0,0,0,0,0,1,0,0
6433,CN207788941U,0,0,0,0,0,0,1,1,0,0,1,0,0,0,0,0,0
6437,CN223617743U,0,0,0,0,0,0,1,1,0,0,0,0,0,0,1,0,0
6440,CN223981834U,0,0,0,0,0,0,1,1,0,0,0,0,0,0,1,1,0
6443,CN223719529U,0,0,0,0,0,0,0,0,0,0,0,0,1,0,0,0,1
6447,CN206123679U,1,0,0,0,1,0,1,1,1,0,1,1,1,1,1,0,0
6453,CN214752448U,0,0,0,0,1,0,0,0,1,0,0,1,0,0,0,0,0
6458,CN221736206U,0,0,0,0,0,0,0,0,0,0,0,0,0,0,0,0,0
6462,CN207858852U,0,0,0,1,1,0,0,0,1,0,0,0,1,0,0,0,1
6464,CN222644641U,0,0,0,0,0,0,1,1,0,0,0,0,0,0,0,0,0
6468,CN206811997U,0,0,0,0,0,0,1,1,0,0,0,0,0,0,0,0,0
6470,CN215548811U,0,0,0,0,0,0,0,1,0,0,0,1,0,0,1,0,0
6480,CN223567450U,0,0,0,0,0,0,1,1,0,0,0,0,0,0,0,0,0
6484,CN223604409U,0,0,0,0,0,0,0,1,0,0,0,0,0,0,0,0,0
6487,CN210850343U,0,0,0,0,0,0,1,1,0,0,0,0,0,0,0,0,0
6488,CN223630367U,0,0,0,0,0,0,1,1,0,0,0,0,0,0,1,0,0
6489,CN223574558U,0,0,0,0,0,0,1,1,0,0,0,0,0,0,0,0,0
6492,CN121798600A,1,0,1,0,1,0,0,0,0,0,0,0,0,1,0,0,0
6493,CN220408778U,0,0,0,0,0,0,1,1,0,0,0,0,0,0,0,0,0
6496,CN222157638U,0,0,0,0,0,0,0,0,0,0,1,0,0,0,0,0,0
6500,WO2025255888A1,1,0,0,0,0,0,1,1,0,0,1,1,0,0,1,0,0
6503,CN222868742U,0,0,0,0,0,0,1,1,0,0,0,0,0,0,0,0,0
6504,CN210998745U,0,1,0,0,0,0,0,0,0,0,0,0,0,0,0,0,0
6505,CN222741489U,0,0,0,0,0,0,1,0,0,0,0,0,0,0,0,0,0
6509,CN222405750U,0,0,0,0,0,0,1,0,0,0,0,1,0,0,1,0,0
6510,CN207953882U,0,1,0,0,0,0,0,0,0,0,0,0,0,1,0,0,0
6512,CN222270370U,0,1,0,0,0,0,0,0,0,0,1,0,0,0,0,0,0
6516,CN223265705U,0,0,0,0,0,0,1,1,0,0,0,1,0,0,0,0,0
6518,CN121870787A,0,1,0,0,0,0,0,1,0,0,0,0,0,0,0,0,0
6519,CN223508381U,0,0,0,0,0,0,1,1,0,0,1,0,0,0,0,1,0
6520,CN223308295U,0,0,0,0,0,0,1,1,0,0,0,0,0,0,0,0,0
6524,CN220783927U,0,0,0,0,0,0,1,1,0,0,0,0,0,0,0,1,0
6525,CN221066345U,0,0,0,0,0,0,0,0,0,0,0,0,0,0,0,0,0
6530,CN220886590U,0,0,0,0,0,0,0,0,0,0,0,0,0,0,0,0,0
6532,CN121946586A,0,0,0,0,0,0,1,1,0,0,0,0,0,0,0,0,0
6533,CN223071419U,0,0,0,0,0,0,1,1,0,0,0,0,0,0,0,0,0
6534,CN121870709A,0,0,0,0,0,0,0,0,0,0,0,1,0,0,0,0,0
6539,CN207509228U,0,0,1,1,1,0,0,1,0,0,0,0,0,0,0,0,1
6542,CN217620616U,0,1,0,1,0,0,0,0,0,0,0,1,0,0,0,0,1
6544,CN121798634A,1,0,0,0,0,0,0,1,0,0,0,1,0,1,1,0,0
6549,CN121928596A,0,0,0,0,0,0,1,0,0,0,1,0,0,0,0,1,0
6551,CN223467231U,0,0,0,0,0,0,1,1,0,0,0,0,0,0,0,0,0
6555,CN223449483U,0,0,0,0,0,0,1,0,0,0,0,0,0,0,0,0,0
6556,CN222496494U,0,0,0,0,0,0,1,1,0,0,1,0,0,0,0,0,0
6562,CN222945599U,1,0,1,0,1,0,1,1,1,0,0,1,1,0,0,0,0
6564,CN210312468U,0,0,0,0,0,0,0,0,0,0,1,0,0,0,0,0,0
6570,CN1810463A,1,0,0,0,0,0,1,1,0,0,1,1,1,0,1,0,0
6574,CN222290218U,0,0,0,0,0,0,0,0,0,0,0,0,0,0,0,0,0
6579,CN222904053U,0,0,0,0,0,0,1,0,0,0,0,0,0,1,1,1,0
6583,CN208711009U,0,0,0,1,0,0,0,1,0,0,0,0,0,0,1,0,1
6585,CN219790352U,1,0,0,0,0,0,1,1,0,0,1,1,0,0,0,0,0
6589,CN121821427A,0,0,0,1,0,0,0,0,0,0,0,0,1,1,0,0,1
6593,CN206883670U,0,0,0,0,0,0,1,0,0,0,0,0,0,0,0,0,0
6605,CN121821400A,0,1,1,1,1,0,0,0,1,1,0,0,1,1,0,0,1
6619,CN121848389A,1,0,0,0,0,0,0,0,0,0,1,0,0,1,1,0,0
6632,CN214081457U,0,0,0,1,0,1,0,0,0,0,0,0,0,0,0,0,1
6636,CN223361637U,0,0,0,0,0,0,1,1,0,0,0,0,0,0,0,1,0
6644,CN121982361A,1,0,1,0,1,1,0,0,0,0,1,0,0,1,0,0,0
6648,CN221585601U,0,0,0,0,0,0,1,1,0,0,1,0,0,0,0,0,0
6651,CN223812652U,0,0,0,0,0,0,1,1,0,0,1,0,0,0,0,0,0
6652,CN121973208A,1,0,1,0,0,0,0,0,0,0,1,0,0,1,0,0,0
6653,CN121973870A,0,0,0,0,0,0,1,1,0,0,1,0,0,0,0,0,0
6657,CN206883672U,0,0,0,0,0,0,1,0,0,0,0,0,0,0,0,0,0
6658,CN121806512A,0,0,1,0,1,1,0,0,0,0,1,0,0,1,0,0,0
6659,CN121973236A,1,0,0,0,0,0,1,1,0,0,1,0,1,1,0,0,0
6662,CN223063078U,0,0,0,0,0,0,1,0,0,0,0,0,0,0,0,1,0
6668,CN224083327U,0,0,0,0,0,0,0,1,0,0,0,0,0,0,1,0,0
6693,CN121933015A,0,0,1,0,1,1,0,0,0,0,0,0,0,0,0,0,0
6702,CN205060631U,0,0,0,0,0,0,0,0,0,0,0,1,0,0,1,0,0
6703,CN205022730U,0,0,0,0,0,0,1,1,0,0,1,0,0,0,0,0,0
6706,CN208176962U,0,0,0,0,0,0,1,1,0,0,0,0,0,0,0,0,0
6711,CN205221735U,0,0,0,0,0,0,0,0,0,0,0,0,0,0,0,0,0
6720,CN221820140U,0,0,0,0,0,0,1,0,0,0,1,0,0,0,0,0,0
6721,CN207465261U,0,0,0,0,1,0,0,0,1,0,0,0,1,0,0,0,0
6722,CN121977019A,0,0,0,0,0,0,1,0,0,0,0,0,0,0,0,0,0
6726,CN206677972U,0,0,0,0,0,0,1,1,0,0,0,1,0,0,0,0,0
6732,CN121857308A,1,0,0,0,0,0,0,1,0,0,1,0,0,1,0,0,0
6736,CN204295698U,0,0,0,0,0,0,1,1,0,0,0,1,0,0,0,0,0
6744,CN220751608U,0,0,0,0,0,0,1,1,0,0,0,0,0,0,0,0,0
6748,CN121964731A,0,0,0,0,0,0,0,0,0,0,0,0,0,0,0,0,0
6756,CN121956572A,1,0,0,0,0,0,0,0,0,0,0,0,0,1,0,0,0
6757,CN203901300U,0,0,0,0,0,0,1,1,0,0,1,0,0,0,0,0,0
6759,WO2025020216A1,0,0,0,0,0,0,1,0,0,0,1,0,0,0,0,0,0
6760,CN214187208U,0,0,0,0,0,0,1,1,0,0,0,0,1,0,0,0,0
6763,CN210061155U,0,0,0,0,0,0,1,1,0,0,0,0,1,0,0,0,0
6771,CN220261070U,0,0,1,0,1,0,0,0,0,0,0,0,0,0,0,0,0
6774,CN121895754A,0,0,0,0,0,0,0,0,0,0,0,0,0,0,0,0,0
6787,CN222003454U,0,0,0,0,0,0,1,1,0,0,0,0,1,0,0,0,0
6788,CN121917221A,0,0,0,0,0,0,1,1,0,0,0,0,0,0,0,0,0
6790,CN121994228A,1,0,0,0,0,0,0,0,0,0,0,1,0,0,0,0,0
6802,CN121929247A,0,0,0,0,0,0,1,1,0,0,1,0,0,0,0,0,0
6803,CN223671247U,0,0,0,0,0,0,1,1,0,0,0,1,0,0,1,0,0
6816,CN215920433U,0,0,0,0,0,0,0,0,0,0,1,0,0,0,0,0,0
6817,CN121946492A,0,0,0,0,0,0,0,1,0,0,0,0,0,0,0,0,0
6821,CN223059128U,0,0,0,0,0,0,1,1,0,0,1,0,0,0,0,0,0
6822,CN205466309U,0,0,0,0,0,0,1,0,0,0,0,0,0,0,0,1,0
6826,CN222932809U,0,0,0,0,0,0,1,0,0,0,0,1,0,0,0,0,0
6828,CN218614153U,0,0,0,0,0,0,1,1,0,0,0,1,0,0,0,0,0
6830,CN222697220U,0,0,0,0,0,0,1,0,0,1,0,0,0,0,0,0,0
6832,CN205509668U,0,0,0,0,0,0,0,0,0,0,0,0,0,0,0,0,0
6836,CN210745821U,0,0,0,0,0,0,0,0,0,0,0,0,0,0,0,0,0
6840,CN121946543A,0,0,0,0,0,0,1,1,0,0,0,0,0,0,0,0,0
6842,CN223834516U,0,0,0,0,0,0,1,1,0,0,0,0,0,1,0,0,0
6846,CN211565870U,0,0,0,0,0,0,0,0,0,0,1,0,0,0,0,0,0
6848,CN210525152U,0,1,1,0,0,0,0,0,0,0,0,0,0,0,0,0,0
6850,CN222115104U,0,0,0,0,0,0,0,0,0,0,0,0,0,0,1,0,0
6853,CN224129811U,0,0,0,0,0,0,1,0,0,0,0,0,0,0,0,0,0
6855,CN223302795U,0,0,0,0,0,0,1,0,0,0,1,0,0,0,0,1,0
6857,CN224043779U,0,0,0,0,0,0,1,1,0,0,0,0,0,0,1,0,0
6859,CN220164040U,0,0,0,0,0,0,1,0,0,0,1,0,0,0,0,0,0
6861,CN220903376U,0,0,0,0,0,0,1,1,0,0,0,0,0,0,0,0,0
6863,CN219685628U,0,0,0,0,0,0,1,0,0,0,0,1,0,0,0,0,0
6865,CN222405784U,0,0,0,0,0,0,1,1,0,0,0,1,0,0,0,1,0
6866,CN209999188U,1,0,0,0,0,0,1,1,0,0,1,1,0,0,0,0,0
6868,CN208323404U,0,1,1,0,0,1,0,1,0,0,0,0,0,1,0,0,0
6869,CN206105862U,0,0,0,1,0,0,0,1,0,0,0,0,0,1,1,0,1
6871,CN219819757U,0,0,0,0,0,0,1,1,0,0,0,1,0,0,0,0,0
6874,CN222904041U,1,0,0,0,0,0,1,1,0,0,0,0,0,0,0,0,0
6875,CN121762967A,0,0,1,0,1,1,0,0,0,0,0,1,0,0,1,0,0
6876,CN214394220U,0,0,1,0,0,0,0,1,0,0,0,1,0,0,0,0,0
6878,CN220096499U,0,0,0,0,0,0,1,1,0,0,0,0,0,0,0,0,0
6885,CN217801750U,0,0,0,0,0,0,1,1,0,0,0,0,0,0,1,0,0
6886,CN211662069U,0,0,0,0,0,0,0,0,0,1,0,0,0,0,0,0,0
6887,CN220796949U,0,0,0,0,0,0,0,0,0,0,0,1,0,1,1,0,0
6888,CN215511065U,0,0,0,0,0,0,0,0,0,0,0,0,0,0,1,0,0
6889,CN221800499U,0,0,0,0,0,0,1,0,0,0,0,0,0,0,0,0,0
6891,CN219563161U,0,0,0,0,0,0,1,1,0,0,0,1,0,0,0,0,0
6892,CN222741463U,0,0,0,0,0,0,1,1,0,0,0,0,0,0,1,1,0
6894,CN219707165U,0,0,0,0,0,0,1,1,0,0,0,0,0,0,0,0,0
6902,CN221176543U,0,0,0,0,0,0,0,0,0,0,0,0,0,0,0,0,0
6904,CN2917986Y,0,0,0,0,0,0,0,0,0,0,0,0,0,0,0,0,0
6905,CN224144652U,0,0,0,0,0,0,1,1,0,0,0,0,0,0,0,0,0
6908,CN219685667U,0,0,0,0,0,0,1,1,0,0,1,0,0,0,0,0,0
6909,CN222405720U,0,0,0,0,0,0,1,1,0,0,0,1,0,0,0,1,0
6911,CN223833482U,0,0,0,0,0,0,0,1,0,0,0,0,0,0,0,0,0
6916,CN205281265U,0,1,0,0,0,0,0,1,0,0,0,0,0,0,0,0,0
6920,CN222741493U,0,0,0,0,0,0,1,0,0,0,0,1,0,0,0,0,0
6921,CN219687481U,0,0,0,0,0,0,1,0,0,0,1,0,0,0,0,0,0
6922,CN222932535U,0,0,0,0,0,0,0,1,0,0,0,0,0,0,0,0,0
6924,CN214981183U,0,1,0,0,0,0,0,0,0,0,0,0,0,0,0,0,0
6926,CN223273035U,0,0,0,0,0,0,0,0,0,0,0,0,0,0,0,0,0
6927,CN224211164U,0,0,0,0,0,0,1,0,0,0,1,0,0,0,0,0,0
6929,CN211491553U,1,0,0,0,0,0,1,1,0,0,1,1,0,0,0,0,0
6930,CN222244494U,0,0,0,0,0,0,0,1,0,0,0,0,0,0,0,0,0
6931,CN223917309U,0,0,0,0,0,0,0,1,0,0,0,0,0,0,0,0,0
6933,CN223261311U,0,0,0,0,0,0,0,0,0,0,0,0,0,0,0,0,0
6935,CN218614144U,0,0,0,0,0,0,1,1,0,0,0,0,0,0,0,0,0
6942,CN209425474U,0,0,0,0,0,0,1,1,0,0,0,1,0,0,0,0,0
6945,CN208231809U,1,0,0,0,0,0,1,1,0,0,1,1,0,0,0,0,0
6948,CN121946475A,0,0,1,0,0,0,0,0,0,0,0,0,0,1,0,0,0
6952,CN214081467U,0,0,1,0,0,1,0,0,0,0,1,1,0,0,0,0,0
6953,CN209533397U,0,0,0,1,0,0,0,0,0,0,0,0,0,0,0,0,1
6955,CN223436346U,0,0,0,0,0,0,1,0,0,0,0,0,0,0,0,1,0
6958,CN209535273U,1,0,0,0,0,0,1,1,0,0,1,0,0,0,0,0,0
6959,CN206185891U,0,0,0,0,0,0,1,0,0,0,0,0,0,0,1,0,0
6965,CN214293141U,0,1,0,0,0,0,0,0,0,0,0,0,0,0,0,0,0
6969,CN222958663U,0,0,0,0,0,0,1,1,0,0,0,0,0,0,0,1,0
6971,CN220840199U,1,0,0,0,0,0,1,1,0,0,1,0,1,0,0,0,0
6974,CN223657048U,0,0,0,0,0,0,1,1,0,0,0,0,0,0,0,0,0
6978,CN121960566A,1,0,0,0,0,0,1,0,0,0,0,0,0,1,0,1,0
6982,CN221273293U,0,0,0,0,0,0,1,0,0,0,0,0,0,0,0,0,0
6986,CN223187568U,0,0,0,0,0,0,1,1,0,0,1,0,0,0,0,0,0
6987,CN222021623U,0,0,0,1,0,0,0,0,0,0,0,0,0,0,0,0,1
6990,CN223251653U,0,0,0,1,1,0,0,0,1,0,0,0,1,0,0,0,1
6991,CN121880015A,0,0,0,1,1,0,0,0,0,0,0,0,0,1,0,0,1
7016,CN222858054U,0,0,0,0,0,0,1,1,0,0,0,1,0,0,0,0,0
7018,CN205310281U,1,0,0,0,0,0,1,1,0,0,1,1,0,0,0,0,0
7029,CN224177140U,0,0,0,0,0,0,0,0,0,0,0,0,0,0,0,0,0
7030,CN222005236U,0,0,0,0,0,0,1,1,0,0,1,0,0,0,0,0,0
7034,CN121857675A,1,0,0,0,0,0,0,0,0,0,0,0,1,1,0,0,0
7035,CN206663279U,0,0,0,0,0,0,1,1,0,0,1,0,0,0,0,1,0
7038,CN121822684A,0,0,0,0,0,0,1,1,0,0,1,0,0,0,0,0,0
7041,CN121782333A,0,0,0,0,0,0,1,0,0,0,0,0,0,0,0,0,0
7043,CN223918012U,0,0,0,0,0,0,1,1,0,0,1,0,0,0,0,0,0
7054,CN220637966U,0,0,0,0,0,0,1,0,0,0,0,0,0,0,0,0,0
7056,CN121821311A,1,0,0,1,0,0,0,1,0,0,0,0,0,1,0,0,1
7057,CN222096115U,0,0,0,0,0,0,1,1,0,0,0,1,0,0,0,0,0
7071,CN214761440U,0,0,0,0,0,0,1,1,0,0,0,1,0,0,1,0,0
7076,CN219999173U,0,0,0,0,0,0,1,1,0,0,0,0,0,0,0,0,0
7079,CN121990076A,0,0,0,0,0,0,1,0,0,0,1,0,0,0,0,1,0
7082,CN121812708A,0,0,0,0,0,0,0,0,0,0,0,0,0,0,0,0,0
7086,CN222345580U,0,0,0,0,0,0,1,1,0,0,0,1,0,0,0,0,0
7099,CN121916894A,0,0,0,0,0,0,0,0,0,0,0,1,0,1,1,0,0
7103,CN224045979U,0,0,0,0,0,0,0,0,0,0,0,0,0,0,0,0,0
7106,CN223876991U,0,0,0,1,0,0,0,0,0,0,0,0,1,1,0,0,1
7110,CN206452472U,0,0,0,0,1,0,0,0,1,0,0,0,0,0,0,0,0
7115,CN121870741A,1,0,0,0,0,0,0,0,0,0,0,0,0,1,0,0,0
7117,CN121946461A,1,0,0,0,0,0,1,1,0,0,1,0,0,1,0,0,0
7119,CN121806458A,0,0,1,0,0,0,0,0,0,0,0,0,0,1,0,0,0
7120,CN121979267A,1,0,1,0,1,1,0,0,0,0,0,0,0,0,0,0,0
7121,CN219687483U,0,0,0,0,0,0,0,0,0,0,1,0,0,0,0,0,0
7123,CN121798619A,1,0,1,0,0,0,0,1,0,0,0,0,0,1,0,0,0
7126,CN121821386A,0,0,0,1,0,0,0,0,0,0,0,0,0,1,0,0,1
7128,CN219152874U,0,0,0,0,0,0,1,1,0,0,0,1,0,0,0,0,0
7130,CN222726719U,0,0,0,0,0,0,1,0,0,0,0,0,0,1,1,1,0
7131,CN121777129A,0,0,0,0,0,0,1,0,0,0,0,1,0,0,0,1,0
7132,CN224209982U,0,0,0,0,0,0,1,1,0,0,0,1,0,0,0,0,0
7136,CN222857996U,0,0,1,1,1,0,0,0,1,0,0,0,1,1,0,0,1
7145,CN205552541U,0,0,0,0,0,0,1,1,0,0,0,0,0,0,0,0,0
7146,CN121918389A,1,0,0,0,0,0,1,1,0,0,1,0,0,1,0,0,0
7159,CN121870783A,1,0,0,0,0,0,0,1,0,0,1,0,0,1,0,0,0
7160,CN205075061U,0,0,0,0,0,0,1,1,0,0,0,1,0,0,0,0,0
7161,WO2025123771A1,0,0,0,0,0,0,1,1,0,0,1,0,0,0,0,0,0
7163,CN223419551U,0,0,0,0,0,0,1,0,0,0,0,1,0,0,0,0,0
7165,CN224108963U,0,0,0,0,0,0,0,0,0,0,0,0,0,0,1,0,0
7169,CN121814856A,0,0,0,0,0,0,0,0,0,0,0,0,0,1,0,0,0
7171,CN121960564A,0,0,1,0,0,0,0,0,0,1,0,0,0,1,0,0,0
7175,CN121848442A,0,1,0,0,0,0,1,1,0,0,0,0,0,0,0,0,0
7181,CN121821430A,1,0,0,0,0,0,1,1,0,0,0,0,0,0,0,0,0
7185,CN223617761U,0,0,0,0,0,0,1,0,0,0,1,0,0,0,0,0,0
7195,CN121768794A,0,0,0,0,0,0,0,0,0,0,0,0,0,0,0,1,0
7198,CN206937329U,0,0,0,0,0,0,1,1,0,0,0,0,0,0,0,0,0
7203,CN121876140A,0,0,0,0,0,0,1,1,0,0,0,0,0,0,0,0,0
7207,CN224128773U,0,0,0,0,0,0,1,0,0,0,0,0,0,0,0,0,0
7211,CN121918547A,0,0,0,1,1,0,0,0,0,0,0,0,0,0,0,0,1
7214,CN223354306U,0,0,0,0,0,0,0,1,0,0,0,0,0,0,0,0,0
7217,CN222945598U,0,0,0,0,0,0,1,0,0,0,0,0,0,0,0,0,0
7218,CN121946527A,1,0,0,0,0,0,0,0,0,0,0,1,0,1,0,0,0
7221,CN121798674A,0,0,1,1,1,0,0,1,0,0,0,0,0,1,0,0,1
7223,CN121912402A,1,0,0,0,0,1,0,0,0,0,1,1,0,1,1,0,0
7226,CN223265699U,1,0,0,0,0,0,1,0,0,0,0,0,0,0,0,0,0
7227,CN223147179U,0,0,0,0,0,0,1,0,0,0,1,0,0,0,0,0,0
7228,CN207104923U,0,0,0,0,0,0,0,1,0,0,1,0,0,0,0,0,0
7230,CN223539913U,0,0,0,0,0,0,0,0,0,0,0,0,0,0,0,0,0
7235,CN224129300U,0,0,0,0,0,0,1,1,0,0,0,0,0,0,0,0,0
7236,CN121989231A,1,0,0,1,0,0,0,0,0,0,0,0,0,1,0,0,1
7237,CN224209849U,0,0,0,1,0,0,0,1,0,0,0,0,0,0,1,0,1
7239,CN209755220U,1,0,0,0,0,0,1,0,0,0,0,1,0,0,0,0,0
7241,CN1254350C,1,0,0,0,0,0,1,0,0,0,1,1,0,1,0,0,0
7243,CN224131178U,0,0,0,0,0,0,1,0,0,0,1,0,0,0,0,0,0
7249,CN222932808U,0,0,0,0,0,0,1,0,0,0,0,1,0,0,0,0,0
7250,CN121848385A,1,0,0,0,0,1,0,0,0,0,1,0,0,1,0,0,0
7251,CN224043790U,0,0,0,0,0,0,1,1,0,0,0,0,0,0,1,0,0
7255,CN121960565A,0,0,0,0,0,0,0,0,0,1,0,0,0,1,0,0,0
7256,CN209579616U,0,0,0,0,0,0,1,0,0,0,1,0,0,0,0,0,0
7257,CN223199052U,0,0,0,0,0,0,1,0,0,0,1,0,0,0,0,0,0
7261,CN223467230U,0,0,0,0,0,0,1,1,0,0,1,0,0,0,0,0,0
7263,CN121756358A,0,0,0,1,1,0,0,0,1,0,0,0,0,0,0,0,1
7264,CN223763224U,0,0,0,0,0,0,1,0,0,0,0,1,0,0,0,1,0
7275,CN224043784U,0,0,0,0,0,0,1,0,0,0,0,1,0,0,0,0,0
7276,CN121857367A,0,0,0,0,0,0,0,0,0,0,0,0,0,1,0,0,0
7280,CN221872010U,0,0,0,0,0,0,0,1,0,0,0,1,0,0,0,0,0
7281,CN223211413U,0,1,0,0,0,0,0,0,0,0,0,0,0,0,0,0,0
7282,CN222096107U,0,0,0,0,0,0,1,1,0,0,1,0,0,0,0,0,0
7283,CN207710781U,0,0,0,0,0,0,1,1,0,0,1,0,0,0,0,0,0
7285,CN121893332A,0,0,0,1,0,0,0,0,0,0,0,0,0,0,1,0,1
7296,CN207710822U,0,0,0,0,0,0,1,1,0,0,0,1,0,0,0,0,0
7307,CN221820141U,0,0,0,0,0,0,1,0,0,0,1,0,0,0,0,0,0
7308,CN223685459U,0,0,0,0,0,0,1,0,0,0,0,0,0,0,0,0,0
7318,CN206170138U,0,0,0,1,0,0,0,0,0,0,0,0,1,0,0,0,1
7319,CN223326388U,0,0,0,0,1,0,0,0,1,0,0,0,1,0,0,0,0
7321,CN223223432U,1,0,0,0,0,0,1,0,0,0,0,0,0,0,0,1,0
7322,CN215618183U,0,0,0,0,0,0,1,1,0,0,1,1,0,0,1,0,0
7325,CN121916275A,0,0,0,0,0,0,1,0,0,0,0,0,0,0,0,1,0
7326,CN121912430A,0,0,0,0,0,0,1,1,0,0,0,0,0,0,0,1,0
7329,CN121912437A,0,0,0,0,0,0,0,0,0,0,0,0,1,0,0,0,0
7334,CN121956659A,0,0,0,0,0,0,0,0,0,0,0,0,0,1,0,0,0
7340,CN121902025A,0,0,1,0,0,0,0,0,0,0,1,0,0,1,0,0,0
7344,CN223000617U,1,0,0,0,0,0,1,1,0,0,1,0,0,0,0,0,0
7350,CN121989296A,0,0,0,0,0,0,0,0,0,0,0,0,1,0,0,0,0
7353,CN220807466U,0,0,0,0,0,0,0,1,0,0,0,0,0,0,0,0,0
7356,CN121962722A,0,0,1,0,1,0,0,0,1,0,0,0,0,0,0,0,0
7358,CN207087881U,0,0,0,1,0,0,0,1,0,0,0,0,0,0,0,0,1
7362,CN121855534A,0,0,0,0,0,1,0,0,0,0,0,0,0,0,0,0,0
7363,CN121995943A,0,0,1,1,0,1,0,1,0,0,1,0,0,0,0,0,1
7364,CN222244794U,0,0,0,0,0,0,1,1,0,0,0,0,0,0,0,0,0
7366,CN222794407U,0,0,0,0,0,0,0,1,0,0,0,0,0,0,0,0,0
7367,CN207474854U,0,0,0,0,0,0,0,0,0,0,0,0,0,1,0,0,0
7369,CN121777135A,0,0,0,0,0,0,1,1,0,0,0,0,0,0,0,1,0
7375,CN121798655A,0,0,0,0,1,0,0,1,0,0,0,0,0,0,1,0,0
7379,CN207789002U,0,0,0,0,0,0,1,1,0,0,1,0,0,0,0,0,0
7385,CN224196831U,0,0,0,0,0,0,1,1,0,0,0,1,0,0,0,0,0
7389,CN222290165U,0,0,0,0,0,0,1,1,0,0,0,0,0,0,0,1,0
7392,CN222755461U,0,0,0,1,1,0,0,1,0,0,0,1,1,0,1,0,1
7408,CN121972950A,1,0,0,0,0,0,0,1,0,0,0,1,0,0,1,0,0
7420,CN222792108U,0,0,0,0,0,0,1,0,0,0,0,1,0,0,0,0,0
7423,CN222712190U,0,1,0,0,0,0,1,0,0,0,0,0,0,0,0,0,0
7429,CN121776725A,1,0,0,0,1,0,0,0,0,0,0,1,0,0,1,0,0
7436,CN223211418U,0,0,0,0,0,0,1,1,0,0,0,0,1,0,0,0,0
7438,CN121989197A,0,0,0,1,0,1,0,0,0,1,0,1,0,0,1,0,1
7443,CN211565912U,0,0,0,0,0,0,1,1,0,0,1,0,0,0,0,0,0
7447,CN223949244U,0,0,0,0,0,0,0,0,0,0,1,0,0,0,0,0,0
7451,CN121848373A,1,0,1,0,0,0,0,1,0,0,0,0,0,1,0,0,0
7456,CN220145956U,0,0,0,1,0,0,0,1,0,0,0,0,0,0,0,0,1
7458,CN214025742U,0,0,0,1,1,0,0,0,1,0,0,0,1,0,0,0,1
7466,CN206321793U,0,0,1,0,0,0,0,1,1,0,0,0,1,0,0,0,0
7474,CN121965004A,0,0,0,0,0,0,0,0,0,0,0,0,0,0,0,0,0
7490,CN214081466U,0,1,0,0,0,0,0,1,0,0,0,0,0,0,0,0,0
7493,CN121857447A,0,0,1,1,1,0,0,0,0,0,0,0,0,1,0,0,1
7499,CN222768445U,1,0,0,0,0,0,1,1,0,0,0,0,0,0,0,1,0
7509,CN223849253U,0,0,0,0,0,0,1,1,0,0,0,1,0,0,0,0,0
7514,CN1313251C,0,0,0,0,0,0,0,0,0,0,1,0,0,1,0,0,0
7530,CN121973170A,1,0,0,0,0,0,1,1,0,0,0,1,0,1,0,0,0
7532,CN121962883A,0,0,1,0,1,0,0,0,0,0,0,0,0,0,0,0,0
7538,CN1830635A,1,0,0,0,0,0,1,0,0,0,0,0,0,1,0,0,0
7541,CN223947923U,0,0,0,0,0,0,1,0,0,0,0,0,0,0,0,0,0
7547,CN209149669U,0,0,0,0,0,0,0,0,0,0,0,0,0,0,0,0,0
7552,CN121973232A,0,0,0,0,0,0,0,0,0,0,0,0,0,1,0,0,0
7560,CN121809538A,0,0,1,0,0,0,0,0,0,0,0,0,0,1,0,0,0
7569,CN218896765U,0,0,0,0,0,0,0,0,0,0,0,0,0,0,0,0,0
7572,CN121893221A,0,0,0,0,0,0,1,1,0,0,0,1,0,0,0,0,0
7588,CN223013182U,0,0,0,0,1,0,1,1,1,0,0,0,1,0,0,0,0
7595,CN121918405A,1,0,1,0,1,1,0,0,0,0,0,0,0,1,0,0,0
7601,CN121798643A,0,0,0,0,1,1,0,0,0,0,0,1,0,0,1,0,0
7603,CN206473785U,1,0,0,1,0,0,0,0,0,0,0,1,0,0,0,0,1
7609,CN224129832U,0,0,0,0,1,0,0,0,0,0,0,1,0,0,1,0,0
7610,CN223617717U,0,0,0,0,0,0,0,0,0,0,0,1,1,1,0,0,0
7612,CN206795850U,0,0,1,1,1,0,0,1,0,0,0,0,0,1,0,0,1
7613,CN219854644U,0,0,0,0,0,0,1,1,0,0,1,0,0,0,0,0,0
7616,CN121977015A,0,0,0,0,0,0,1,0,0,0,0,0,0,0,0,1,0
7620,CN223934846U,1,0,0,0,0,0,1,0,0,0,1,0,0,0,0,0,0
7637,CN223029744U,0,0,0,0,0,0,1,1,0,0,0,0,0,0,0,1,0
7647,CN221820138U,0,0,0,0,0,0,1,0,0,0,1,0,0,0,0,0,0
7659,CN222755459U,0,0,1,0,0,0,1,0,0,0,0,0,1,0,0,0,0
7671,CN224082202U,0,0,0,0,0,0,0,0,0,0,0,0,0,0,0,0,0
7679,CN209579623U,0,1,1,0,0,1,1,1,0,0,1,0,0,0,0,0,0
7706,CN121979255A,1,0,0,0,0,0,0,0,0,0,1,0,0,1,0,1,0
7707,CN205438576U,0,0,0,0,0,0,0,0,0,0,1,0,0,0,0,0,0
7713,CN121879233A,0,0,1,0,0,1,0,0,0,0,1,0,0,1,0,0,0
7720,CN223071421U,0,0,0,0,0,0,1,0,0,0,0,1,0,0,0,0,0
7724,CN121960563A,1,0,1,0,1,1,0,0,0,0,0,0,0,1,0,0,0
7725,CN223617773U,0,0,1,1,1,0,1,0,1,0,0,0,1,1,0,0,1
7726,CN211940957U,0,0,0,0,0,0,1,1,0,0,1,1,0,0,0,0,0
7729,CN121957481A,0,0,0,0,0,0,0,0,0,0,0,0,0,1,0,0,0
7741,CN210233038U,0,0,0,0,0,0,1,1,0,0,0,1,1,0,1,0,0
7744,CN206060602U,0,0,0,0,0,0,0,1,0,0,0,0,0,0,0,0,0
7757,CN121946508A,1,0,0,0,0,0,0,1,0,0,0,0,0,1,0,0,0
7770,CN223700883U,0,0,0,0,0,0,1,0,0,0,0,1,0,0,0,0,0
7775,CN220864057U,0,0,0,0,0,0,1,0,0,0,0,1,0,0,0,0,0
7779,CN121879126A,0,0,1,0,0,1,0,0,0,0,0,0,0,1,0,0,0
7787,CN121821463A,0,0,0,0,0,0,1,1,0,0,0,1,0,0,0,0,0
7788,CN121989238A,1,0,0,1,0,0,0,0,0,0,0,0,0,1,0,0,1
7790,CN207682394U,0,0,0,0,0,0,1,1,0,0,0,0,0,0,0,0,0
7793,CN223507217U,0,0,0,0,0,0,1,1,0,0,0,0,0,0,0,0,0
7800,CN223644869U,0,0,0,0,0,0,1,1,0,0,1,0,0,0,0,0,0
7806,CN223885061U,0,0,0,0,0,0,1,1,0,0,1,0,0,0,0,0,0
7810,CN222644606U,0,0,0,0,0,0,1,1,0,0,0,1,0,0,0,0,0
7815,CN220972445U,0,0,0,0,0,0,1,0,0,0,0,0,0,1,0,0,0
7818,CN220864049U,0,0,0,0,0,0,1,1,0,0,0,0,0,0,0,0,0
7820,CN223631676U,0,0,0,0,0,0,1,1,0,0,1,0,0,0,0,0,0
7821,CN223763272U,0,0,0,1,1,0,0,0,1,0,0,0,1,0,0,0,1
7827,CN223631675U,0,0,0,0,0,0,1,1,0,0,1,0,0,0,0,0,0
7836,CN223657050U,1,0,0,0,0,0,1,1,0,0,0,0,0,0,0,0,0
7841,CN223354274U,0,1,0,1,0,0,0,0,0,0,0,0,0,0,0,0,1
7850,CN223266893U,0,0,0,0,0,0,1,0,0,0,1,0,0,0,0,1,0
7862,CN223348481U,0,0,0,0,0,0,1,1,0,0,0,0,0,0,0,0,0
